,country,month,year,metric_type_x,study_id,customer_id,metric_type_y
0,AR,4,2018,Ad Recall,1,1.0,3
1,AR,4,2018,Consideration,1,0.0,3
2,AR,4,2018,Purchase Intent,1,0.0,3
3,AR,6,2018,Brand Awareness,1,1.0,2
4,AR,6,2018,Purchase Intent,1,0.0,2
5,AR,10,2018,Ad Recall,2,2.0,3
6,AR,10,2018,Brand Awareness,2,2.0,3
7,AR,10,2018,Purchase Intent,2,0.0,3
8,AU,1,2018,Brand Awareness,1,1.0,2
9,AU,1,2018,Consideration,1,1.0,2
10,AU,1,2019,Brand Awareness,1,1.0,2
11,AU,1,2019,Consideration,1,1.0,2
12,AU,2,2018,Brand Awareness,1,1.0,3
13,AU,2,2018,Consideration,1,1.0,3
14,AU,2,2018,Purchase Intent,1,0.0,3
15,AU,2,2019,Ad Recall,1,1.0,3
16,AU,2,2019,Brand Awareness,1,1.0,3
17,AU,2,2019,Purchase Intent,1,1.0,3
18,AU,3,2018,Brand Awareness,12,7.0,3
19,AU,3,2018,Consideration,12,5.0,3
20,AU,3,2018,Purchase Intent,1,0.0,3
21,AU,3,2019,Brand Awareness,2,2.0,3
22,AU,3,2019,Consideration,2,1.0,3
23,AU,3,2019,Favorability,2,1.0,3
24,AU,4,2018,Brand Awareness,13,11.0,3
25,AU,4,2018,Consideration,12,8.0,3
26,AU,4,2018,Purchase Intent,1,0.0,3
27,AU,4,2019,Ad Recall,1,1.0,2
28,AU,4,2019,Brand Awareness,1,1.0,2
29,AU,5,2018,Purchase Intent,1,1.0,1
30,AU,6,2018,Ad Recall,3,2.0,4
31,AU,6,2018,Brand Awareness,2,1.0,4
32,AU,6,2018,Consideration,2,1.0,4
33,AU,6,2018,Purchase Intent,3,0.0,4
34,AU,7,2018,Brand Awareness,3,3.0,2
35,AU,7,2018,Consideration,3,2.0,2
36,AU,9,2018,Brand Awareness,1,1.0,2
37,AU,9,2018,Consideration,1,1.0,2
38,AU,11,2018,Ad Recall,1,1.0,2
39,AU,11,2018,Brand Awareness,1,1.0,2
40,AU,12,2018,Brand Awareness,6,3.0,2
41,AU,12,2018,Consideration,6,2.0,2
42,"AU,NZ",7,2018,Brand Awareness,2,1.0,2
43,"AU,NZ",7,2018,Consideration,2,0.0,2
44,"AU,NZ",8,2018,Brand Awareness,2,1.0,2
45,"AU,NZ",8,2018,Consideration,2,0.0,2
46,BE,1,2019,Brand Awareness,1,1.0,2
47,BE,1,2019,Consideration,1,0.0,2
48,BE,4,2019,Ad Recall,1,1.0,1
49,BE,5,2018,Ad Recall,1,0.0,3
50,BE,5,2018,Brand Awareness,1,1.0,3
51,BE,5,2018,Favorability,2,0.0,3
52,BE,12,2018,Brand Awareness,4,3.0,2
53,BE,12,2018,Consideration,4,3.0,2
54,"BE,DE,DK,ES,FR,IT,NL,PL,SE",9,2018,Ad Recall,2,2.0,2
55,"BE,DE,DK,ES,FR,IT,NL,PL,SE",9,2018,Favorability,2,0.0,2
56,BR,1,2018,Ad Recall,2,2.0,2
57,BR,1,2018,Consideration,2,0.0,2
58,BR,1,2019,Ad Recall,1,1.0,3
59,BR,1,2019,Brand Awareness,1,0.0,3
60,BR,1,2019,Purchase Intent,1,0.0,3
61,BR,2,2019,Ad Recall,1,0.0,2
62,BR,2,2019,Brand Awareness,1,1.0,2
63,BR,3,2018,Ad Recall,1,1.0,2
64,BR,3,2018,Consideration,1,1.0,2
65,BR,3,2019,Ad Recall,1,0.0,3
66,BR,3,2019,Brand Awareness,1,0.0,3
67,BR,3,2019,Consideration,1,0.0,3
68,BR,4,2018,Ad Recall,3,2.0,4
69,BR,4,2018,Brand Awareness,3,1.0,4
70,BR,4,2018,Consideration,3,1.0,4
71,BR,4,2018,Favorability,1,0.0,4
72,BR,5,2018,Ad Recall,1,1.0,4
73,BR,5,2018,Consideration,1,0.0,4
74,BR,5,2018,Favorability,1,0.0,4
75,BR,5,2018,Purchase Intent,1,0.0,4
76,BR,5,2019,Ad Recall,4,2.0,3
77,BR,5,2019,Brand Awareness,4,0.0,3
78,BR,5,2019,Purchase Intent,2,0.0,3
79,BR,6,2018,Ad Recall,3,3.0,3
80,BR,6,2018,Brand Awareness,4,2.0,3
81,BR,6,2018,Purchase Intent,4,2.0,3
82,BR,6,2019,Ad Recall,1,1.0,3
83,BR,6,2019,Brand Awareness,1,0.0,3
84,BR,6,2019,Purchase Intent,1,1.0,3
85,BR,7,2019,Ad Recall,3,3.0,3
86,BR,7,2019,Brand Awareness,3,1.0,3
87,BR,7,2019,Consideration,1,1.0,3
88,BR,8,2018,Ad Recall,1,0.0,3
89,BR,8,2018,Brand Awareness,1,0.0,3
90,BR,8,2018,Purchase Intent,1,0.0,3
91,BR,8,2019,Ad Recall,1,1.0,2
92,BR,8,2019,Brand Awareness,1,1.0,2
93,BR,9,2018,Ad Recall,4,4.0,3
94,BR,9,2018,Brand Awareness,4,1.0,3
95,BR,9,2018,Consideration,3,0.0,3
96,BR,10,2018,Ad Recall,1,0.0,2
97,BR,10,2018,Brand Awareness,1,0.0,2
98,BR,11,2018,Ad Recall,1,1.0,3
99,BR,11,2018,Brand Awareness,1,1.0,3
100,BR,11,2018,Purchase Intent,1,0.0,3
101,BR,12,2018,Ad Recall,3,3.0,3
102,BR,12,2018,Brand Awareness,2,2.0,3
103,BR,12,2018,Consideration,2,1.0,3
104,"BR,US",8,2018,Ad Recall,1,1.0,3
105,"BR,US",8,2018,Brand Awareness,1,0.0,3
106,"BR,US",8,2018,Purchase Intent,1,1.0,3
107,CA,1,2018,Brand Awareness,2,1.0,2
108,CA,1,2018,Consideration,2,1.0,2
109,CA,2,2018,Brand Awareness,1,1.0,2
110,CA,2,2018,Consideration,2,1.0,2
111,CA,2,2019,Ad Recall,4,4.0,3
112,CA,2,2019,Brand Awareness,4,3.0,3
113,CA,2,2019,Consideration,4,2.0,3
114,CA,3,2018,Ad Recall,3,2.0,5
115,CA,3,2018,Brand Awareness,3,3.0,5
116,CA,3,2018,Consideration,2,1.0,5
117,CA,3,2018,Favorability,3,0.0,5
118,CA,3,2018,Purchase Intent,1,0.0,5
119,CA,3,2019,Ad Recall,2,2.0,3
120,CA,3,2019,Brand Awareness,2,2.0,3
121,CA,3,2019,Consideration,2,2.0,3
122,CA,4,2018,Brand Awareness,2,2.0,2
123,CA,4,2018,Consideration,2,2.0,2
124,CA,5,2018,Brand Awareness,4,2.0,4
125,CA,5,2018,Consideration,4,3.0,4
126,CA,5,2018,Favorability,2,1.0,4
127,CA,5,2018,Purchase Intent,1,0.0,4
128,CA,5,2019,Consideration,1,1.0,2
129,CA,5,2019,Purchase Intent,1,1.0,2
130,CA,6,2018,Brand Awareness,17,15.0,4
131,CA,6,2018,Consideration,17,12.0,4
132,CA,6,2018,Favorability,5,4.0,4
133,CA,6,2018,Purchase Intent,15,2.0,4
134,CA,6,2019,Ad Recall,1,1.0,5
135,CA,6,2019,Brand Awareness,2,2.0,5
136,CA,6,2019,Consideration,2,2.0,5
137,CA,6,2019,Favorability,1,1.0,5
138,CA,6,2019,Purchase Intent,2,0.0,5
139,CA,7,2019,Brand Awareness,1,1.0,3
140,CA,7,2019,Consideration,1,0.0,3
141,CA,7,2019,Purchase Intent,1,0.0,3
142,CA,8,2018,Brand Awareness,2,0.0,3
143,CA,8,2018,Consideration,10,5.0,3
144,CA,8,2018,Purchase Intent,9,3.0,3
145,CA,9,2018,Ad Recall,1,1.0,4
146,CA,9,2018,Brand Awareness,1,1.0,4
147,CA,9,2018,Consideration,1,0.0,4
148,CA,9,2018,Purchase Intent,2,1.0,4
149,CA,10,2018,Brand Awareness,2,2.0,3
150,CA,10,2018,Consideration,2,2.0,3
151,CA,10,2018,Purchase Intent,2,2.0,3
152,CA,11,2018,Brand Awareness,1,1.0,3
153,CA,11,2018,Consideration,3,1.0,3
154,CA,11,2018,Purchase Intent,3,0.0,3
155,CA,12,2018,Brand Awareness,2,2.0,3
156,CA,12,2018,Consideration,8,3.0,3
157,CA,12,2018,Purchase Intent,8,4.0,3
158,"CA,GB,IE,US",3,2019,Ad Recall,2,2.0,3
159,"CA,GB,IE,US",3,2019,Brand Awareness,2,2.0,3
160,"CA,GB,IE,US",3,2019,Consideration,2,0.0,3
161,"CA,US",1,2019,Ad Recall,3,0.0,5
162,"CA,US",1,2019,Brand Awareness,3,1.0,5
163,"CA,US",1,2019,Consideration,3,0.0,5
164,"CA,US",1,2019,Favorability,3,0.0,5
165,"CA,US",1,2019,Purchase Intent,3,0.0,5
166,"CA,US",2,2018,Ad Recall,4,4.0,3
167,"CA,US",2,2018,Brand Awareness,4,2.0,3
168,"CA,US",2,2018,Consideration,4,1.0,3
169,"CA,US",2,2019,Ad Recall,1,0.0,5
170,"CA,US",2,2019,Brand Awareness,1,0.0,5
171,"CA,US",2,2019,Consideration,1,0.0,5
172,"CA,US",2,2019,Favorability,1,0.0,5
173,"CA,US",2,2019,Purchase Intent,1,0.0,5
174,"CA,US",5,2018,Ad Recall,2,1.0,2
175,"CA,US",5,2018,Consideration,2,1.0,2
176,"CA,US",5,2019,Consideration,1,0.0,3
177,"CA,US",5,2019,Favorability,1,0.0,3
178,"CA,US",5,2019,Purchase Intent,1,0.0,3
179,"CA,US",6,2018,Favorability,2,0.0,1
180,"CA,US",8,2018,Ad Recall,2,0.0,3
181,"CA,US",8,2018,Brand Awareness,1,0.0,3
182,"CA,US",8,2018,Consideration,1,0.0,3
183,"CA,US",9,2018,Ad Recall,1,0.0,3
184,"CA,US",9,2018,Brand Awareness,1,0.0,3
185,"CA,US",9,2018,Consideration,1,0.0,3
186,CH,3,2018,Brand Awareness,1,1.0,3
187,CH,3,2018,Consideration,1,0.0,3
188,CH,3,2018,Favorability,1,1.0,3
189,CH,4,2019,Brand Awareness,1,1.0,2
190,CH,4,2019,Consideration,1,1.0,2
191,CO,12,2018,Ad Recall,1,1.0,5
192,CO,12,2018,Brand Awareness,1,1.0,5
193,CO,12,2018,Consideration,1,1.0,5
194,CO,12,2018,Favorability,1,1.0,5
195,CO,12,2018,Purchase Intent,1,1.0,5
196,DE,1,2018,Ad Recall,1,1.0,4
197,DE,1,2018,Brand Awareness,3,2.0,4
198,DE,1,2018,Consideration,2,2.0,4
199,DE,1,2018,Favorability,1,0.0,4
200,DE,1,2019,Brand Awareness,2,1.0,3
201,DE,1,2019,Consideration,2,1.0,3
202,DE,1,2019,Favorability,1,0.0,3
203,DE,2,2018,Brand Awareness,2,0.0,3
204,DE,2,2018,Consideration,2,1.0,3
205,DE,2,2018,Purchase Intent,2,0.0,3
206,DE,2,2019,Brand Awareness,3,1.0,3
207,DE,2,2019,Consideration,1,1.0,3
208,DE,2,2019,Favorability,3,0.0,3
209,DE,3,2019,Brand Awareness,8,2.0,3
210,DE,3,2019,Consideration,2,1.0,3
211,DE,3,2019,Favorability,6,1.0,3
212,DE,5,2018,Brand Awareness,2,2.0,2
213,DE,5,2018,Consideration,2,1.0,2
214,DE,6,2018,Ad Recall,3,0.0,4
215,DE,6,2018,Brand Awareness,8,4.0,4
216,DE,6,2018,Consideration,4,0.0,4
217,DE,6,2018,Purchase Intent,1,1.0,4
218,DE,7,2018,Ad Recall,2,0.0,2
219,DE,7,2018,Brand Awareness,2,2.0,2
220,DE,7,2019,Ad Recall,6,6.0,1
221,DE,10,2018,Ad Recall,1,1.0,4
222,DE,10,2018,Brand Awareness,3,1.0,4
223,DE,10,2018,Consideration,4,3.0,4
224,DE,10,2018,Purchase Intent,1,1.0,4
225,DE,11,2018,Brand Awareness,1,1.0,2
226,DE,11,2018,Consideration,1,1.0,2
227,DE,12,2018,Favorability,6,0.0,1
228,DK,4,2018,Ad Recall,1,1.0,4
229,DK,4,2018,Brand Awareness,1,1.0,4
230,DK,4,2018,Consideration,1,1.0,4
231,DK,4,2018,Favorability,1,0.0,4
232,DK,5,2018,Ad Recall,1,1.0,2
233,DK,5,2018,Favorability,1,0.0,2
234,"DK,FI,NO,SE",12,2018,Brand Awareness,1,1.0,2
235,"DK,FI,NO,SE",12,2018,Consideration,1,1.0,2
236,EG,3,2019,Consideration,1,0.0,2
237,EG,3,2019,Purchase Intent,1,1.0,2
238,EG,6,2018,Consideration,2,0.0,2
239,EG,6,2018,Favorability,2,0.0,2
240,EG,7,2019,Consideration,2,0.0,2
241,EG,7,2019,Purchase Intent,2,1.0,2
242,ES,1,2019,Brand Awareness,1,0.0,2
243,ES,1,2019,Consideration,1,0.0,2
244,ES,3,2018,Consideration,1,0.0,2
245,ES,3,2018,Favorability,1,1.0,2
246,ES,4,2018,Ad Recall,2,0.0,2
247,ES,4,2018,Favorability,2,0.0,2
248,ES,5,2018,Brand Awareness,1,1.0,2
249,ES,5,2018,Purchase Intent,1,0.0,2
250,FR,1,2019,Ad Recall,1,1.0,5
251,FR,1,2019,Brand Awareness,2,0.0,5
252,FR,1,2019,Consideration,1,0.0,5
253,FR,1,2019,Favorability,1,0.0,5
254,FR,1,2019,Purchase Intent,1,0.0,5
255,FR,3,2019,Brand Awareness,2,2.0,2
256,FR,3,2019,Consideration,2,1.0,2
257,FR,4,2018,Brand Awareness,3,3.0,3
258,FR,4,2018,Consideration,3,3.0,3
259,FR,4,2018,Purchase Intent,3,3.0,3
260,FR,6,2018,Ad Recall,3,0.0,2
261,FR,6,2018,Brand Awareness,3,1.0,2
262,FR,6,2019,Ad Recall,1,1.0,5
263,FR,6,2019,Brand Awareness,1,1.0,5
264,FR,6,2019,Consideration,1,1.0,5
265,FR,6,2019,Favorability,1,0.0,5
266,FR,6,2019,Purchase Intent,1,1.0,5
267,FR,7,2018,Ad Recall,1,0.0,4
268,FR,7,2018,Brand Awareness,1,0.0,4
269,FR,7,2018,Favorability,1,0.0,4
270,FR,7,2018,Purchase Intent,1,0.0,4
271,FR,8,2018,Brand Awareness,1,1.0,2
272,FR,8,2018,Consideration,1,1.0,2
273,FR,10,2018,Brand Awareness,5,4.0,4
274,FR,10,2018,Consideration,3,0.0,4
275,FR,10,2018,Favorability,5,2.0,4
276,FR,10,2018,Purchase Intent,4,1.0,4
277,FR,11,2018,Brand Awareness,4,3.0,4
278,FR,11,2018,Consideration,4,4.0,4
279,FR,11,2018,Favorability,1,0.0,4
280,FR,11,2018,Purchase Intent,1,0.0,4
281,FR,12,2018,Ad Recall,2,2.0,3
282,FR,12,2018,Brand Awareness,7,3.0,3
283,FR,12,2018,Consideration,5,2.0,3
284,GB,1,2018,Brand Awareness,4,4.0,2
285,GB,1,2018,Consideration,4,4.0,2
286,GB,1,2019,Brand Awareness,6,5.0,3
287,GB,1,2019,Consideration,5,2.0,3
288,GB,1,2019,Purchase Intent,1,1.0,3
289,GB,2,2018,Brand Awareness,4,4.0,4
290,GB,2,2018,Consideration,3,0.0,4
291,GB,2,2018,Favorability,1,1.0,4
292,GB,2,2018,Purchase Intent,3,1.0,4
293,GB,2,2019,Ad Recall,1,1.0,4
294,GB,2,2019,Brand Awareness,2,2.0,4
295,GB,2,2019,Consideration,2,1.0,4
296,GB,2,2019,Purchase Intent,2,1.0,4
297,GB,3,2018,Brand Awareness,8,5.0,3
298,GB,3,2018,Consideration,8,5.0,3
299,GB,3,2018,Purchase Intent,3,3.0,3
300,GB,4,2018,Brand Awareness,7,5.0,3
301,GB,4,2018,Consideration,6,3.0,3
302,GB,4,2018,Purchase Intent,3,2.0,3
303,GB,5,2018,Ad Recall,1,0.0,5
304,GB,5,2018,Brand Awareness,6,6.0,5
305,GB,5,2018,Consideration,8,7.0,5
306,GB,5,2018,Favorability,8,7.0,5
307,GB,5,2018,Purchase Intent,2,1.0,5
308,GB,5,2019,Ad Recall,3,1.0,5
309,GB,5,2019,Brand Awareness,1,0.0,5
310,GB,5,2019,Consideration,1,1.0,5
311,GB,5,2019,Favorability,1,0.0,5
312,GB,5,2019,Purchase Intent,1,0.0,5
313,GB,6,2018,Ad Recall,2,0.0,5
314,GB,6,2018,Brand Awareness,7,6.0,5
315,GB,6,2018,Consideration,8,2.0,5
316,GB,6,2018,Favorability,4,2.0,5
317,GB,6,2018,Purchase Intent,3,3.0,5
318,GB,6,2019,Consideration,3,1.0,1
319,GB,7,2018,Ad Recall,1,0.0,4
320,GB,7,2018,Brand Awareness,7,1.0,4
321,GB,7,2018,Consideration,5,2.0,4
322,GB,7,2018,Purchase Intent,1,1.0,4
323,GB,7,2019,Ad Recall,2,1.0,1
324,GB,8,2018,Brand Awareness,5,3.0,3
325,GB,8,2018,Consideration,3,1.0,3
326,GB,8,2018,Purchase Intent,2,2.0,3
327,GB,8,2019,Ad Recall,3,1.0,1
328,GB,9,2018,Favorability,2,0.0,2
329,GB,9,2018,Purchase Intent,2,0.0,2
330,GB,10,2018,Brand Awareness,5,3.0,4
331,GB,10,2018,Consideration,4,2.0,4
332,GB,10,2018,Favorability,2,1.0,4
333,GB,10,2018,Purchase Intent,2,0.0,4
334,GB,11,2018,Brand Awareness,5,5.0,4
335,GB,11,2018,Consideration,5,3.0,4
336,GB,11,2018,Favorability,1,1.0,4
337,GB,11,2018,Purchase Intent,3,2.0,4
338,GB,12,2018,Ad Recall,1,1.0,5
339,GB,12,2018,Brand Awareness,6,5.0,5
340,GB,12,2018,Consideration,3,2.0,5
341,GB,12,2018,Favorability,7,0.0,5
342,GB,12,2018,Purchase Intent,5,1.0,5
343,"GB,JP,KR,US",7,2018,Brand Awareness,1,0.0,2
344,"GB,JP,KR,US",7,2018,Favorability,1,0.0,2
345,"GB,US",1,2019,Ad Recall,1,1.0,2
346,"GB,US",1,2019,Consideration,1,0.0,2
347,"GB,US",2,2019,Ad Recall,3,1.0,2
348,"GB,US",2,2019,Consideration,3,2.0,2
349,"GB,US",5,2019,Ad Recall,1,0.0,1
350,HK,2,2019,Ad Recall,1,1.0,3
351,HK,2,2019,Brand Awareness,1,1.0,3
352,HK,2,2019,Purchase Intent,1,1.0,3
353,ID,2,2018,Brand Awareness,3,2.0,2
354,ID,2,2018,Purchase Intent,3,1.0,2
355,ID,4,2018,Ad Recall,3,3.0,2
356,ID,4,2018,Purchase Intent,3,2.0,2
357,ID,5,2018,Ad Recall,3,3.0,3
358,ID,5,2018,Brand Awareness,4,2.0,3
359,ID,5,2018,Purchase Intent,7,4.0,3
360,ID,5,2019,Ad Recall,10,7.0,3
361,ID,5,2019,Brand Awareness,10,8.0,3
362,ID,5,2019,Purchase Intent,10,2.0,3
363,ID,6,2018,Ad Recall,4,2.0,3
364,ID,6,2018,Consideration,1,1.0,3
365,ID,6,2018,Purchase Intent,3,1.0,3
366,ID,8,2018,Ad Recall,1,1.0,3
367,ID,8,2018,Brand Awareness,1,1.0,3
368,ID,8,2018,Purchase Intent,1,0.0,3
369,ID,10,2018,Ad Recall,3,2.0,4
370,ID,10,2018,Brand Awareness,3,0.0,4
371,ID,10,2018,Consideration,2,1.0,4
372,ID,10,2018,Purchase Intent,5,1.0,4
373,ID,11,2018,Consideration,1,0.0,2
374,ID,11,2018,Purchase Intent,1,0.0,2
375,ID,12,2018,Ad Recall,8,5.0,4
376,ID,12,2018,Brand Awareness,9,5.0,4
377,ID,12,2018,Consideration,3,0.0,4
378,ID,12,2018,Purchase Intent,6,0.0,4
379,IL,1,2018,Brand Awareness,1,1.0,2
380,IL,1,2018,Favorability,1,1.0,2
381,IL,8,2018,Ad Recall,1,1.0,3
382,IL,8,2018,Brand Awareness,1,1.0,3
383,IL,8,2018,Purchase Intent,1,1.0,3
384,IL,12,2018,Brand Awareness,1,1.0,2
385,IL,12,2018,Consideration,1,1.0,2
386,IN,1,2018,Ad Recall,4,4.0,3
387,IN,1,2018,Brand Awareness,6,4.0,3
388,IN,1,2018,Consideration,6,1.0,3
389,IN,2,2018,Ad Recall,2,1.0,4
390,IN,2,2018,Brand Awareness,3,1.0,4
391,IN,2,2018,Favorability,2,0.0,4
392,IN,2,2018,Purchase Intent,1,0.0,4
393,IN,2,2019,Ad Recall,4,2.0,4
394,IN,2,2019,Brand Awareness,4,1.0,4
395,IN,2,2019,Consideration,4,0.0,4
396,IN,2,2019,Favorability,3,1.0,4
397,IN,3,2018,Brand Awareness,1,1.0,2
398,IN,3,2018,Purchase Intent,1,0.0,2
399,IN,3,2019,Ad Recall,13,6.0,5
400,IN,3,2019,Brand Awareness,13,3.0,5
401,IN,3,2019,Consideration,12,3.0,5
402,IN,3,2019,Favorability,10,2.0,5
403,IN,3,2019,Purchase Intent,9,0.0,5
404,IN,4,2018,Ad Recall,1,0.0,2
405,IN,4,2018,Brand Awareness,1,0.0,2
406,IN,4,2019,Ad Recall,10,10.0,5
407,IN,4,2019,Brand Awareness,12,9.0,5
408,IN,4,2019,Consideration,10,5.0,5
409,IN,4,2019,Favorability,1,0.0,5
410,IN,4,2019,Purchase Intent,3,0.0,5
411,IN,5,2018,Ad Recall,5,5.0,5
412,IN,5,2018,Brand Awareness,27,10.0,5
413,IN,5,2018,Consideration,13,6.0,5
414,IN,5,2018,Favorability,16,10.0,5
415,IN,5,2018,Purchase Intent,23,6.0,5
416,IN,5,2019,Ad Recall,1,1.0,4
417,IN,5,2019,Brand Awareness,3,0.0,4
418,IN,5,2019,Consideration,3,0.0,4
419,IN,5,2019,Purchase Intent,1,0.0,4
420,IN,6,2018,Ad Recall,7,2.0,5
421,IN,6,2018,Brand Awareness,18,3.0,5
422,IN,6,2018,Consideration,9,0.0,5
423,IN,6,2018,Favorability,3,2.0,5
424,IN,6,2018,Purchase Intent,14,1.0,5
425,IN,6,2019,Ad Recall,22,14.0,5
426,IN,6,2019,Brand Awareness,9,2.0,5
427,IN,6,2019,Consideration,15,3.0,5
428,IN,6,2019,Favorability,7,1.0,5
429,IN,6,2019,Purchase Intent,22,7.0,5
430,IN,7,2018,Ad Recall,5,3.0,4
431,IN,7,2018,Brand Awareness,16,5.0,4
432,IN,7,2018,Consideration,1,0.0,4
433,IN,7,2018,Purchase Intent,15,2.0,4
434,IN,7,2019,Ad Recall,5,3.0,5
435,IN,7,2019,Brand Awareness,4,0.0,5
436,IN,7,2019,Consideration,1,0.0,5
437,IN,7,2019,Favorability,4,0.0,5
438,IN,7,2019,Purchase Intent,5,1.0,5
439,IN,8,2018,Ad Recall,4,2.0,4
440,IN,8,2018,Brand Awareness,6,3.0,4
441,IN,8,2018,Consideration,3,1.0,4
442,IN,8,2018,Purchase Intent,5,1.0,4
443,IN,9,2018,Ad Recall,19,10.0,5
444,IN,9,2018,Brand Awareness,3,1.0,5
445,IN,9,2018,Consideration,20,1.0,5
446,IN,9,2018,Favorability,17,3.0,5
447,IN,9,2018,Purchase Intent,2,1.0,5
448,IN,10,2018,Brand Awareness,14,3.0,3
449,IN,10,2018,Consideration,14,2.0,3
450,IN,10,2018,Favorability,14,3.0,3
451,IN,11,2018,Ad Recall,3,3.0,5
452,IN,11,2018,Brand Awareness,6,0.0,5
453,IN,11,2018,Consideration,4,0.0,5
454,IN,11,2018,Favorability,1,1.0,5
455,IN,11,2018,Purchase Intent,5,1.0,5
456,IN,12,2018,Ad Recall,5,2.0,5
457,IN,12,2018,Brand Awareness,17,11.0,5
458,IN,12,2018,Consideration,4,0.0,5
459,IN,12,2018,Favorability,3,2.0,5
460,IN,12,2018,Purchase Intent,11,4.0,5
461,IT,1,2019,Brand Awareness,1,0.0,2
462,IT,1,2019,Consideration,1,0.0,2
463,IT,3,2018,Consideration,1,0.0,2
464,IT,3,2018,Favorability,1,1.0,2
465,IT,4,2018,Brand Awareness,2,2.0,2
466,IT,4,2018,Purchase Intent,1,1.0,2
467,IT,6,2018,Ad Recall,2,0.0,2
468,IT,6,2018,Brand Awareness,2,1.0,2
469,IT,7,2018,Ad Recall,1,0.0,3
470,IT,7,2018,Brand Awareness,2,1.0,3
471,IT,7,2018,Purchase Intent,1,1.0,3
472,IT,10,2018,Brand Awareness,1,0.0,1
473,IT,12,2018,Brand Awareness,4,2.0,3
474,IT,12,2018,Consideration,2,0.0,3
475,IT,12,2018,Favorability,2,2.0,3
476,JP,3,2018,Brand Awareness,8,4.0,2
477,JP,3,2018,Consideration,8,4.0,2
478,JP,3,2019,Brand Awareness,3,3.0,2
479,JP,3,2019,Consideration,3,2.0,2
480,JP,4,2018,Brand Awareness,1,1.0,2
481,JP,4,2018,Consideration,1,1.0,2
482,JP,4,2019,Ad Recall,2,1.0,3
483,JP,4,2019,Brand Awareness,5,1.0,3
484,JP,4,2019,Consideration,5,1.0,3
485,JP,5,2018,Brand Awareness,3,1.0,2
486,JP,5,2018,Favorability,3,0.0,2
487,JP,5,2019,Ad Recall,2,2.0,2
488,JP,5,2019,Brand Awareness,2,0.0,2
489,JP,6,2018,Brand Awareness,7,6.0,3
490,JP,6,2018,Consideration,4,4.0,3
491,JP,6,2018,Favorability,3,0.0,3
492,JP,6,2019,Brand Awareness,2,0.0,2
493,JP,6,2019,Consideration,2,0.0,2
494,JP,7,2018,Ad Recall,1,1.0,3
495,JP,7,2018,Brand Awareness,13,5.0,3
496,JP,7,2018,Consideration,13,4.0,3
497,JP,7,2019,Consideration,1,0.0,2
498,JP,7,2019,Favorability,1,1.0,2
499,JP,8,2018,Ad Recall,1,1.0,3
500,JP,8,2018,Brand Awareness,1,1.0,3
501,JP,8,2018,Favorability,1,1.0,3
502,JP,9,2018,Consideration,5,1.0,2
503,JP,9,2018,Favorability,5,0.0,2
504,JP,10,2018,Brand Awareness,1,1.0,2
505,JP,10,2018,Consideration,1,1.0,2
506,JP,11,2018,Brand Awareness,4,4.0,3
507,JP,11,2018,Consideration,2,2.0,3
508,JP,11,2018,Favorability,2,0.0,3
509,JP,12,2018,Ad Recall,3,3.0,4
510,JP,12,2018,Brand Awareness,22,21.0,4
511,JP,12,2018,Consideration,15,4.0,4
512,JP,12,2018,Favorability,11,3.0,4
513,KR,1,2018,Brand Awareness,4,4.0,2
514,KR,1,2018,Consideration,4,4.0,2
515,KR,2,2019,Ad Recall,1,1.0,5
516,KR,2,2019,Brand Awareness,1,1.0,5
517,KR,2,2019,Consideration,1,0.0,5
518,KR,2,2019,Favorability,1,1.0,5
519,KR,2,2019,Purchase Intent,1,0.0,5
520,KR,3,2018,Brand Awareness,4,4.0,3
521,KR,3,2018,Favorability,3,3.0,3
522,KR,3,2018,Purchase Intent,1,0.0,3
523,KR,4,2018,Ad Recall,1,0.0,5
524,KR,4,2018,Brand Awareness,8,5.0,5
525,KR,4,2018,Consideration,5,2.0,5
526,KR,4,2018,Favorability,2,2.0,5
527,KR,4,2018,Purchase Intent,1,0.0,5
528,KR,5,2018,Brand Awareness,1,0.0,2
529,KR,5,2018,Consideration,1,0.0,2
530,KR,5,2019,Ad Recall,1,1.0,1
531,KR,6,2019,Brand Awareness,1,0.0,2
532,KR,6,2019,Favorability,2,0.0,2
533,KR,7,2018,Brand Awareness,1,1.0,2
534,KR,7,2018,Consideration,1,0.0,2
535,KR,7,2019,Brand Awareness,3,1.0,3
536,KR,7,2019,Consideration,3,1.0,3
537,KR,7,2019,Favorability,3,0.0,3
538,KR,8,2018,Ad Recall,1,0.0,4
539,KR,8,2018,Brand Awareness,13,9.0,4
540,KR,8,2018,Consideration,1,0.0,4
541,KR,8,2018,Favorability,12,9.0,4
542,KR,8,2019,Consideration,8,7.0,1
543,KR,9,2018,Ad Recall,1,1.0,5
544,KR,9,2018,Brand Awareness,12,6.0,5
545,KR,9,2018,Consideration,13,1.0,5
546,KR,9,2018,Favorability,14,7.0,5
547,KR,9,2018,Purchase Intent,1,0.0,5
548,KR,10,2018,Ad Recall,2,0.0,5
549,KR,10,2018,Brand Awareness,8,7.0,5
550,KR,10,2018,Consideration,2,0.0,5
551,KR,10,2018,Favorability,6,5.0,5
552,KR,10,2018,Purchase Intent,1,0.0,5
553,KR,11,2018,Ad Recall,1,1.0,3
554,KR,11,2018,Brand Awareness,2,2.0,3
555,KR,11,2018,Favorability,1,1.0,3
556,KR,12,2018,Ad Recall,1,1.0,4
557,KR,12,2018,Brand Awareness,15,14.0,4
558,KR,12,2018,Favorability,14,8.0,4
559,KR,12,2018,Purchase Intent,1,0.0,4
560,MX,4,2018,Ad Recall,1,1.0,5
561,MX,4,2018,Brand Awareness,1,0.0,5
562,MX,4,2018,Consideration,1,0.0,5
563,MX,4,2018,Favorability,1,0.0,5
564,MX,4,2018,Purchase Intent,2,1.0,5
565,MX,4,2019,Ad Recall,1,1.0,1
566,MX,5,2019,Ad Recall,1,1.0,1
567,MX,6,2018,Ad Recall,3,2.0,4
568,MX,6,2018,Brand Awareness,2,0.0,4
569,MX,6,2018,Favorability,2,1.0,4
570,MX,6,2018,Purchase Intent,1,0.0,4
571,MX,7,2019,Ad Recall,1,1.0,3
572,MX,7,2019,Brand Awareness,1,1.0,3
573,MX,7,2019,Consideration,1,0.0,3
574,MX,8,2019,Ad Recall,1,1.0,1
575,MX,10,2018,Ad Recall,3,3.0,3
576,MX,10,2018,Brand Awareness,3,3.0,3
577,MX,10,2018,Purchase Intent,3,1.0,3
578,MX,11,2018,Ad Recall,2,1.0,2
579,MX,11,2018,Brand Awareness,1,1.0,2
580,NG,2,2018,Consideration,1,0.0,2
581,NG,2,2018,Favorability,1,0.0,2
582,NG,3,2018,Consideration,1,0.0,2
583,NG,3,2018,Favorability,1,0.0,2
584,NG,4,2018,Consideration,1,0.0,2
585,NG,4,2018,Favorability,1,0.0,2
586,NL,1,2019,Brand Awareness,3,2.0,2
587,NL,1,2019,Consideration,3,2.0,2
588,NL,2,2019,Ad Recall,1,1.0,3
589,NL,2,2019,Brand Awareness,1,1.0,3
590,NL,2,2019,Purchase Intent,1,1.0,3
591,NL,3,2019,Brand Awareness,1,1.0,2
592,NL,3,2019,Consideration,1,1.0,2
593,NL,5,2018,Brand Awareness,1,1.0,2
594,NL,5,2018,Consideration,1,1.0,2
595,NL,8,2018,Brand Awareness,1,1.0,2
596,NL,8,2018,Consideration,1,1.0,2
597,NL,9,2018,Brand Awareness,2,2.0,2
598,NL,9,2018,Consideration,2,2.0,2
599,NL,10,2018,Ad Recall,2,2.0,3
600,NL,10,2018,Brand Awareness,3,3.0,3
601,NL,10,2018,Consideration,1,1.0,3
602,NL,11,2018,Brand Awareness,1,1.0,2
603,NL,11,2018,Consideration,1,1.0,2
604,NL,12,2018,Brand Awareness,2,1.0,2
605,NL,12,2018,Consideration,2,0.0,2
606,NO,4,2018,Brand Awareness,1,1.0,2
607,NO,4,2018,Consideration,1,1.0,2
608,NZ,10,2018,Favorability,1,0.0,1
609,NZ,12,2018,Favorability,2,0.0,1
610,PL,3,2018,Consideration,1,0.0,2
611,PL,3,2018,Favorability,1,1.0,2
612,"PR,US",11,2018,Brand Awareness,1,0.0,2
613,"PR,US",11,2018,Consideration,1,0.0,2
614,SA,1,2019,Consideration,1,0.0,2
615,SA,1,2019,Purchase Intent,1,0.0,2
616,SA,3,2019,Consideration,1,0.0,2
617,SA,3,2019,Purchase Intent,1,0.0,2
618,SA,12,2018,Consideration,1,0.0,2
619,SA,12,2018,Purchase Intent,1,0.0,2
620,SE,2,2019,Brand Awareness,2,2.0,2
621,SE,2,2019,Consideration,2,2.0,2
622,SE,3,2018,Brand Awareness,1,0.0,3
623,SE,3,2018,Consideration,1,0.0,3
624,SE,3,2018,Favorability,1,0.0,3
625,SE,4,2018,Brand Awareness,1,1.0,2
626,SE,4,2018,Consideration,1,1.0,2
627,SE,8,2018,Brand Awareness,1,1.0,2
628,SE,8,2018,Consideration,1,1.0,2
629,TH,2,2018,Brand Awareness,4,4.0,2
630,TH,2,2018,Purchase Intent,4,4.0,2
631,TH,2,2019,Ad Recall,8,8.0,3
632,TH,2,2019,Brand Awareness,8,7.0,3
633,TH,2,2019,Purchase Intent,8,4.0,3
634,TH,3,2018,Brand Awareness,1,1.0,2
635,TH,3,2018,Purchase Intent,1,0.0,2
636,TH,3,2019,Ad Recall,19,19.0,4
637,TH,3,2019,Brand Awareness,19,19.0,4
638,TH,3,2019,Favorability,1,1.0,4
639,TH,3,2019,Purchase Intent,19,16.0,4
640,TH,5,2019,Ad Recall,1,1.0,3
641,TH,5,2019,Brand Awareness,1,1.0,3
642,TH,5,2019,Consideration,1,0.0,3
643,TH,6,2018,Ad Recall,4,3.0,4
644,TH,6,2018,Brand Awareness,5,5.0,4
645,TH,6,2018,Consideration,1,1.0,4
646,TH,6,2018,Purchase Intent,5,3.0,4
647,TH,6,2019,Ad Recall,14,14.0,3
648,TH,6,2019,Brand Awareness,14,14.0,3
649,TH,6,2019,Purchase Intent,14,11.0,3
650,TH,7,2018,Ad Recall,3,1.0,3
651,TH,7,2018,Brand Awareness,3,0.0,3
652,TH,7,2018,Purchase Intent,3,0.0,3
653,TH,7,2019,Ad Recall,10,10.0,3
654,TH,7,2019,Brand Awareness,10,10.0,3
655,TH,7,2019,Purchase Intent,10,10.0,3
656,TH,9,2018,Ad Recall,17,17.0,3
657,TH,9,2018,Brand Awareness,17,15.0,3
658,TH,9,2018,Purchase Intent,17,7.0,3
659,TH,11,2018,Ad Recall,7,5.0,3
660,TH,11,2018,Brand Awareness,7,6.0,3
661,TH,11,2018,Purchase Intent,7,2.0,3
662,TH,12,2018,Ad Recall,13,13.0,3
663,TH,12,2018,Brand Awareness,13,12.0,3
664,TH,12,2018,Purchase Intent,13,12.0,3
665,TR,2,2018,Brand Awareness,2,0.0,2
666,TR,2,2018,Consideration,2,0.0,2
667,TR,5,2019,Ad Recall,1,1.0,1
668,TR,7,2018,Brand Awareness,1,1.0,2
669,TR,7,2018,Consideration,1,0.0,2
670,TR,7,2019,Ad Recall,1,1.0,1
671,TR,9,2018,Brand Awareness,2,0.0,2
672,TR,9,2018,Consideration,2,0.0,2
673,TR,10,2018,Brand Awareness,1,0.0,2
674,TR,10,2018,Consideration,1,0.0,2
675,TW,1,2018,Ad Recall,3,3.0,2
676,TW,1,2018,Brand Awareness,4,2.0,2
677,TW,5,2018,Ad Recall,2,2.0,3
678,TW,5,2018,Consideration,2,0.0,3
679,TW,5,2018,Favorability,2,0.0,3
680,TW,8,2018,Ad Recall,3,3.0,3
681,TW,8,2018,Consideration,3,1.0,3
682,TW,8,2018,Favorability,3,1.0,3
683,TW,9,2018,Ad Recall,1,1.0,3
684,TW,9,2018,Consideration,1,1.0,3
685,TW,9,2018,Favorability,1,1.0,3
686,UA,3,2018,Brand Awareness,2,1.0,2
687,UA,3,2018,Consideration,2,0.0,2
688,UA,4,2018,Brand Awareness,2,0.0,2
689,UA,4,2018,Consideration,2,0.0,2
690,US,1,2018,Brand Awareness,4,3.0,2
691,US,1,2018,Consideration,6,2.0,2
692,US,1,2019,Ad Recall,9,3.0,5
693,US,1,2019,Brand Awareness,18,12.0,5
694,US,1,2019,Consideration,20,4.0,5
695,US,1,2019,Favorability,11,4.0,5
696,US,1,2019,Purchase Intent,12,4.0,5
697,US,2,2018,Ad Recall,1,1.0,5
698,US,2,2018,Brand Awareness,13,8.0,5
699,US,2,2018,Consideration,10,3.0,5
700,US,2,2018,Favorability,1,0.0,5
701,US,2,2018,Purchase Intent,4,1.0,5
702,US,2,2019,Ad Recall,7,2.0,5
703,US,2,2019,Brand Awareness,16,10.0,5
704,US,2,2019,Consideration,22,9.0,5
705,US,2,2019,Favorability,7,2.0,5
706,US,2,2019,Purchase Intent,13,7.0,5
707,US,3,2018,Ad Recall,13,5.0,5
708,US,3,2018,Brand Awareness,21,13.0,5
709,US,3,2018,Consideration,7,3.0,5
710,US,3,2018,Favorability,16,4.0,5
711,US,3,2018,Purchase Intent,17,6.0,5
712,US,3,2019,Ad Recall,5,4.0,5
713,US,3,2019,Brand Awareness,8,4.0,5
714,US,3,2019,Consideration,11,9.0,5
715,US,3,2019,Favorability,3,3.0,5
716,US,3,2019,Purchase Intent,10,9.0,5
717,US,4,2018,Ad Recall,34,2.0,5
718,US,4,2018,Brand Awareness,38,21.0,5
719,US,4,2018,Consideration,29,9.0,5
720,US,4,2018,Favorability,34,9.0,5
721,US,4,2018,Purchase Intent,26,7.0,5
722,US,4,2019,Ad Recall,17,12.0,5
723,US,4,2019,Brand Awareness,8,7.0,5
724,US,4,2019,Consideration,9,8.0,5
725,US,4,2019,Favorability,11,1.0,5
726,US,4,2019,Purchase Intent,12,10.0,5
727,US,5,2018,Ad Recall,6,4.0,5
728,US,5,2018,Brand Awareness,18,14.0,5
729,US,5,2018,Consideration,15,9.0,5
730,US,5,2018,Favorability,10,2.0,5
731,US,5,2018,Purchase Intent,13,6.0,5
732,US,5,2019,Ad Recall,34,19.0,5
733,US,5,2019,Brand Awareness,8,4.0,5
734,US,5,2019,Consideration,9,4.0,5
735,US,5,2019,Favorability,4,0.0,5
736,US,5,2019,Purchase Intent,10,4.0,5
737,US,6,2018,Ad Recall,13,6.0,5
738,US,6,2018,Brand Awareness,48,21.0,5
739,US,6,2018,Consideration,46,15.0,5
740,US,6,2018,Favorability,21,6.0,5
741,US,6,2018,Purchase Intent,31,15.0,5
742,US,6,2019,Ad Recall,3,3.0,4
743,US,6,2019,Brand Awareness,10,4.0,4
744,US,6,2019,Consideration,10,7.0,4
745,US,6,2019,Purchase Intent,8,4.0,4
746,US,7,2018,Ad Recall,13,13.0,5
747,US,7,2018,Brand Awareness,32,16.0,5
748,US,7,2018,Consideration,32,16.0,5
749,US,7,2018,Favorability,2,0.0,5
750,US,7,2018,Purchase Intent,24,10.0,5
751,US,7,2019,Ad Recall,25,17.0,5
752,US,7,2019,Brand Awareness,7,7.0,5
753,US,7,2019,Consideration,15,12.0,5
754,US,7,2019,Favorability,17,3.0,5
755,US,7,2019,Purchase Intent,15,9.0,5
756,US,8,2018,Ad Recall,2,1.0,5
757,US,8,2018,Brand Awareness,14,8.0,5
758,US,8,2018,Consideration,22,6.0,5
759,US,8,2018,Favorability,1,0.0,5
760,US,8,2018,Purchase Intent,17,8.0,5
761,US,8,2019,Ad Recall,1,1.0,4
762,US,8,2019,Brand Awareness,3,3.0,4
763,US,8,2019,Consideration,3,2.0,4
764,US,8,2019,Purchase Intent,3,2.0,4
765,US,9,2018,Brand Awareness,17,6.0,4
766,US,9,2018,Consideration,13,4.0,4
767,US,9,2018,Favorability,8,1.0,4
768,US,9,2018,Purchase Intent,9,1.0,4
769,US,10,2018,Ad Recall,11,6.0,5
770,US,10,2018,Brand Awareness,55,18.0,5
771,US,10,2018,Consideration,58,15.0,5
772,US,10,2018,Favorability,40,5.0,5
773,US,10,2018,Purchase Intent,39,12.0,5
774,US,11,2018,Ad Recall,9,3.0,5
775,US,11,2018,Brand Awareness,30,12.0,5
776,US,11,2018,Consideration,46,15.0,5
777,US,11,2018,Favorability,2,0.0,5
778,US,11,2018,Purchase Intent,19,8.0,5
779,US,12,2018,Ad Recall,30,16.0,5
780,US,12,2018,Brand Awareness,68,28.0,5
781,US,12,2018,Consideration,85,29.0,5
782,US,12,2018,Favorability,21,7.0,5
783,US,12,2018,Purchase Intent,37,13.0,5
784,VN,3,2019,Ad Recall,11,9.0,3
785,VN,3,2019,Brand Awareness,11,11.0,3
786,VN,3,2019,Purchase Intent,11,10.0,3
787,VN,4,2019,Ad Recall,12,12.0,3
788,VN,4,2019,Brand Awareness,12,12.0,3
789,VN,4,2019,Purchase Intent,12,11.0,3
790,VN,6,2018,Ad Recall,7,2.0,3
791,VN,6,2018,Brand Awareness,7,3.0,3
792,VN,6,2018,Purchase Intent,7,4.0,3
793,VN,7,2018,Ad Recall,1,0.0,3
794,VN,7,2018,Favorability,1,0.0,3
795,VN,7,2018,Purchase Intent,1,1.0,3
796,VN,7,2019,Ad Recall,6,6.0,3
797,VN,7,2019,Brand Awareness,6,6.0,3
798,VN,7,2019,Purchase Intent,6,4.0,3
799,VN,8,2019,Ad Recall,14,13.0,3
800,VN,8,2019,Brand Awareness,14,13.0,3
801,VN,8,2019,Purchase Intent,14,8.0,3
802,VN,11,2018,Ad Recall,1,1.0,3
803,VN,11,2018,Brand Awareness,1,1.0,3
804,VN,11,2018,Purchase Intent,1,0.0,3
805,VN,12,2018,Ad Recall,28,26.0,5
806,VN,12,2018,Brand Awareness,27,21.0,5
807,VN,12,2018,Consideration,1,1.0,5
808,VN,12,2018,Favorability,1,0.0,5
809,VN,12,2018,Purchase Intent,27,18.0,5
810,ZA,12,2018,Brand Awareness,1,1.0,2
811,ZA,12,2018,Consideration,1,0.0,2
812,blank,2,2018,Brand Awareness,2,1.0,2
813,blank,2,2018,Consideration,2,1.0,2
814,blank,2,2019,Brand Awareness,1,0.0,4
815,blank,2,2019,Consideration,1,0.0,4
816,blank,2,2019,Favorability,1,0.0,4
817,blank,2,2019,Purchase Intent,1,0.0,4
818,blank,3,2019,Favorability,1,0.0,1
819,blank,4,2019,Favorability,1,0.0,1
820,blank,5,2019,Brand Awareness,2,0.0,4
821,blank,5,2019,Consideration,2,0.0,4
822,blank,5,2019,Favorability,2,0.0,4
823,blank,5,2019,Purchase Intent,2,1.0,4
824,blank,6,2019,Brand Awareness,5,1.0,4
825,blank,6,2019,Consideration,5,0.0,4
826,blank,6,2019,Favorability,4,0.0,4
827,blank,6,2019,Purchase Intent,4,0.0,4
828,blank,12,2018,Ad Recall,1,1.0,4
829,blank,12,2018,Brand Awareness,2,2.0,4
830,blank,12,2018,Consideration,1,1.0,4
831,blank,12,2018,Purchase Intent,2,2.0,4
