,country_code,month,year,Metric_x,CampaignID_x,CampaignID_y,Metric_y
0,US,1,2018,AWARENESS,12,2.0,4
1,US,1,2018,CONSIDERATION,12,0.0,4
2,US,1,2018,FAVORABILITY,12,0.0,4
3,US,1,2018,PURCHASE_INTENT,12,0.0,4
4,US,1,2019,AWARENESS,128,42.0,5
5,US,1,2019,CONSIDERATION,116,38.0,5
6,US,1,2019,FAVORABILITY,10,0.0,5
7,US,1,2019,PURCHASE_INTENT,30,6.0,5
8,US,1,2019,RECALL,22,18.0,5
9,US,2,2018,AWARENESS,12,4.0,2
10,US,2,2018,CONSIDERATION,12,8.0,2
11,US,2,2019,AWARENESS,208,58.0,5
12,US,2,2019,CONSIDERATION,146,22.0,5
13,US,2,2019,FAVORABILITY,24,0.0,5
14,US,2,2019,PURCHASE_INTENT,104,12.0,5
15,US,2,2019,RECALL,94,34.0,5
16,US,3,2018,AWARENESS,20,0.0,4
17,US,3,2018,CONSIDERATION,12,2.0,4
18,US,3,2018,PURCHASE_INTENT,6,0.0,4
19,US,3,2018,RECALL,8,0.0,4
20,US,3,2019,AWARENESS,206,48.0,5
21,US,3,2019,CONSIDERATION,166,33.0,5
22,US,3,2019,FAVORABILITY,142,24.0,5
23,US,3,2019,PURCHASE_INTENT,146,32.0,5
24,US,3,2019,RECALL,94,60.0,5
25,US,4,2018,AWARENESS,12,12.0,2
26,US,4,2018,CONSIDERATION,12,6.0,2
27,US,4,2019,AWARENESS,75,33.0,5
28,US,4,2019,CONSIDERATION,116,21.0,5
29,US,4,2019,FAVORABILITY,102,11.0,5
30,US,4,2019,PURCHASE_INTENT,40,16.0,5
31,US,4,2019,RECALL,14,6.0,5
32,US,5,2018,AWARENESS,4,4.0,3
33,US,5,2018,CONSIDERATION,4,4.0,3
34,US,5,2018,RECALL,4,4.0,3
35,US,5,2019,AWARENESS,114,35.0,5
36,US,5,2019,CONSIDERATION,114,30.0,5
37,US,5,2019,FAVORABILITY,74,10.0,5
38,US,5,2019,PURCHASE_INTENT,113,26.0,5
39,US,5,2019,RECALL,30,7.0,5
40,US,6,2018,AWARENESS,10,6.0,3
41,US,6,2018,CONSIDERATION,10,4.0,3
42,US,6,2018,RECALL,10,10.0,3
43,US,6,2019,AWARENESS,88,32.0,5
44,US,6,2019,CONSIDERATION,66,18.0,5
45,US,6,2019,FAVORABILITY,42,14.0,5
46,US,6,2019,PURCHASE_INTENT,89,21.0,5
47,US,6,2019,RECALL,37,16.0,5
48,US,7,2018,AWARENESS,12,8.0,3
49,US,7,2018,CONSIDERATION,12,2.0,3
50,US,7,2018,RECALL,12,12.0,3
51,US,7,2019,AWARENESS,126,47.0,5
52,US,7,2019,CONSIDERATION,158,41.0,5
53,US,7,2019,FAVORABILITY,46,3.0,5
54,US,7,2019,PURCHASE_INTENT,145,30.0,5
55,US,7,2019,RECALL,60,36.0,5
56,US,8,2018,AWARENESS,72,14.0,3
57,US,8,2018,CONSIDERATION,72,18.0,3
58,US,8,2018,RECALL,72,34.0,3
59,US,8,2019,AWARENESS,28,3.0,4
60,US,8,2019,CONSIDERATION,9,0.0,4
61,US,8,2019,FAVORABILITY,1,0.0,4
62,US,8,2019,PURCHASE_INTENT,31,0.0,4
63,US,9,2018,AWARENESS,104,50.0,3
64,US,9,2018,CONSIDERATION,108,38.0,3
65,US,9,2018,RECALL,106,74.0,3
66,US,10,2018,AWARENESS,298,168.0,4
67,US,10,2018,CONSIDERATION,300,126.0,4
68,US,10,2018,PURCHASE_INTENT,74,32.0,4
69,US,10,2018,RECALL,252,158.0,4
70,US,11,2017,CONSIDERATION,12,2.0,3
71,US,11,2017,PURCHASE_INTENT,8,0.0,3
72,US,11,2017,RECALL,2,0.0,3
73,US,11,2018,AWARENESS,470,212.0,5
74,US,11,2018,CONSIDERATION,490,168.0,5
75,US,11,2018,FAVORABILITY,22,6.0,5
76,US,11,2018,PURCHASE_INTENT,196,104.0,5
77,US,11,2018,RECALL,318,166.0,5
78,US,12,2017,AWARENESS,4,2.0,3
79,US,12,2017,CONSIDERATION,8,0.0,3
80,US,12,2017,PURCHASE_INTENT,4,0.0,3
81,US,12,2018,AWARENESS,124,40.0,5
82,US,12,2018,CONSIDERATION,132,34.0,5
83,US,12,2018,FAVORABILITY,46,6.0,5
84,US,12,2018,PURCHASE_INTENT,70,20.0,5
85,US,12,2018,RECALL,66,40.0,5
