,Country/ Region,month,year,Question Type_x,Study Name_x,Study Name_y,Question Type_y
0,FR,3,2019,Ad Recall,1,1.0,2
1,FR,3,2019,Attribute Rating,4,2.0,2
2,FR,6,2019,Brand Awareness,1,0.0,5
3,FR,6,2019,Consideration,1,0.0,5
4,FR,6,2019,Intent,1,0.0,5
5,FR,6,2019,Perception,1,0.0,5
6,FR,6,2019,Tweet Recall,1,1.0,5
7,FR,12,2018,Ad Recall,1,1.0,4
8,FR,12,2018,Brand Awareness,1,0.0,4
9,FR,12,2018,Delivers business results,1,0.0,4
10,FR,12,2018,Essential for builiding brand,1,0.0,4
11,IT,3,2019,Ad Recall,1,1.0,2
12,IT,3,2019,Attribute Rating,4,0.0,2
13,JP,3,2019,Ad recall,4,4.0,5
14,JP,3,2019,Aided awareness,4,2.0,5
15,JP,3,2019,Consideration,8,0.0,5
16,JP,3,2019,Feature recall,16,4.0,5
17,JP,3,2019,Usage intent,2,0.0,5
18,JP,5,2019,Ad recall,6,4.0,4
19,JP,5,2019,Feature recall,8,0.0,4
20,JP,5,2019,Other,4,2.0,4
21,JP,5,2019,Perception,12,2.0,4
22,JP,6,2019,Ad recall,2,0.0,4
23,JP,6,2019,Aided awareness,2,0.0,4
24,JP,6,2019,Consideration,4,4.0,4
25,JP,6,2019,Perception,8,0.0,4
26,TH,7,2019,Ad recall,1,1.0,3
27,TH,7,2019,Purchase intent,1,1.0,3
28,TH,7,2019,Unaided awareness,1,1.0,3
29,UK,1,2019,Ad Recall,1,1.0,4
30,UK,1,2019,Attribute Rating,2,1.0,4
31,UK,1,2019,Awareness,1,1.0,4
32,UK,1,2019,Usage Intent,1,0.0,4
33,UK,3,2019,Attribute Rating,1,0.0,5
34,UK,3,2019,Consideration,1,0.0,5
35,UK,3,2019,Purchase Intent,1,0.0,5
36,UK,3,2019,Tweet Recall,1,1.0,5
37,UK,3,2019,Understanding,1,0.0,5
38,US,1,2018,Ad recall,1,0.0,5
39,US,1,2018,Aided awareness,1,0.0,5
40,US,1,2018,Consideration,1,0.0,5
41,US,1,2018,Feature recall,4,1.0,5
42,US,1,2018,Perception,1,0.0,5
43,US,1,2019,Ad recall,1,1.0,5
44,US,1,2019,Declared usage,4,1.0,5
45,US,1,2019,Other,4,0.0,5
46,US,1,2019,Perception,1,0.0,5
47,US,1,2019,Usage intent,4,1.0,5
48,US,2,2018,Ad recall,1,0.0,4
49,US,2,2018,Aided awareness,1,0.0,4
50,US,2,2018,Consideration,4,1.0,4
51,US,2,2018,Other,2,0.0,4
52,US,2,2019,Ad recall,4,4.0,7
53,US,2,2019,Aided awareness,5,3.0,7
54,US,2,2019,Consideration,4,2.0,7
55,US,2,2019,Favourability,1,0.0,7
56,US,2,2019,Other,2,1.0,7
57,US,2,2019,Perception,4,2.0,7
58,US,2,2019,Unaided awareness,1,1.0,7
59,US,3,2018,Ad recall,2,2.0,5
60,US,3,2018,Aided awareness,1,0.0,5
61,US,3,2018,Favourability,1,0.0,5
62,US,3,2018,Perception,3,0.0,5
63,US,3,2018,Purchase intent,1,0.0,5
64,US,3,2019,Ad recall,2,2.0,6
65,US,3,2019,Aided awareness,2,2.0,6
66,US,3,2019,Consideration,3,1.0,6
67,US,3,2019,Feature recall,4,1.0,6
68,US,3,2019,Perception,1,0.0,6
69,US,3,2019,Purchase intent,2,0.0,6
70,US,4,2018,Ad recall,2,2.0,5
71,US,4,2018,Aided awareness,2,0.0,5
72,US,4,2018,Consideration,2,0.0,5
73,US,4,2018,Favourability,1,0.0,5
74,US,4,2018,Feature recall,8,2.0,5
75,US,4,2019,Ad recall,2,2.0,7
76,US,4,2019,Aided awareness,2,1.0,7
77,US,4,2019,Consideration,4,2.0,7
78,US,4,2019,Other,1,0.0,7
79,US,4,2019,Perception,3,0.0,7
80,US,4,2019,Purchase intent,1,0.0,7
81,US,4,2019,Usage intent,1,1.0,7
82,US,5,2018,Ad recall,1,1.0,3
83,US,5,2018,Feature recall,1,0.0,3
84,US,5,2018,Perception,4,0.0,3
85,US,5,2019,Ad recall,3,3.0,6
86,US,5,2019,Aided awareness,1,0.0,6
87,US,5,2019,Consideration,1,1.0,6
88,US,5,2019,Favourability,1,1.0,6
89,US,5,2019,Perception,6,1.0,6
90,US,5,2019,Usage intent,3,0.0,6
91,US,6,2019,Ad recall,3,3.0,6
92,US,6,2019,Aided awareness,3,3.0,6
93,US,6,2019,Consideration,8,3.0,6
94,US,6,2019,Other,2,1.0,6
95,US,6,2019,Perception,2,0.0,6
96,US,6,2019,Purchase intent,3,0.0,6
97,US,7,2018,Ad recall,1,1.0,4
98,US,7,2018,Consideration,1,0.0,4
99,US,7,2018,Feature recall,4,0.0,4
100,US,7,2018,Other,5,0.0,4
101,US,8,2018,Ad recall,1,1.0,5
102,US,8,2018,Aided awareness,1,0.0,5
103,US,8,2018,Consideration,2,1.0,5
104,US,8,2018,Perception,4,0.0,5
105,US,8,2018,Usage intent,1,0.0,5
106,US,9,2018,Ad recall,2,1.0,6
107,US,9,2018,Aided awareness,1,1.0,6
108,US,9,2018,Consideration,3,0.0,6
109,US,9,2018,Feature recall,4,1.0,6
110,US,9,2018,Perception,9,1.0,6
111,US,9,2018,Purchase intent,1,0.0,6
112,US,10,2018,Ad recall,3,3.0,6
113,US,10,2018,Aided awareness,2,1.0,6
114,US,10,2018,Consideration,3,1.0,6
115,US,10,2018,Favourability,1,0.0,6
116,US,10,2018,Other,1,0.0,6
117,US,10,2018,Perception,3,2.0,6
118,US,11,2018,Ad recall,3,2.0,6
119,US,11,2018,Aided awareness,3,0.0,6
120,US,11,2018,Consideration,2,2.0,6
121,US,11,2018,Other,1,1.0,6
122,US,11,2018,Perception,5,1.0,6
123,US,11,2018,Usage intent,2,1.0,6
124,US,12,2017,Ad recall,7,6.0,9
125,US,12,2017,Aided awareness,6,3.0,9
126,US,12,2017,Consideration,7,4.0,9
127,US,12,2017,Favourability,1,0.0,9
128,US,12,2017,Feature recall,14,1.0,9
129,US,12,2017,Other,1,1.0,9
130,US,12,2017,Perception,4,0.0,9
131,US,12,2017,Purchase intent,2,1.0,9
132,US,12,2017,Usage intent,1,1.0,9
133,US,12,2018,Ad recall,11,11.0,10
134,US,12,2018,Aided awareness,9,4.0,10
135,US,12,2018,Consideration,13,5.0,10
136,US,12,2018,Favourability,4,2.0,10
137,US,12,2018,Feature recall,5,0.0,10
138,US,12,2018,Other,4,0.0,10
139,US,12,2018,Perception,10,4.0,10
140,US,12,2018,Purchase intent,3,1.0,10
141,US,12,2018,Understanding,8,1.0,10
142,US,12,2018,Usage intent,2,1.0,10
