,DCM_Advertiser,DCM_Advertiser_ID,DCM_Campaign_Name_x,Mrf_Id_x,Olive_Plan_Id,DCM_Id_x,Platform,Study_Name,Product,Date,Year,Quarter,Study_Start_Date,Study_End_Date,Region,Country,Testing_Type,Test_Reference_Code,Test_Audience,Test_Environment,Study_Cut,Device,Creative_Name,Creative_Size,Creative_Format,Metric,Goal,Question,Question_ENG,Desired_Answer_ENG,Total_Sample_Size,CON_Sample_Size,EXP_Sample_Size,Total_Responses,CON_Desired_Responses,EXP_Desired_Responses,Absolute_Lift,Headroom_Lift,pvalue,Significance,Reach,Weekly_Frequency,Impressions_x,Individuals_Lifted,CPIL,Market_Spend,View_Through_Rate,Olive Plan Name,Channel,Property,Buy Type,Impressions_y,Clicks,Spend,Mrf_Id_y,DCM_Id_y,MMG,DCM_Campaign_Name_y
0,Google Home - NA - Essence,6071606,1006171 | Home | DR | NA | US | Q2 2019 | V1,1006171,6708,22444142,Facebook,Google_Home/Nest_NA_Q2_Hey Mom (Home)_FB/IG_Cell1_Awareness_22444142_6708,Google Home,,2019,Q2,2019-04-30 00:00:00 UTC,2019-05-13 00:00:00 UTC,,US,In-Flight Test,5.34E+14,,,Google_Home/Nest_NA_Q2_Hey Mom (Home)_FB/IG_Cell 1_Awareness_6708_22444142,,,,,Association,other,Which one of the following smart home technology brands/companies do you most associate with being helpful?,,"[""Google \/ Nest""]",1959,1008,951,297,145,152,0.01598255,0.018667915,0.191,No Lift,8872853,2.03455799,33525763,141810.814,0.77850664,110400.66,0.05747417,Google Home NA 2019 Q2 2019 United States - Google Nest Brand,Social,Instagram,Biddable,"2,046,629","3,435","$6,384.07 ",1006172,22444142,,1006947 | Home | DR | NA | US | Q2-Q3 2019 | V1
1,Google Home - NA - Essence,6071606,1006171 | Home | DR | NA | US | Q2 2019 | V1,1006171,6708,22444142,Facebook,Google_Home/Nest_NA_Q2_Hey Mom (Home)_FB/IG_Cell1_Awareness_22444142_6708,Google Home,,2019,Q2,2019-04-30 00:00:00 UTC,2019-05-13 00:00:00 UTC,,US,In-Flight Test,5.34E+14,,,Google_Home/Nest_NA_Q2_Hey Mom (Home)_FB/IG_Cell 1_Awareness_6708_22444142,,,,,Ad Recall,other,Do you recall seeing an ad for Google / Nest online or on a mobile device in the last 2 days?,,"[""Yes""]",1966,1012,954,284,152,132,-0.0118328,-0.013924179,0.78375,No Lift,8872853,2.03455799,33525763,-104991.13,-1.0515237,110400.66,0.05747417,Google Home NA 2019 Q2 2019 United States - Google Nest Brand,Social,Instagram,Biddable,"2,046,629","3,435","$6,384.07 ",1006172,22444142,,1006947 | Home | DR | NA | US | Q2-Q3 2019 | V1
2,Google Home - NA - Essence,6071606,1006171 | Home | DR | NA | US | Q2 2019 | V1,1006171,6708,22444142,Facebook,Google_Home/Nest_NA_Q2_Hey Mom (Home)_FB/IG_Cell1_Awareness_22444142_6708,Google Home,,2019,Q2,2019-04-30 00:00:00 UTC,2019-05-13 00:00:00 UTC,,US,In-Flight Test,5.34E+14,,,Google_Home/Nest_NA_Q2_Hey Mom (Home)_FB/IG_Cell 1_Awareness_6708_22444142,,,,,Other,other,Which one of the following smart home technology brands/companies would you most likely choose?,,"[""Google \/ Nest""]",1967,1006,961,194,99,95,44582,49448.172,0.4805,No Lift,8872853,2.03455799,33525763,3955.66212,27.9095273,110400.66,0.05747417,Google Home NA 2019 Q2 2019 United States - Google Nest Brand,Social,Instagram,Biddable,"2,046,629","3,435","$6,384.07 ",1006172,22444142,,1006947 | Home | DR | NA | US | Q2-Q3 2019 | V1
3,Google Home - NA - Essence,6071606,1006171 | Home | DR | NA | US | Q2 2019 | V1,1006171,6708,22444142,Facebook,Google_Home/Nest_NA_Q2_Hey Mom (Home)_FB/IG_Cell1_Awareness_22444142_6708,Google Home,,2019,Q2,2019-04-30 00:00:00 UTC,2019-05-13 00:00:00 UTC,,US,In-Flight Test,5.34E+14,,,Google_Home/Nest_NA_Q2_Hey Mom (Home)_FB/IG_Cell 1_Awareness_6708_22444142,,,,,Awareness,Primary,Which of the following smart home technology brands/companies have you heard of?,,"[""Google \/ Nest""]",1968,1011,957,1299,650,649,0.03523313,0.098672284,0.0475,Significant Positive,8872853,2.03455799,33525763,312618.341,0.35314838,110400.66,0.05747417,Google Home NA 2019 Q2 2019 United States - Google Nest Brand,Social,Instagram,Biddable,"2,046,629","3,435","$6,384.07 ",1006172,22444142,,1006947 | Home | DR | NA | US | Q2-Q3 2019 | V1
4,Google Home - NA - Essence,6071606,1006171 | Home | DR | NA | US | Q2 2019 | V1,1006171,6708,22444142,Facebook,Google_Home/Nest_NA_Q2_Hey Mom (Home)_FB/IG_Cell1_Awareness_22444142_6708,Google Home,,2019,Q2,2019-04-30 00:00:00 UTC,2019-05-13 00:00:00 UTC,,US,In-Flight Test,5.34E+14,,,Google_Home/Nest_NA_Q2_Hey Mom (Home)_FB/IG_Cell 1_Awareness_6708_22444142,,,,,Consideration,other,"Including any you might already use, which of the following smart home technology brands/companies would you consider purchasing in the future?",,"[""Google \/ Nest""]",1966,1009,957,432,207,225,0.0299561,0.037687911,0.0415,Significant Positive,8872853,2.03455799,33525763,265796.076,0.4153585,110400.66,0.05747417,Google Home NA 2019 Q2 2019 United States - Google Nest Brand,Social,Instagram,Biddable,"2,046,629","3,435","$6,384.07 ",1006172,22444142,,1006947 | Home | DR | NA | US | Q2-Q3 2019 | V1
5,Google Home - NA - Essence,6071606,1006171 | Home | DR | NA | US | Q2 2019 | V1,1006171,6708,22444142,Facebook,Google_Home/Nest_NA_Q2_Hey Mom (Home)_FB/IG_Cell1_Awareness_22444142_6708,Google Home,,2019,Q2,2019-04-30 00:00:00 UTC,2019-05-13 00:00:00 UTC,,US,In-Flight Test,5.34E+14,,,Google_Home/Nest_NA_Q2_Hey Mom (Home)_FB/IG_Cell 1_Awareness_6708_22444142,,,,,Association,other,Which one of the following smart home technology brands/companies do you most associate with being helpful?,,"[""Google \/ Nest""]",1959,1008,951,297,145,152,0.01598255,0.018667915,0.191,No Lift,8872853,2.03455799,33525763,141810.814,0.77850664,110400.66,0.05747417,Google Home NA 2019 Q2 2019 United States - Google Nest Brand,Social,Facebook,Biddable,"11,366,576","187,923","$10,399.34 ",1006172,22444142,,1006947 | Home | DR | NA | US | Q2-Q3 2019 | V1
6,Google Home - NA - Essence,6071606,1006171 | Home | DR | NA | US | Q2 2019 | V1,1006171,6708,22444142,Facebook,Google_Home/Nest_NA_Q2_Hey Mom (Home)_FB/IG_Cell1_Awareness_22444142_6708,Google Home,,2019,Q2,2019-04-30 00:00:00 UTC,2019-05-13 00:00:00 UTC,,US,In-Flight Test,5.34E+14,,,Google_Home/Nest_NA_Q2_Hey Mom (Home)_FB/IG_Cell 1_Awareness_6708_22444142,,,,,Ad Recall,other,Do you recall seeing an ad for Google / Nest online or on a mobile device in the last 2 days?,,"[""Yes""]",1966,1012,954,284,152,132,-0.0118328,-0.013924179,0.78375,No Lift,8872853,2.03455799,33525763,-104991.13,-1.0515237,110400.66,0.05747417,Google Home NA 2019 Q2 2019 United States - Google Nest Brand,Social,Facebook,Biddable,"11,366,576","187,923","$10,399.34 ",1006172,22444142,,1006947 | Home | DR | NA | US | Q2-Q3 2019 | V1
7,Google Home - NA - Essence,6071606,1006171 | Home | DR | NA | US | Q2 2019 | V1,1006171,6708,22444142,Facebook,Google_Home/Nest_NA_Q2_Hey Mom (Home)_FB/IG_Cell1_Awareness_22444142_6708,Google Home,,2019,Q2,2019-04-30 00:00:00 UTC,2019-05-13 00:00:00 UTC,,US,In-Flight Test,5.34E+14,,,Google_Home/Nest_NA_Q2_Hey Mom (Home)_FB/IG_Cell 1_Awareness_6708_22444142,,,,,Other,other,Which one of the following smart home technology brands/companies would you most likely choose?,,"[""Google \/ Nest""]",1967,1006,961,194,99,95,44582,49448.172,0.4805,No Lift,8872853,2.03455799,33525763,3955.66212,27.9095273,110400.66,0.05747417,Google Home NA 2019 Q2 2019 United States - Google Nest Brand,Social,Facebook,Biddable,"11,366,576","187,923","$10,399.34 ",1006172,22444142,,1006947 | Home | DR | NA | US | Q2-Q3 2019 | V1
8,Google Home - NA - Essence,6071606,1006171 | Home | DR | NA | US | Q2 2019 | V1,1006171,6708,22444142,Facebook,Google_Home/Nest_NA_Q2_Hey Mom (Home)_FB/IG_Cell1_Awareness_22444142_6708,Google Home,,2019,Q2,2019-04-30 00:00:00 UTC,2019-05-13 00:00:00 UTC,,US,In-Flight Test,5.34E+14,,,Google_Home/Nest_NA_Q2_Hey Mom (Home)_FB/IG_Cell 1_Awareness_6708_22444142,,,,,Awareness,Primary,Which of the following smart home technology brands/companies have you heard of?,,"[""Google \/ Nest""]",1968,1011,957,1299,650,649,0.03523313,0.098672284,0.0475,Significant Positive,8872853,2.03455799,33525763,312618.341,0.35314838,110400.66,0.05747417,Google Home NA 2019 Q2 2019 United States - Google Nest Brand,Social,Facebook,Biddable,"11,366,576","187,923","$10,399.34 ",1006172,22444142,,1006947 | Home | DR | NA | US | Q2-Q3 2019 | V1
9,Google Home - NA - Essence,6071606,1006171 | Home | DR | NA | US | Q2 2019 | V1,1006171,6708,22444142,Facebook,Google_Home/Nest_NA_Q2_Hey Mom (Home)_FB/IG_Cell1_Awareness_22444142_6708,Google Home,,2019,Q2,2019-04-30 00:00:00 UTC,2019-05-13 00:00:00 UTC,,US,In-Flight Test,5.34E+14,,,Google_Home/Nest_NA_Q2_Hey Mom (Home)_FB/IG_Cell 1_Awareness_6708_22444142,,,,,Consideration,other,"Including any you might already use, which of the following smart home technology brands/companies would you consider purchasing in the future?",,"[""Google \/ Nest""]",1966,1009,957,432,207,225,0.0299561,0.037687911,0.0415,Significant Positive,8872853,2.03455799,33525763,265796.076,0.4153585,110400.66,0.05747417,Google Home NA 2019 Q2 2019 United States - Google Nest Brand,Social,Facebook,Biddable,"11,366,576","187,923","$10,399.34 ",1006172,22444142,,1006947 | Home | DR | NA | US | Q2-Q3 2019 | V1
10,Google Home - NA - Essence,6071606,1006171 | Home | DR | NA | US | Q2 2019 | V1,1006171,6708,22444142,Facebook,Google_Home/Nest_NA_Q2_Hey Mom (Home)_FB/IG_Cell1_Awareness_22444142_6708,Google Home,,2019,Q2,2019-04-30 00:00:00 UTC,2019-05-13 00:00:00 UTC,,US,In-Flight Test,5.34E+14,,,Google_Home/Nest_NA_Q2_Hey Mom (Home)_FB/IG_Cell 1_Awareness_6708_22444142,,,,,Association,other,Which one of the following smart home technology brands/companies do you most associate with being helpful?,,"[""Google \/ Nest""]",1959,1008,951,297,145,152,0.01598255,0.018667915,0.191,No Lift,8872853,2.03455799,33525763,141810.814,0.77850664,110400.66,0.05747417,Google Home NA 2019 Q2 2019 United States - Google Nest Brand,Social,Facebook/Instagram,Biddable,"51,130,204","177,138","$156,147.17 ",1006172,22444142,,1006947 | Home | DR | NA | US | Q2-Q3 2019 | V1
11,Google Home - NA - Essence,6071606,1006171 | Home | DR | NA | US | Q2 2019 | V1,1006171,6708,22444142,Facebook,Google_Home/Nest_NA_Q2_Hey Mom (Home)_FB/IG_Cell1_Awareness_22444142_6708,Google Home,,2019,Q2,2019-04-30 00:00:00 UTC,2019-05-13 00:00:00 UTC,,US,In-Flight Test,5.34E+14,,,Google_Home/Nest_NA_Q2_Hey Mom (Home)_FB/IG_Cell 1_Awareness_6708_22444142,,,,,Ad Recall,other,Do you recall seeing an ad for Google / Nest online or on a mobile device in the last 2 days?,,"[""Yes""]",1966,1012,954,284,152,132,-0.0118328,-0.013924179,0.78375,No Lift,8872853,2.03455799,33525763,-104991.13,-1.0515237,110400.66,0.05747417,Google Home NA 2019 Q2 2019 United States - Google Nest Brand,Social,Facebook/Instagram,Biddable,"51,130,204","177,138","$156,147.17 ",1006172,22444142,,1006947 | Home | DR | NA | US | Q2-Q3 2019 | V1
12,Google Home - NA - Essence,6071606,1006171 | Home | DR | NA | US | Q2 2019 | V1,1006171,6708,22444142,Facebook,Google_Home/Nest_NA_Q2_Hey Mom (Home)_FB/IG_Cell1_Awareness_22444142_6708,Google Home,,2019,Q2,2019-04-30 00:00:00 UTC,2019-05-13 00:00:00 UTC,,US,In-Flight Test,5.34E+14,,,Google_Home/Nest_NA_Q2_Hey Mom (Home)_FB/IG_Cell 1_Awareness_6708_22444142,,,,,Other,other,Which one of the following smart home technology brands/companies would you most likely choose?,,"[""Google \/ Nest""]",1967,1006,961,194,99,95,44582,49448.172,0.4805,No Lift,8872853,2.03455799,33525763,3955.66212,27.9095273,110400.66,0.05747417,Google Home NA 2019 Q2 2019 United States - Google Nest Brand,Social,Facebook/Instagram,Biddable,"51,130,204","177,138","$156,147.17 ",1006172,22444142,,1006947 | Home | DR | NA | US | Q2-Q3 2019 | V1
13,Google Home - NA - Essence,6071606,1006171 | Home | DR | NA | US | Q2 2019 | V1,1006171,6708,22444142,Facebook,Google_Home/Nest_NA_Q2_Hey Mom (Home)_FB/IG_Cell1_Awareness_22444142_6708,Google Home,,2019,Q2,2019-04-30 00:00:00 UTC,2019-05-13 00:00:00 UTC,,US,In-Flight Test,5.34E+14,,,Google_Home/Nest_NA_Q2_Hey Mom (Home)_FB/IG_Cell 1_Awareness_6708_22444142,,,,,Awareness,Primary,Which of the following smart home technology brands/companies have you heard of?,,"[""Google \/ Nest""]",1968,1011,957,1299,650,649,0.03523313,0.098672284,0.0475,Significant Positive,8872853,2.03455799,33525763,312618.341,0.35314838,110400.66,0.05747417,Google Home NA 2019 Q2 2019 United States - Google Nest Brand,Social,Facebook/Instagram,Biddable,"51,130,204","177,138","$156,147.17 ",1006172,22444142,,1006947 | Home | DR | NA | US | Q2-Q3 2019 | V1
14,Google Home - NA - Essence,6071606,1006171 | Home | DR | NA | US | Q2 2019 | V1,1006171,6708,22444142,Facebook,Google_Home/Nest_NA_Q2_Hey Mom (Home)_FB/IG_Cell1_Awareness_22444142_6708,Google Home,,2019,Q2,2019-04-30 00:00:00 UTC,2019-05-13 00:00:00 UTC,,US,In-Flight Test,5.34E+14,,,Google_Home/Nest_NA_Q2_Hey Mom (Home)_FB/IG_Cell 1_Awareness_6708_22444142,,,,,Consideration,other,"Including any you might already use, which of the following smart home technology brands/companies would you consider purchasing in the future?",,"[""Google \/ Nest""]",1966,1009,957,432,207,225,0.0299561,0.037687911,0.0415,Significant Positive,8872853,2.03455799,33525763,265796.076,0.4153585,110400.66,0.05747417,Google Home NA 2019 Q2 2019 United States - Google Nest Brand,Social,Facebook/Instagram,Biddable,"51,130,204","177,138","$156,147.17 ",1006172,22444142,,1006947 | Home | DR | NA | US | Q2-Q3 2019 | V1
15,,,,1006296,6130,,Facebook,1006296_6130_Q1 2019 Google Fi_Switchers,Google Fi,,2019,Q1,2019-02-20 00:00:00 UTC,2019-03-31 00:00:00 UTC,,US,In-Flight Test,3.73E+14,,,Q1 2019_Project Fi_NA_US_Facebook/Instagram_R/F_Brand_Switchers_Standard Approach_OliveIO41549,,,,,Ad Recall,,Do you recall seeing an ad for Google Fi online or on a mobile device in the last 2 days?,,"[""Yes""]",1004,502,502,86,27,59,0.06374502,0.067368421,0.00025,Significant Positive,5131350,3.43274118,98138466,327098.008,1.2223873,399840.45,0.06789307,Project Fi NA Q1 2019 United States - Brand,Social,Facebook,Biddable,"191,138,886","347,491","$656,717.50 ",1006296,22290676,Marvin,1006296 + 1004502 | Google Fi | Brand + DR | ESS01 | NA | United States | Q1 2019 | Re-Brand
16,,,,1006296,6130,,Facebook,1006296_6130_Q1 2019 Google Fi_Switchers,Google Fi,,2019,Q1,2019-02-20 00:00:00 UTC,2019-03-31 00:00:00 UTC,,US,In-Flight Test,3.73E+14,,,Q1 2019_Project Fi_NA_US_Facebook/Instagram_R/F_Brand_Switchers_Standard Approach_OliveIO41549,,,,,Awareness,,Which of the following wireless phone service providers have you heard of?,,"[""Google Fi""]",1611,802,809,184,78,106,0.0337691,0.037407207,0.019,Significant Positive,5131350,3.43274118,98138466,173281.072,2.30746755,399840.45,0.06789307,Project Fi NA Q1 2019 United States - Brand,Social,Facebook,Biddable,"191,138,886","347,491","$656,717.50 ",1006296,22290676,Marvin,1006296 + 1004502 | Google Fi | Brand + DR | ESS01 | NA | United States | Q1 2019 | Re-Brand
17,,,,1006296,6130,,Facebook,1006296_6130_Q1 2019 Google Fi_Switchers,Google Fi,,2019,Q1,2019-02-20 00:00:00 UTC,2019-03-31 00:00:00 UTC,,US,In-Flight Test,3.73E+14,,,Q1 2019_Project Fi_NA_US_Facebook/Instagram_R/F_Brand_Switchers_Standard Approach_OliveIO41549,,,,,Consideration,,"Which, if any, of the following wireless phone service providers would you consider using in the future?",,"[""Google Fi""]",1001,498,503,60,36,24,-0.0245754,-0.026490366,0.96075,No Lift,5131350,3.43274118,98138466,-126105.18,-3.1706902,399840.45,0.06789307,Project Fi NA Q1 2019 United States - Brand,Social,Facebook,Biddable,"191,138,886","347,491","$656,717.50 ",1006296,22290676,Marvin,1006296 + 1004502 | Google Fi | Brand + DR | ESS01 | NA | United States | Q1 2019 | Re-Brand
18,,,,1006296,6130,,Facebook,1006296_6130_Q1 2019 Google Fi_Switchers,Google Fi,,2019,Q1,2019-02-20 00:00:00 UTC,2019-03-31 00:00:00 UTC,,US,In-Flight Test,3.73E+14,,,Q1 2019_Project Fi_NA_US_Facebook/Instagram_R/F_Brand_and_Traffic_Switchers_Test Cell_OliveIO41549_Full Funnel Approach,,,,,Ad Recall,,Do you recall seeing an ad for Google Fi online or on a mobile device in the last 2 days?,,"[""Yes""]",1010,507,503,91,31,60,0.05814031,0.061926759,0,Significant Positive,5355565,3.11608782,92978289,311374.209,1.17865757,367003.57,0.0774794,Project Fi NA Q1 2019 United States - Brand,Social,Facebook,Biddable,"191,138,886","347,491","$656,717.50 ",1006296,22290676,Marvin,1006296 + 1004502 | Google Fi | Brand + DR | ESS01 | NA | United States | Q1 2019 | Re-Brand
19,,,,1006296,6130,,Facebook,1006296_6130_Q1 2019 Google Fi_Switchers,Google Fi,,2019,Q1,2019-02-20 00:00:00 UTC,2019-03-31 00:00:00 UTC,,US,In-Flight Test,3.73E+14,,,Q1 2019_Project Fi_NA_US_Facebook/Instagram_R/F_Brand_and_Traffic_Switchers_Test Cell_OliveIO41549_Full Funnel Approach,,,,,Awareness,,Which of the following wireless phone service providers have you heard of?,,"[""Google Fi""]",1610,807,803,184,91,93,305237,344031.088,0.38575,No Lift,5355565,3.11608782,92978289,16347.1671,22.4505915,367003.57,0.0774794,Project Fi NA Q1 2019 United States - Brand,Social,Facebook,Biddable,"191,138,886","347,491","$656,717.50 ",1006296,22290676,Marvin,1006296 + 1004502 | Google Fi | Brand + DR | ESS01 | NA | United States | Q1 2019 | Re-Brand
20,,,,1006296,6130,,Facebook,1006296_6130_Q1 2019 Google Fi_Switchers,Google Fi,,2019,Q1,2019-02-20 00:00:00 UTC,2019-03-31 00:00:00 UTC,,US,In-Flight Test,3.73E+14,,,Q1 2019_Project Fi_NA_US_Facebook/Instagram_R/F_Brand_and_Traffic_Switchers_Test Cell_OliveIO41549_Full Funnel Approach,,,,,Consideration,,"Which, if any, of the following wireless phone service providers would you consider using in the future?",,"[""Google Fi""]",1010,503,507,84,41,43,330169,359469.7121,0.43275,No Lift,5355565,3.11608782,92978289,17682.4094,20.755292,367003.57,0.0774794,Project Fi NA Q1 2019 United States - Brand,Social,Facebook,Biddable,"191,138,886","347,491","$656,717.50 ",1006296,22290676,Marvin,1006296 + 1004502 | Google Fi | Brand + DR | ESS01 | NA | United States | Q1 2019 | Re-Brand
21,,,,,6327,,Facebook,,,,,Q1,,,,,,,,,,,,,,,,,,,,,,,,,,,,,,,,,,,,Google Helpfulness NA 2019 Q1-Q3 North America,Social,Facebook,Biddable,"1,205,094","11,975","$9,612.78 ",1005537,22437524,Jeff,1005537 | Brand | BR | ESS01 | NA | US | 2019 | Helpfulness
22,,,,,6327,,Facebook,,,,,Q2,,,,,,,,,,,,,,,,,,,,,,,,,,,,,,,,,,,,Google Helpfulness NA 2019 Q1-Q3 North America,Social,Facebook,Biddable,"22,116,688","204,075","$128,313.95 ",1005537,22437524,Jeff,1005537 | Brand | BR | ESS01 | NA | US | 2019 | Helpfulness
23,,,,,6380,,Facebook,,,,,Q2,,,,,,,,,,,,,,,,,,,,,,,,,,,,,,,,,,,,Multi App NA Q2-Q3 2019 North America,Social,Facebook,Biddable,"171,841,668","260,469","$433,339.35 ",1006293,22437524,Marvin,1005537 | Brand | BR | ESS01 | NA | US | 2019 | Helpfulness
24,,,,,6459,,Facebook,,,,,Q2,,,,,,,,,,,,,,,,,,,,,,,,,,,,,,,,,,,,Pixel Bonito US 2019 Q2 2019 North America - Brand,Social,Instagram,Biddable,"15,788,486","38,922","$203,000.00 ",1006649,22443077,Thomas,1006649 | Pixel | Brand + DR | ESS01 | NA | US | Q2 2019 | Bonito
25,,,,,6459,,Facebook,,,,,Q2,,,,,,,,,,,,,,,,,,,,,,,,,,,,,,,,,,,,Pixel Bonito US 2019 Q2 2019 North America - Brand,Social,Facebook,Biddable,"116,114,534","980,953","$1,165,736.00 ",1006649,22443077,Thomas,1006649 | Pixel | Brand + DR | ESS01 | NA | US | Q2 2019 | Bonito
26,,,,,5815,,Facebook,,,,,Q1,,,,,,,,,,,,,,,,,,,,,,,,,,,,,,,,,,,,Pixel US '18/19 Q1 2019 North America - Brand,Social,Instagram,Biddable,"129,213,186","148,958","$1,037,855.39 ",1005584,22096007,,1005584 | Pixel | Brand + DR | ESS01 | NA | US | Q1 2019 | Pixel 3.0
