,Olive Plan Name,Quarter,Channel,Property,Platform,Buy Type,Details,Study Method/Provider,Creative passed [Y]es/[F]ailed/[N]ot tested [P]artial,Goal,Control,Exposed,Abs Lift,Rel Lift,Confidence,Success,Reach,Impressions,Frequency,Lifted Users,CPLU,Clicks,Spend,CPM,Viewable Impressions,>5 seconds in view/avoc,VIEWABLE,Avoc,Avg Ad Length,Mrf_Id,Olive Plan Id,DCM_Id,MMG,DCM Campaign Name
0,Google Helpfulness NA 2019 Q1-Q3 North America,Q2,Social,Twitter - Official,Twitter,Biddable,,,,,,,,,,,,"57,627,499",,,,"624,488","$277,203.52 ",,,,,,,1005537,6327,22437524,Jeff,1005537 | Brand | BR | ESS01 | NA | US | 2019 | Helpfulness
1,Google Helpfulness NA 2019 Q1-Q3 North America,Q1,Video,NYTimes,DBM,Programmatic - PMP,,,,,,,,,,,,"17,261",,,,91,"$1,121.96 ",,,,,,,1005537,6327,22437524,Jeff,1005537 | Brand | BR | ESS01 | NA | US | 2019 | Helpfulness
2,Google Helpfulness NA 2019 Q1-Q3 North America,Q2,Video,CNN,DBM,Programmatic - PMP,,,,,,,,,,,,"167,341",,,,560,"$2,062.15 ",,,,,,,1005537,6327,22437524,Jeff,1005537 | Brand | BR | ESS01 | NA | US | 2019 | Helpfulness
3,Google Helpfulness NA 2019 Q1-Q3 North America,Q2,Video,NYTimes,DBM,Programmatic - PMP,,,,,,,,,,,,"184,923",,,,"1,799","$12,019.99 ",,,,,,,1005537,6327,22437524,Jeff,1005537 | Brand | BR | ESS01 | NA | US | 2019 | Helpfulness
4,Google Helpfulness NA 2019 Q1-Q3 North America,Q1,Video,Conde Nast,DBM,Programmatic - PMP,,,,,,,,,,,,"414,253",,,,424,"$8,518.76 ",,,,,,,1005537,6327,22437524,Jeff,1005537 | Brand | BR | ESS01 | NA | US | 2019 | Helpfulness
5,Google Helpfulness NA 2019 Q1-Q3 North America,Q2,Video,Fox News,DBM,Programmatic - PMP,,,,,,,,,,,,"560,352",,,,"1,422","$10,646.69 ",,,,,,,1005537,6327,22437524,Jeff,1005537 | Brand | BR | ESS01 | NA | US | 2019 | Helpfulness
6,Google Helpfulness NA 2019 Q1-Q3 North America,Q2,Video,Huffington Post,DBM,Programmatic - PMP,,,,,,,,,,,,"772,965",,,,"7,109","$11,035.87 ",,,,,,,1005537,6327,22437524,Jeff,1005537 | Brand | BR | ESS01 | NA | US | 2019 | Helpfulness
7,Google Helpfulness NA 2019 Q1-Q3 North America,Q1,Social,Facebook,Facebook,Biddable,,,,,,,,,,,,"1,205,094",,,,"11,975","$9,612.78 ",,,,,,,1005537,6327,22437524,Jeff,1005537 | Brand | BR | ESS01 | NA | US | 2019 | Helpfulness
8,Google Helpfulness NA 2019 Q1-Q3 North America,Q2,Video,USA Today,DBM,Programmatic - PMP,,,,,,,,,,,,"1,614,906",,,,"3,447","$25,483.10 ",,,,,,,1005537,6327,22437524,Jeff,1005537 | Brand | BR | ESS01 | NA | US | 2019 | Helpfulness
9,Google Helpfulness NA 2019 Q1-Q3 North America,Q2,Display,Open Exchange AdX,DBM,Programmatic - Open Exchange,,,,,,,,,,,,"1,685,835",,,,7,"$5,336.70 ",,,,,,,1005537,6327,22437524,Jeff,1005537 | Brand | BR | ESS01 | NA | US | 2019 | Helpfulness
10,Google Helpfulness NA 2019 Q1-Q3 North America,Q1,Video,ESPN,DBM,Programmatic - PMP,,,,,,,,,,,,"2,044,923",,,,"2,280","$77,700.96 ",,,,,,,1005537,6327,22437524,Jeff,1005537 | Brand | BR | ESS01 | NA | US | 2019 | Helpfulness
11,Google Helpfulness NA 2019 Q1-Q3 North America,Q2,Display,GDN,GDN,Programmatic - Open Exchange,,,,,,,,,,,,"2,188,482",,,,0,"$4,043.67 ",,,,,,,1005537,6327,22437524,Jeff,1005537 | Brand | BR | ESS01 | NA | US | 2019 | Helpfulness
12,Google Helpfulness NA 2019 Q1-Q3 North America,Q1,Video,Open Exchange AdX,DBM,Programmatic - Open Exchange,,,,,,,,,,,,"2,525,642",,,,"11,549","$39,724.95 ",,,,,,,1005537,6327,22437524,Jeff,1005537 | Brand | BR | ESS01 | NA | US | 2019 | Helpfulness
13,Google Helpfulness NA 2019 Q1-Q3 North America,Q1,Display,NYTimes,DBM,Programmatic - PMP,,,,,,,,,,,,"2,630,138",,,,"2,617","$246,461.77 ",,,,,,,1005537,6327,22437524,Jeff,1005537 | Brand | BR | ESS01 | NA | US | 2019 | Helpfulness
14,Google Helpfulness NA 2019 Q1-Q3 North America,Q2,Video,Conde Nast,DBM,Programmatic - PMP,,,,,,,,,,,,"4,075,567",,,,"1,365","$85,771.21 ",,,,,,,1005537,6327,22437524,Jeff,1005537 | Brand | BR | ESS01 | NA | US | 2019 | Helpfulness
15,Google Helpfulness NA 2019 Q1-Q3 North America,Q2,Video,Vox,DBM,Programmatic - PMP,,,,,,,,,,,,"9,105,001",,,,"1,710","$125,755.17 ",,,,,,,1005537,6327,22437524,Jeff,1005537 | Brand | BR | ESS01 | NA | US | 2019 | Helpfulness
16,Google Helpfulness NA 2019 Q1-Q3 North America,Q2,Display,NYTimes,DBM,Programmatic - PMP,,,,,,,,,,,,"9,811,582",,,,"11,075","$265,405.75 ",,,,,,,1005537,6327,22437524,Jeff,1005537 | Brand | BR | ESS01 | NA | US | 2019 | Helpfulness
17,Google Helpfulness NA 2019 Q1-Q3 North America,Q1,Video,YouTube,YouTube,Biddable,,,,,,,,,,,,"10,142,504",,,,"4,114","$135,077.66 ",,,,,,,1005537,6327,22437524,Jeff,1005537 | Brand | BR | ESS01 | NA | US | 2019 | Helpfulness
18,Google Helpfulness NA 2019 Q1-Q3 North America,Q2,Social,Facebook,Facebook,Biddable,,,,,,,,,,,,"22,116,688",,,,"204,075","$128,313.95 ",,,,,,,1005537,6327,22437524,Jeff,1005537 | Brand | BR | ESS01 | NA | US | 2019 | Helpfulness
19,Google Helpfulness NA 2019 Q1-Q3 North America,Q2,Video,Open Exchange AdX,DBM,Programmatic - Open Exchange,,,,,,,,,,,,"28,814,615",,,,"89,457","$411,047.09 ",,,,,,,1005537,6327,22437524,Jeff,1005537 | Brand | BR | ESS01 | NA | US | 2019 | Helpfulness
20,Google Helpfulness NA 2019 Q1-Q3 North America,Q2,Video,YouTube,YouTube,Biddable,,,,,,,,,,,,"118,553,251",,,,"45,996","$1,361,612.29 ",,,,,,,1005537,6327,22437524,Jeff,1005537 | Brand | BR | ESS01 | NA | US | 2019 | Helpfulness
21,Google Home NA 2019 Q2 2019 United States - Google Nest Brand,Q2,Video,CNET,DBM,Programmatic - Guaranteed,,,,,,,,,,,,"59,308",,,,149,"$2,031.38 ",,,,,,,1006172,6708,22444142,,1006947 | Home | DR | NA | US | Q2-Q3 2019 | V1
22,Google Home NA 2019 Q2 2019 United States - Google Nest Brand,Q2,Video,CBS,DBM,Programmatic - Guaranteed,,,,,,,,,,,,"194,917",,,,314,"$6,507.46 ",,,,,,,1006172,6708,22444142,,1006947 | Home | DR | NA | US | Q2-Q3 2019 | V1
23,Google Home NA 2019 Q2 2019 United States - Google Nest Brand,Q2,Video,The Washington Post,DBM,Programmatic - Guaranteed,,,,,,,,,,,,"727,828",,,,"3,800","$49,492.64 ",,,,,,,1006172,6708,22444142,,1006947 | Home | DR | NA | US | Q2-Q3 2019 | V1
24,Google Home NA 2019 Q2 2019 United States - Google Nest Brand,Q2,Display,GDN,GDN,Biddable,,,,,,,,,,,,"773,895",,,,4,"$1,443.64 ",,,,,,,1006172,6708,22444142,,1006947 | Home | DR | NA | US | Q2-Q3 2019 | V1
25,Google Home NA 2019 Q2 2019 United States - Google Nest Brand,Q2,Video,Open Exchange NonAdX,DBM,Programmatic - Open Exchange,,,,,,,,,,,,"1,216,068",,,,0,"$44,386.47 ",,,,,,,1006172,6708,22444142,,1006947 | Home | DR | NA | US | Q2-Q3 2019 | V1
26,Google Home NA 2019 Q2 2019 United States - Google Nest Brand,Q2,Video,Hulu,DBM,Programmatic - PMP,,,,,,,,,,,,"1,401,619",,,,"2,682","$52,104.12 ",,,,,,,1006172,6708,22444142,,1006947 | Home | DR | NA | US | Q2-Q3 2019 | V1
27,Google Home NA 2019 Q2 2019 United States - Google Nest Brand,Q2,Video,ABC,Unknown,Direct Buy,,,,,,,,,,,,"1,855,608",,,,493,"$51,437.23 ",,,,,,,1006172,6708,22444142,,1006947 | Home | DR | NA | US | Q2-Q3 2019 | V1
28,Google Home NA 2019 Q2 2019 United States - Google Nest Brand,Q2,Social,Instagram,Facebook,Biddable,,,,,,,,,,,,"2,046,629",,,,"3,435","$6,384.07 ",,,,,,,1006172,6708,22444142,,1006947 | Home | DR | NA | US | Q2-Q3 2019 | V1
29,Google Home NA 2019 Q2 2019 United States - Google Nest Brand,Q2,Video,Conde Nast,DBM,Programmatic - Guaranteed,,,,,,,,,,,,"2,310,691",,,,650,"$68,078.41 ",,,,,,,1006172,6708,22444142,,1006947 | Home | DR | NA | US | Q2-Q3 2019 | V1
30,Google Home NA 2019 Q2 2019 United States - Google Nest Brand,Q2,Video,NBC,Unknown,Direct Buy,,,,,,,,,,,,"2,458,350",,,,"1,084","$60,227.25 ",,,,,,,1006172,6708,22444142,,1006947 | Home | DR | NA | US | Q2-Q3 2019 | V1
31,Google Home NA 2019 Q2 2019 United States - Google Nest Brand,Q2,Video,Vox Media,DBM,Programmatic - Guaranteed,,,,,,,,,,,,"2,790,985",,,,847,"$93,016.18 ",,,,,,,1006172,6708,22444142,,1006947 | Home | DR | NA | US | Q2-Q3 2019 | V1
32,Google Home NA 2019 Q2 2019 United States - Google Nest Brand,Q2,Display,Open Exchange AdX,DBM,Programmatic - Open Exchange,,,,,,,,,,,,"4,160,818",,,,"10,809","$21,882.05 ",,,,,,,1006172,6708,22444142,,1006947 | Home | DR | NA | US | Q2-Q3 2019 | V1
33,Google Home NA 2019 Q2 2019 United States - Google Nest Brand,Q2,Video,Open Exchange AdX,DBM,Programmatic - Open Exchange,,,,,,,,,,,,"8,321,753",,,,"30,721","$100,028.65 ",,,,,,,1006172,6708,22444142,,1006947 | Home | DR | NA | US | Q2-Q3 2019 | V1
34,Google Home NA 2019 Q2 2019 United States - Google Nest Brand,Q2,Video,Fox Sports,Unknown,Direct Buy,,,,,,,,,,,,"9,635,101",,,,340,"$385,404.04 ",,,,,,,1006172,6708,22444142,,1006947 | Home | DR | NA | US | Q2-Q3 2019 | V1
35,Google Home NA 2019 Q2 2019 United States - Google Nest Brand,Q2,Social,Facebook,Facebook,Biddable,,,,,,,,,,,,"11,366,576",,,,"187,923","$10,399.34 ",,,,,,,1006172,6708,22444142,,1006947 | Home | DR | NA | US | Q2-Q3 2019 | V1
36,Google Home NA 2019 Q2 2019 United States - Google Nest Brand,Q2,Social,Twitter - Official,Twitter,Biddable,,,,,,,,,,,,"54,666,987",,,,"295,209","$565,143.16 ",,,,,,,1006172,6708,22444142,,1006947 | Home | DR | NA | US | Q2-Q3 2019 | V1
37,Google Home NA 2019 Q2 2019 United States - Google Nest Brand,Q2,Video,ESPN,Unknown,Direct Buy,,,,,,,,,,,,"15,758,085",,,,"69,336","$459,696.12 ",,,,,,,1006172,6708,22444142,,1006947 | Home | DR | NA | US | Q2-Q3 2019 | V1
38,Google Home NA 2019 Q2 2019 United States - Google Nest Brand,Q2,Video,YouTube (via DBM),DBM,Biddable,,,,,,,,,,,,"15,806,274",,,,"28,900","$669,070.28 ",,,,,,,1006172,6708,22444142,,1006947 | Home | DR | NA | US | Q2-Q3 2019 | V1
39,Google Home NA 2019 Q2 2019 United States - Google Nest Brand,Q2,Social,Facebook/Instagram,Facebook,Biddable,,,,,,,,,,,,"51,130,204",,,,"177,138","$156,147.17 ",,,,,,,1006172,6708,22444142,,1006947 | Home | DR | NA | US | Q2-Q3 2019 | V1
40,Google Home NA 2019 Q2 2019 United States - Google Nest Brand,Q2,Display,ESPN,Unknown,Direct Buy,,,,,,,,,,,,"87,172,949",,,,"60,007","$390,303.89 ",,,,,,,1006172,6708,22444142,,1006947 | Home | DR | NA | US | Q2-Q3 2019 | V1
41,Google Home NA 2019 Q2 2019 United States - Google Nest Brand,Q2,Video,YouTube,YouTube,Biddable,,,,,,,,,,,,"612,789,357",,,,"728,930","$7,487,115.13 ",,,,,,,1006172,6708,22444142,,1006947 | Home | DR | NA | US | Q2-Q3 2019 | V1
42,Google Stadia NA 2019 Q2 2019 North America - Brand,Q2,Social,Twitter - Official,Twitter,Biddable,,,,,,,,,,,,"11,538,549",,,,"10,334","$100,000.00 ",,,,,,,1006903,6802,22783112,Thomas,1006903 | Stadia | Brand + DR | ESS01 | Global | | FY 2019 | Stadia - NA - Launch Year
43,Google Stadia NA 2019 Q2 2019 North America - Brand,Q2,Video,YouTube,Unknown,Direct Buy,,,,,,,,,,,,"127,202,861",,,,"101,240","$5,007,735.32 ",,,,,,,1006903,6802,22783112,Thomas,1006903 | Stadia | Brand + DR | ESS01 | Global | | FY 2019 | Stadia - NA - Launch Year
44,Google Stadia NA 2019 Q2 2019 North America - Brand,Q2,Display,YouTube,Unknown,Direct Buy,,,,,,,,,,,,"502,809,638",,,,"147,182","$945,000.00 ",,,,,,,1006903,6802,22783112,Thomas,1006903 | Stadia | Brand + DR | ESS01 | Global | | FY 2019 | Stadia - NA - Launch Year
45,Google Stadia NA 2019 Q2 2019 North America - Brand,Q2,Video,YouTube,YouTube,Biddable,,,,,,,,,,,,"519,693,764",,,,"371,263","$5,732,481.84 ",,,,,,,1006903,6802,22783112,Thomas,1006903 | Stadia | Brand + DR | ESS01 | Global | | FY 2019 | Stadia - NA - Launch Year
46,Multi App NA Q2-Q3 2019 North America,Q2,Video,Hulu,DBM,Programmatic - Guaranteed,,,,,,,,,,,,"1,941,808",,,,546,"$57,166.83 ",,,,,,,1006293,6380,22437524,Marvin,1005537 | Brand | BR | ESS01 | NA | US | 2019 | Helpfulness
47,Multi App NA Q2-Q3 2019 North America,Q2,Video,Spotify,DBM,Programmatic - Guaranteed,,,,,,,,,,,,"3,154,108",,,,"6,003","$139,892.75 ",,,,,,,1006293,6380,22437524,Marvin,1005537 | Brand | BR | ESS01 | NA | US | 2019 | Helpfulness
48,Multi App NA Q2-Q3 2019 North America,Q2,Video,ESPN,Unknown,Direct Buy,,,,,,,,,,,,"3,517,188",,,,"6,003","$117,576.15 ",,,,,,,1006293,6380,22437524,Marvin,1005537 | Brand | BR | ESS01 | NA | US | 2019 | Helpfulness
49,Multi App NA Q2-Q3 2019 North America,Q2,Display,BuzzFeed,DBM,Programmatic - Guaranteed,,,,,,,,,,,,"4,898,916",,,,"1,236","$48,771.97 ",,,,,,,1006293,6380,22437524,Marvin,1005537 | Brand | BR | ESS01 | NA | US | 2019 | Helpfulness
50,Multi App NA Q2-Q3 2019 North America,Q2,Display,Conde Nast,DBM,Programmatic - Guaranteed,,,,,,,,,,,,"7,331,467",,,,"2,776","$258,033.63 ",,,,,,,1006293,6380,22437524,Marvin,1005537 | Brand | BR | ESS01 | NA | US | 2019 | Helpfulness
51,Multi App NA Q2-Q3 2019 North America,Q2,Video,Fox Networks,Unknown,Direct Buy,,,,,,,,,,,,"13,893,116",,,,726,"$410,755.67 ",,,,,,,1006293,6380,22437524,Marvin,1005537 | Brand | BR | ESS01 | NA | US | 2019 | Helpfulness
52,Multi App NA Q2-Q3 2019 North America,Q2,Display,Vox,DBM,Programmatic - Guaranteed,,,,,,,,,,,,"20,617,589",,,,"15,776","$534,755.73 ",,,,,,,1006293,6380,22437524,Marvin,1005537 | Brand | BR | ESS01 | NA | US | 2019 | Helpfulness
53,Multi App NA Q2-Q3 2019 North America,Q2,Social,Twitter - Official,Twitter,Biddable,,,,,,,,,,,,"45,282,871",,,,"141,488","$154,517.87 ",,,,,,,1006293,6380,22437524,Marvin,1005537 | Brand | BR | ESS01 | NA | US | 2019 | Helpfulness
54,Multi App NA Q2-Q3 2019 North America,Q2,Video,YouTube,Unknown,Programmatic - Preferred deal,,,,,,,,,,,,"46,547,565",,,,"37,345","$1,260,000.00 ",,,,,,,1006293,6380,22437524,Marvin,1005537 | Brand | BR | ESS01 | NA | US | 2019 | Helpfulness
55,Multi App NA Q2-Q3 2019 North America,Q2,Video,Open Exchange AdX,DBM,Programmatic - Open Exchange,,,,,,,,,,,,"62,200,869",,,,"97,437","$714,883.44 ",,,,,,,1006293,6380,22437524,Marvin,1005537 | Brand | BR | ESS01 | NA | US | 2019 | Helpfulness
56,Multi App NA Q2-Q3 2019 North America,Q2,Video,Open Exchange NonAdX,DBM,Programmatic - Open Exchange,,,,,,,,,,,,"78,520,719",,,,"196,979","$501,518.69 ",,,,,,,1006293,6380,22437524,Marvin,1005537 | Brand | BR | ESS01 | NA | US | 2019 | Helpfulness
57,Multi App NA Q2-Q3 2019 North America,Q2,Social,Snapchat,Snapchat,Biddable,,,,,,,,,,,,"94,147,607",,,,"1,291,082","$353,694.65 ",,,,,,,1006293,6380,22437524,Marvin,1005537 | Brand | BR | ESS01 | NA | US | 2019 | Helpfulness
58,Multi App NA Q2-Q3 2019 North America,Q2,Display,Open Exchange AdX,DBM,Programmatic - Open Exchange,,,,,,,,,,,,"112,712,928",,,,"307,764","$742,255.59 ",,,,,,,1006293,6380,22437524,Marvin,1005537 | Brand | BR | ESS01 | NA | US | 2019 | Helpfulness
59,Multi App NA Q2-Q3 2019 North America,Q2,Social,Facebook,Facebook,Biddable,,,,,,,,,,,,"171,841,668",,,,"260,469","$433,339.35 ",,,,,,,1006293,6380,22437524,Marvin,1005537 | Brand | BR | ESS01 | NA | US | 2019 | Helpfulness
60,Multi App NA Q2-Q3 2019 North America,Q2,Display,Open Exchange NonAdX,DBM,Programmatic - Open Exchange,,,,,,,,,,,,"201,598,228",,,,"306,879","$788,402.61 ",,,,,,,1006293,6380,22437524,Marvin,1005537 | Brand | BR | ESS01 | NA | US | 2019 | Helpfulness
61,Multi App NA Q2-Q3 2019 North America,Q2,Display,GDN,GDN,Biddable,,,,,,,,,,,,"401,770,688",,,,"2,216,417","$978,533.67 ",,,,,,,1006293,6380,22437524,Marvin,1005537 | Brand | BR | ESS01 | NA | US | 2019 | Helpfulness
62,Multi App NA Q2-Q3 2019 North America,Q2,Video,YouTube,YouTube,Biddable,,,,,,,,,,,,"551,240,339",,,,"537,925","$4,832,865.68 ",,,,,,,1006293,6380,22437524,Marvin,1005537 | Brand | BR | ESS01 | NA | US | 2019 | Helpfulness
63,Pixel Bonito US 2019 Q2 2019 North America - Brand,Q2,Video,NBA.com,Unknown,Direct Buy,,,,,,,,,,,,"634,681",,,,"2,751","$22,950.00 ",,,,,,,1006649,6459,22443077,Thomas,1006649 | Pixel | Brand + DR | ESS01 | NA | US | Q2 2019 | Bonito
64,Pixel Bonito US 2019 Q2 2019 North America - Brand,Q2,Video,Univision,Unknown,Direct Buy,,,,,,,,,,,,"1,368,934",,,,745,"$27,500.00 ",,,,,,,1006649,6459,22443077,Thomas,1006649 | Pixel | Brand + DR | ESS01 | NA | US | Q2 2019 | Bonito
65,Pixel Bonito US 2019 Q2 2019 North America - Brand,Q2,Display,Univision,Unknown,Direct Buy,,,,,,,,,,,,"1,974,171",,,,"2,871","$20,000.00 ",,,,,,,1006649,6459,22443077,Thomas,1006649 | Pixel | Brand + DR | ESS01 | NA | US | Q2 2019 | Bonito
66,Pixel Bonito US 2019 Q2 2019 North America - Brand,Q2,Video,CNET,DBM,Programmatic - Guaranteed,,,,,,,,,,,,"2,426,082",,,,"9,012","$84,912.87 ",,,,,,,1006649,6459,22443077,Thomas,1006649 | Pixel | Brand + DR | ESS01 | NA | US | Q2 2019 | Bonito
67,Pixel Bonito US 2019 Q2 2019 North America - Brand,Q2,Display,GDN,GDN,Biddable,,,,,,,,,,,,"2,822,013",,,,6,"$6,865.17 ",,,,,,,1006649,6459,22443077,Thomas,1006649 | Pixel | Brand + DR | ESS01 | NA | US | Q2 2019 | Bonito
68,Pixel Bonito US 2019 Q2 2019 North America - Brand,Q2,Video,Spotify,DBM,Programmatic - Guaranteed,,,,,,,,,,,,"3,354,523",,,,"6,742","$165,042.38 ",,,,,,,1006649,6459,22443077,Thomas,1006649 | Pixel | Brand + DR | ESS01 | NA | US | Q2 2019 | Bonito
69,Pixel Bonito US 2019 Q2 2019 North America - Brand,Q2,Video,Bleacher Report,Unknown,Direct Buy,,,,,,,,,,,,"3,601,722",,,,"3,391","$125,000.00 ",,,,,,,1006649,6459,22443077,Thomas,1006649 | Pixel | Brand + DR | ESS01 | NA | US | Q2 2019 | Bonito
70,Pixel Bonito US 2019 Q2 2019 North America - Brand,Q2,Video,iheart.com,DBM,Programmatic - Guaranteed,,,,,,,,,,,,"4,429,913",,,,"77,576","$124,037.56 ",,,,,,,1006649,6459,22443077,Thomas,1006649 | Pixel | Brand + DR | ESS01 | NA | US | Q2 2019 | Bonito
71,Pixel Bonito US 2019 Q2 2019 North America - Brand,Q2,Display,Meredith,DBM,Programmatic - Guaranteed,,,,,,,,,,,,"5,331,105",,,,"2,382","$88,957.84 ",,,,,,,1006649,6459,22443077,Thomas,1006649 | Pixel | Brand + DR | ESS01 | NA | US | Q2 2019 | Bonito
72,Pixel Bonito US 2019 Q2 2019 North America - Brand,Q2,Video,Spotify,DBM,Programmatic - PMP,,,,,,,,,,,,"5,556,799",,,,"23,171","$118,159.34 ",,,,,,,1006649,6459,22443077,Thomas,1006649 | Pixel | Brand + DR | ESS01 | NA | US | Q2 2019 | Bonito
73,Pixel Bonito US 2019 Q2 2019 North America - Brand,Q2,Video,ABC,Unknown,Direct Buy,,,,,,,,,,,,"6,162,131",,,,"3,512","$170,814.27 ",,,,,,,1006649,6459,22443077,Thomas,1006649 | Pixel | Brand + DR | ESS01 | NA | US | Q2 2019 | Bonito
74,Pixel Bonito US 2019 Q2 2019 North America - Brand,Q2,Video,CBS,DBM,Programmatic - Guaranteed,,,,,,,,,,,,"6,887,342",,,,"7,863","$220,393.28 ",,,,,,,1006649,6459,22443077,Thomas,1006649 | Pixel | Brand + DR | ESS01 | NA | US | Q2 2019 | Bonito
75,Pixel Bonito US 2019 Q2 2019 North America - Brand,Q2,Display,Open Exchange NonAdX,DBM,Programmatic - Open Exchange,,,,,,,,,,,,"6,914,209",,,,"1,315","$27,871.87 ",,,,,,,1006649,6459,22443077,Thomas,1006649 | Pixel | Brand + DR | ESS01 | NA | US | Q2 2019 | Bonito
76,Pixel Bonito US 2019 Q2 2019 North America - Brand,Q2,Video,NBC,Unknown,Direct Buy,,,,,,,,,,,,"7,554,468",,,,"3,243","$179,171.50 ",,,,,,,1006649,6459,22443077,Thomas,1006649 | Pixel | Brand + DR | ESS01 | NA | US | Q2 2019 | Bonito
77,Pixel Bonito US 2019 Q2 2019 North America - Brand,Q2,Video,Fox Networks,Unknown,Direct Buy,,,,,,,,,,,,"7,985,994",,,,694,"$200,000.00 ",,,,,,,1006649,6459,22443077,Thomas,1006649 | Pixel | Brand + DR | ESS01 | NA | US | Q2 2019 | Bonito
78,Pixel Bonito US 2019 Q2 2019 North America - Brand,Q2,Video,ESPN,Unknown,Direct Buy,,,,,,,,,,,,"8,235,014",,,,"14,837","$220,000.00 ",,,,,,,1006649,6459,22443077,Thomas,1006649 | Pixel | Brand + DR | ESS01 | NA | US | Q2 2019 | Bonito
79,Pixel Bonito US 2019 Q2 2019 North America - Brand,Q2,Display,Slickdeals,DBM,Programmatic - PMP,,,,,,,,,,,,"8,515,746",,,,"2,795","$90,271.28 ",,,,,,,1006649,6459,22443077,Thomas,1006649 | Pixel | Brand + DR | ESS01 | NA | US | Q2 2019 | Bonito
80,Pixel Bonito US 2019 Q2 2019 North America - Brand,Q2,Video,Pandora,DBM,Programmatic - Guaranteed,,,,,,,,,,,,"10,773,198",,,,"29,317","$223,346.41 ",,,,,,,1006649,6459,22443077,Thomas,1006649 | Pixel | Brand + DR | ESS01 | NA | US | Q2 2019 | Bonito
81,Pixel Bonito US 2019 Q2 2019 North America - Brand,Q2,Social,Univision,Unknown,Biddable,,,,,,,,,,,,"10,997,205",,,,"60,771","$250,000.00 ",,,,,,,1006649,6459,22443077,Thomas,1006649 | Pixel | Brand + DR | ESS01 | NA | US | Q2 2019 | Bonito
82,Pixel Bonito US 2019 Q2 2019 North America - Brand,Q2,Display,Bleacher Report,Unknown,Direct Buy,,,,,,,,,,,,"11,511,411",,,,"7,406","$125,000.00 ",,,,,,,1006649,6459,22443077,Thomas,1006649 | Pixel | Brand + DR | ESS01 | NA | US | Q2 2019 | Bonito
83,Pixel Bonito US 2019 Q2 2019 North America - Brand,Q2,Display,Ziff Davis,DBM,Programmatic - Guaranteed,,,,,,,,,,,,"11,845,261",,,,"5,143","$363,860.80 ",,,,,,,1006649,6459,22443077,Thomas,1006649 | Pixel | Brand + DR | ESS01 | NA | US | Q2 2019 | Bonito
84,Pixel Bonito US 2019 Q2 2019 North America - Brand,Q2,Social,Instagram,Facebook,Biddable,,,,,,,,,,,,"15,788,486",,,,"38,922","$203,000.00 ",,,,,,,1006649,6459,22443077,Thomas,1006649 | Pixel | Brand + DR | ESS01 | NA | US | Q2 2019 | Bonito
85,Pixel Bonito US 2019 Q2 2019 North America - Brand,Q2,Display,CNET,DBM,Programmatic - Guaranteed,,,,,,,,,,,,"19,401,876",,,,"25,227","$650,996.01 ",,,,,,,1006649,6459,22443077,Thomas,1006649 | Pixel | Brand + DR | ESS01 | NA | US | Q2 2019 | Bonito
86,Pixel Bonito US 2019 Q2 2019 North America - Brand,Q2,Video,Hulu,DBM,Programmatic - PMP,,,,,,,,,,,,"19,981,382",,,,"22,081","$522,243.89 ",,,,,,,1006649,6459,22443077,Thomas,1006649 | Pixel | Brand + DR | ESS01 | NA | US | Q2 2019 | Bonito
87,Pixel Bonito US 2019 Q2 2019 North America - Brand,Q2,Display,Conde Nast,DBM,Programmatic - PMP,,,,,,,,,,,,"24,504,735",,,,"19,966","$377,797.47 ",,,,,,,1006649,6459,22443077,Thomas,1006649 | Pixel | Brand + DR | ESS01 | NA | US | Q2 2019 | Bonito
88,Pixel Bonito US 2019 Q2 2019 North America - Brand,Q2,Display,BuzzFeed,DBM,Programmatic - Guaranteed,,,,,,,,,,,,"25,855,477",,,,"8,614","$317,492.49 ",,,,,,,1006649,6459,22443077,Thomas,1006649 | Pixel | Brand + DR | ESS01 | NA | US | Q2 2019 | Bonito
89,Pixel Bonito US 2019 Q2 2019 North America - Brand,Q2,Display,triplelift.com,DBM,Programmatic - PMP,,,,,,,,,,,,"35,661,667",,,,"88,984","$224,671.57 ",,,,,,,1006649,6459,22443077,Thomas,1006649 | Pixel | Brand + DR | ESS01 | NA | US | Q2 2019 | Bonito
90,Pixel Bonito US 2019 Q2 2019 North America - Brand,Q2,Display,NBA.com,Unknown,Direct Buy,,,,,,,,,,,,"36,023,030",,,,"40,303","$538,000.00 ",,,,,,,1006649,6459,22443077,Thomas,1006649 | Pixel | Brand + DR | ESS01 | NA | US | Q2 2019 | Bonito
91,Pixel Bonito US 2019 Q2 2019 North America - Brand,Q2,Display,Fusion Media Group,DBM,Programmatic - Guaranteed,,,,,,,,,,,,"36,467,868",,,,"17,470","$398,997.73 ",,,,,,,1006649,6459,22443077,Thomas,1006649 | Pixel | Brand + DR | ESS01 | NA | US | Q2 2019 | Bonito
92,Pixel Bonito US 2019 Q2 2019 North America - Brand,Q2,Display,Vox,DBM,Programmatic - Guaranteed,,,,,,,,,,,,"37,439,042",,,,"20,532","$653,754.27 ",,,,,,,1006649,6459,22443077,Thomas,1006649 | Pixel | Brand + DR | ESS01 | NA | US | Q2 2019 | Bonito
93,Pixel Bonito US 2019 Q2 2019 North America - Brand,Q2,Social,Twitter - Official,Unknown,Direct Buy,,,,,,,,,,,,"42,398,014",,,,"291,414","$720,000.00 ",,,,,,,1006649,6459,22443077,Thomas,1006649 | Pixel | Brand + DR | ESS01 | NA | US | Q2 2019 | Bonito
94,Pixel Bonito US 2019 Q2 2019 North America - Brand,Q2,Video,Open Exchange AdX,DBM,Programmatic - Open Exchange,,,,,,,,,,,,"54,929,963",,,,"100,815","$547,422.59 ",,,,,,,1006649,6459,22443077,Thomas,1006649 | Pixel | Brand + DR | ESS01 | NA | US | Q2 2019 | Bonito
95,Pixel Bonito US 2019 Q2 2019 North America - Brand,Q2,Social,Twitter - Official,Twitter,Biddable,,,,,,,,,,,,"72,741,791",,,,"767,864","$674,000.00 ",,,,,,,1006649,6459,22443077,Thomas,1006649 | Pixel | Brand + DR | ESS01 | NA | US | Q2 2019 | Bonito
96,Pixel Bonito US 2019 Q2 2019 North America - Brand,Q2,Display,Open Exchange AdX,DBM,Programmatic - Open Exchange,,,,,,,,,,,,"71,404,388",,,,"62,645","$259,315.13 ",,,,,,,1006649,6459,22443077,Thomas,1006649 | Pixel | Brand + DR | ESS01 | NA | US | Q2 2019 | Bonito
97,Pixel Bonito US 2019 Q2 2019 North America - Brand,Q2,Video,YouTube,DBM,Programmatic - Guaranteed,,,,,,,,,,,,"99,215,623",,,,"170,858","$3,449,375.32 ",,,,,,,1006649,6459,22443077,Thomas,1006649 | Pixel | Brand + DR | ESS01 | NA | US | Q2 2019 | Bonito
98,Pixel Bonito US 2019 Q2 2019 North America - Brand,Q2,Social,Facebook,Facebook,Biddable,,,,,,,,,,,,"116,114,534",,,,"980,953","$1,165,736.00 ",,,,,,,1006649,6459,22443077,Thomas,1006649 | Pixel | Brand + DR | ESS01 | NA | US | Q2 2019 | Bonito
99,Pixel Bonito US 2019 Q2 2019 North America - Brand,Q2,Video,YouTube,Unknown,Direct Buy,,,,,,,,,,,,"135,586,464",,,,"200,923","$2,481,537.04 ",,,,,,,1006649,6459,22443077,Thomas,1006649 | Pixel | Brand + DR | ESS01 | NA | US | Q2 2019 | Bonito
100,Pixel Bonito US 2019 Q2 2019 North America - Brand,Q2,Video,YouTube,Unknown,Programmatic - Guaranteed,,,,,,,,,,,,"366,029,777",,,,"379,393","$7,735,333.50 ",,,,,,,1006649,6459,22443077,Thomas,1006649 | Pixel | Brand + DR | ESS01 | NA | US | Q2 2019 | Bonito
101,Pixel Bonito US 2019 Q2 2019 North America - Brand,Q2,Display,YouTube,Unknown,Direct Buy,,,,,,,,,,,,"485,824,986",,,,"100,536","$945,000.00 ",,,,,,,1006649,6459,22443077,Thomas,1006649 | Pixel | Brand + DR | ESS01 | NA | US | Q2 2019 | Bonito
102,Pixel Bonito US 2019 Q2 2019 North America - Brand,Q2,Video,YouTube,YouTube,Biddable,,,,,,,,,,,,"894,021,048",,,,"1,212,559","$13,988,265.67 ",,,,,,,1006649,6459,22443077,Thomas,1006649 | Pixel | Brand + DR | ESS01 | NA | US | Q2 2019 | Bonito
103,Pixel US '18/19 Q1 2019 North America - Brand,Q1,Video,USA Today,DBM,Programmatic - Guaranteed,,,,,,,,,,,,"1,870,981",,,,"4,241","$44,903.54 ",,,,,,,1005584,5815,22096007,,1005584 | Pixel | Brand + DR | ESS01 | NA | US | Q1 2019 | Pixel 3.0
105,Pixel US '18/19 Q1 2019 North America - Brand,Q1,Video,Spotify,DBM,Programmatic - Guaranteed,,,,,,,,,,,,"4,065,251",,,,"10,779","$200,010.31 ",,,,,,,1005584,5815,22096007,,1005584 | Pixel | Brand + DR | ESS01 | NA | US | Q1 2019 | Pixel 3.0
107,Pixel US '18/19 Q1 2019 North America - Brand,Q1,Display,Rolling Stone,Unknown,Direct Buy,,,,,,,,,,,,"5,089,605",,,,"4,210","$100,000.00 ",,,,,,,1005584,5815,22096007,,1005584 | Pixel | Brand + DR | ESS01 | NA | US | Q1 2019 | Pixel 3.0
109,Pixel US '18/19 Q1 2019 North America - Brand,Q1,Video,Open Exchange AdX,DBM,Programmatic - Open Exchange,,,,,,,,,,,,"24,111,751",,,,"195,362","$921,461.87 ",,,,,,,1005584,5815,22096007,,1005584 | Pixel | Brand + DR | ESS01 | NA | US | Q1 2019 | Pixel 3.0
111,Pixel US '18/19 Q1 2019 North America - Brand,Q1,Video,YouTube,DBM,Programmatic - Guaranteed,,,,,,,,,,,,"31,248,682",,,,"31,774","$598,229.82 ",,,,,,,1005584,5815,22096007,,1005584 | Pixel | Brand + DR | ESS01 | NA | US | Q1 2019 | Pixel 3.0
113,Pixel US '18/19 Q1 2019 North America - Brand,Q1,Display,Giphy,Unknown,Direct Buy,,,,,,,,,,,,"50,471,336",,,,0,"$500,000.00 ",,,,,,,1005584,5815,22096007,,1005584 | Pixel | Brand + DR | ESS01 | NA | US | Q1 2019 | Pixel 3.0
115,Pixel US '18/19 Q1 2019 North America - Brand,Q1,Social,Twitter - Official,Unknown,Direct Buy,,,,,,,,,,,,0,,,,0,"$400,000.00 ",,,,,,,1005584,5815,22096007,,1005584 | Pixel | Brand + DR | ESS01 | NA | US | Q1 2019 | Pixel 3.0
117,Pixel US '18/19 Q1 2019 North America - Brand,Q1,Social,Twitter - Official,Twitter,Biddable,,,,,,,,,,,,"208,477,274",,,,"879,095","$1,829,295.50 ",,,,,,,1005584,5815,22096007,,1005584 | Pixel | Brand + DR | ESS01 | NA | US | Q1 2019 | Pixel 3.0
119,Pixel US '18/19 Q1 2019 North America - Brand,Q1,Social,Instagram,Facebook,Biddable,,,,,,,,,,,,"129,213,186",,,,"148,958","$1,037,855.39 ",,,,,,,1005584,5815,22096007,,1005584 | Pixel | Brand + DR | ESS01 | NA | US | Q1 2019 | Pixel 3.0
121,Pixel US '18/19 Q1 2019 North America - Brand,Q1,Video,YouTube,YouTube,Biddable,,,,,,,,,,,,"1,586,849,274",,,,"1,826,302","$16,947,002.94 ",,,,,,,1005584,5815,22096007,,1005584 | Pixel | Brand + DR | ESS01 | NA | US | Q1 2019 | Pixel 3.0
123,Project Fi NA Q1 2019 United States - Brand,Q1,Video,Spotify,DBM,Programmatic - Guaranteed,,,,,,,,,,,,"9,881,017",,,,"29,055","$486,146.04 ",,,,,,,1006296,6130,22290676,Marvin,1006296 + 1004502 | Google Fi | Brand + DR | ESS01 | NA | United States | Q1 2019 | Re-Brand
124,Project Fi NA Q1 2019 United States - Brand,Q1,Video,Hulu,DBM,Programmatic - Guaranteed,,,,,,,,,,,,"14,194,212",,,,"13,903","$398,715.42 ",,,,,,,1006296,6130,22290676,Marvin,1006296 + 1004502 | Google Fi | Brand + DR | ESS01 | NA | United States | Q1 2019 | Re-Brand
125,Project Fi NA Q1 2019 United States - Brand,Q1,Video,YouTube,GDN,Biddable,,,,,,,,,,,,"16,849,873",,,,"11,053","$58,684.30 ",,,,,,,1006296,6130,22290676,Marvin,1006296 + 1004502 | Google Fi | Brand + DR | ESS01 | NA | United States | Q1 2019 | Re-Brand
126,Project Fi NA Q1 2019 United States - Brand,Q1,Display,Open Exchange AdX,DBM,Programmatic - PMP,,,,,,,,,,,,"20,883,901",,,,"19,108","$144,003.14 ",,,,,,,1006296,6130,22290676,Marvin,1006296 + 1004502 | Google Fi | Brand + DR | ESS01 | NA | United States | Q1 2019 | Re-Brand
127,Project Fi NA Q1 2019 United States - Brand,Q1,Video,Pandora,DBM,Programmatic - Guaranteed,,,,,,,,,,,,"22,359,635",,,,"123,826","$412,535.27 ",,,,,,,1006296,6130,22290676,Marvin,1006296 + 1004502 | Google Fi | Brand + DR | ESS01 | NA | United States | Q1 2019 | Re-Brand
128,Project Fi NA Q1 2019 United States - Brand,Q1,Display,Vox,DBM,Programmatic - Guaranteed,,,,,,,,,,,,"23,957,143",,,,"12,422","$333,305.53 ",,,,,,,1006296,6130,22290676,Marvin,1006296 + 1004502 | Google Fi | Brand + DR | ESS01 | NA | United States | Q1 2019 | Re-Brand
129,Project Fi NA Q1 2019 United States - Brand,Q1,Video,Open Exchange AdX,DBM,Programmatic - Open Exchange,,,,,,,,,,,,"25,626,457",,,,"147,075","$446,701.58 ",,,,,,,1006296,6130,22290676,Marvin,1006296 + 1004502 | Google Fi | Brand + DR | ESS01 | NA | United States | Q1 2019 | Re-Brand
130,Project Fi NA Q1 2019 United States - Brand,Q1,Video,Open Exchange NonAdX,DBM,Programmatic - PMP,,,,,,,,,,,,"26,731,432",,,,"117,599","$313,227.27 ",,,,,,,1006296,6130,22290676,Marvin,1006296 + 1004502 | Google Fi | Brand + DR | ESS01 | NA | United States | Q1 2019 | Re-Brand
131,Project Fi NA Q1 2019 United States - Brand,Q1,Display,Fusion Media Group,DBM,Programmatic - Guaranteed,,,,,,,,,,,,"34,959,882",,,,"30,640","$344,040.16 ",,,,,,,1006296,6130,22290676,Marvin,1006296 + 1004502 | Google Fi | Brand + DR | ESS01 | NA | United States | Q1 2019 | Re-Brand
132,Project Fi NA Q1 2019 United States - Brand,Q1,Video,Hulu,Unknown,Direct Buy,,,,,,,,,,,,"37,266,199",,,,"23,313","$699,446.04 ",,,,,,,1006296,6130,22290676,Marvin,1006296 + 1004502 | Google Fi | Brand + DR | ESS01 | NA | United States | Q1 2019 | Re-Brand
133,Project Fi NA Q1 2019 United States - Brand,Q1,Video,YouTube,DBM,Programmatic - Guaranteed,,,,,,,,,,,,"43,433,090",,,,"45,084","$1,409,244.95 ",,,,,,,1006296,6130,22290676,Marvin,1006296 + 1004502 | Google Fi | Brand + DR | ESS01 | NA | United States | Q1 2019 | Re-Brand
134,Project Fi NA Q1 2019 United States - Brand,Q1,Display,Open Exchange NonAdX,DBM,Programmatic - Open Exchange,,,,,,,,,,,,"56,650,537",,,,"38,991","$155,621.54 ",,,,,,,1006296,6130,22290676,Marvin,1006296 + 1004502 | Google Fi | Brand + DR | ESS01 | NA | United States | Q1 2019 | Re-Brand
135,Project Fi NA Q1 2019 United States - Brand,Q1,Display,Open Exchange AdX,DBM,Programmatic - Open Exchange,,,,,,,,,,,,"60,547,563",,,,"95,447","$344,442.95 ",,,,,,,1006296,6130,22290676,Marvin,1006296 + 1004502 | Google Fi | Brand + DR | ESS01 | NA | United States | Q1 2019 | Re-Brand
136,Project Fi NA Q1 2019 United States - Brand,Q1,Video,Open Exchange NonAdX,DBM,Programmatic - Open Exchange,,,,,,,,,,,,"128,653,260",,,,"376,529","$1,398,463.11 ",,,,,,,1006296,6130,22290676,Marvin,1006296 + 1004502 | Google Fi | Brand + DR | ESS01 | NA | United States | Q1 2019 | Re-Brand
137,Project Fi NA Q1 2019 United States - Brand,Q1,Social,Facebook,Facebook,Biddable,,,,,,,,,,,,"191,138,886",,,,"347,491","$656,717.50 ",,,,,,,1006296,6130,22290676,Marvin,1006296 + 1004502 | Google Fi | Brand + DR | ESS01 | NA | United States | Q1 2019 | Re-Brand
138,Project Fi NA Q1 2019 United States - Brand,Q1,Social,Twitter - Official,Twitter,Biddable,,,,,,,,,,,,"63,479,988",,,,"228,744","$549,387.55 ",,,,,,,1006296,6130,22290676,Marvin,1006296 + 1004502 | Google Fi | Brand + DR | ESS01 | NA | United States | Q1 2019 | Re-Brand
139,Project Fi NA Q1 2019 United States - Brand,Q1,Video,YouTube,YouTube,Biddable,,,,,,,,,,,,"353,595,810",,,,"295,466","$2,644,193.33 ",,,,,,,1006296,6130,22290676,Marvin,1006296 + 1004502 | Google Fi | Brand + DR | ESS01 | NA | United States | Q1 2019 | Re-Brand
