﻿Mrf_Id,Campaign Name,MMG,Region,Product Code,POD
1005660,Cloud - NORAM - Brand - 2019,Alison,NA,D59,GOOGLE_B2B_CLOUD
1007024,Cloud - NORAM - Integrated Campaign - 2019,Alison,NA,D59,GOOGLE_B2B_CLOUD
1007026,Apigee - Global - Demand Gen - 2019,Alison,NA,DB8,GOOGLE_B2B
1007027,Google Drive - Global - Demand Gen - 2019,Alison,NA,D35,GOOGLE_B2B_CLOUD
1007029,Chrome Browser - Global - Integrated Campaign - 2019,Alison,NA,D60,GOOGLE_B2B_CLOUD
1007030,Chrome Enterprise - Global - Integrated Campaign - 2019,Alison,NA,D61,GOOGLE_B2B_CLOUD
1007031,Hire - Global - Direct Response - 2019,Alison,NA,Z99,GOOGLE_BRAND
1007162,xCloud - JAPAC - Demand Gen - 2019,Alison,APAC,D59,GOOGLE_B2B
1007165,xCloud - EMEA - Demand Gen - 2019,Alison,EMEA,D59,GOOGLE_B2B
1007166,xCloud - NORAM - Demand Gen - 2019,Alison,NA,D35,GOOGLE_B2B_CLOUD
1007168,xCloud - EMEA - Field - 2019 H2,Alison,EMEA,D59,GOOGLE_B2B
1007169,xCloud - JAPAC - Field - 2019,Alison,APAC,D59,GOOGLE_B2B
1007170,xCloud - NORAM - Field - 2019,Alison,NA,D59,GOOGLE_B2B_CLOUD
1007172,G Suite - EMEA - Online Rev - 2019,Alison,EMEA,D35,GOOGLE_B2B
1007173,G Suite - JAPAC - Online Rev - 2019,Alison,APAC,D35,GOOGLE_CLOUD
1007175,G Suite - NORAM - Online Rev - 2019,Alison,NA,D35,GOOGLE_B2B_CLOUD
1007176,GCP - EMEA - Online Rev - 2019,Alison,EMEA,D59,GOOGLE_B2B
1007179,GCP - NORAM - Online Rev - 2019,Alison,NA,D59,GOOGLE_B2B_CLOUD
1007190,Cloud - EMEA - Brand - 2019,Alison,EMEA,D59,GOOGLE_B2B
1005176,Q4'18 Shopping Relaunch in France,Arjan,EMEA,D27,
1005887,2019 - Paid Media and SEM (AdMob and AdSense),Arjan,EMEA,A21,GOOGLE_B2B
1005908,AdWords for Video/ App advertisers - Global 2019,Arjan,NA,A01,GOOGLE_B2B_LAAM
1005944,2019 Ongoing AdWords House Ads Campaigns - US,Arjan,NA,A01,GOOGLE_B2B_LAAM
1006091,2019 Google Express,Arjan,NA,D27,GOOGLE_B2B_LAAM
1006095,2019 Think With Google US Awareness,Arjan,NA,A01,GOOGLE_B2B_LAAM
1006098,2019 Think With Google Engagement US,Arjan,NA,A01,GOOGLE_B2B_LAAM
1006299,Adwords for GMB Advertisers - Global 2019,Arjan,NA,A01,GOOGLE_B2B_LAAM
1006911,YouTube B2B H2 2019 AdWeek Campaign,Arjan,NA,A09,GOOGLE_B2B_LAAM
1000189,Play - Evergreen DR - NA,Bob,NA,D87,GOOGLE_PLAY
1005970,Chromebook 2019 - Brand - US,Bob,NA,C13,GOOGLE_BRAND
1005992,Chrome Installs DR - global - 2019,Bob,NA,D60,GOOGLE_B2B_CLOUD
1005998,Chromebook 2019 - DR - US,Bob,NA,C13,GOOGLE_BRAND
1006597,Indie developers paid social promotion 2019,Bob,EMEA,D69,
1006704,H2 2019 CA Chromebooks Media,Bob,NA,C13,GOOGLE_BRAND
1006894,Tentpole Campaign - H2'19 to Q1'20,Bob,NA,D87,GOOGLE_PLAY
1006898,Pokemon Kenya - Tentpole - Q3 2019 - Global,Bob,NA,D87,GOOGLE_PLAY
1006899,HPWU-Tentpole-Q3-Global,Bob,NA,D87,GOOGLE_PLAY
1006945,Google Play Points - US Launch,Bob,NA,D87,GOOGLE_PLAY
1007113,Tentpole Campaign (Booster) - Q3'19,Bob,NA,D87,GOOGLE_PLAY
1007115,P&E developer paid social,Bob,EMEA,D87,GOOGLE_BRAND_AND_REP
1007216,Andrioid Digitial Wellbeing Brand Awareness - US,Bob,NA,D40,
1005045,YouTube Music/Premium Launch DR Global Media Campaign,Danielle,NA,DF1,GOOGLE_BRAND_AND_REP
1005804,YouTube Kids UAC Italy Campaign,Danielle,EMEA,A09,GOOGLE_BRAND_AND_REP
1005810,YouTube Music: Artists and Industry 2019,Danielle,NA,DF1,GOOGLE_BRAND_AND_REP
1006053,YouTube Music: US Remix 2019,Danielle,NA,DF1,GOOGLE_BRAND_AND_REP
1006123,Q2 YTP Growth Campaign,Danielle,APAC,D25,GOOGLE_KOREA
1006125,YouTube Go ID 2019,Danielle,APAC,A09,GOOGLE_AUSTRALIA
1006175,2019 YouTube TV DR Evergreen Campaign,Danielle,NA,DB5,YOUTUBE
1006205,YouTube TV MLB League Deal FY 2019 Media - US,Danielle,NA,DB5,YOUTUBE
1006239,YouTube Originals 2019 IN,Danielle,APAC,D25,GOOGLE_KOREA
1006262,YT Music Programmatic packages 2019 - FR,Danielle,EMEA,DF1,GOOGLE_BRAND_AND_REP
1006292,Public Figures 2019 - US,Danielle,NA,A09,GOOGLE_B2B_LAAM
1006294,YTO 2019,Danielle,NA,D25,YOUTUBE
1006335,UK YouTube Music Programmatic Packages,Danielle,EMEA,A09,GOOGLE_BRAND_AND_REP
1006349,100 VOICES,Danielle,EMEA,A09,GOOGLE_BRAND_AND_REP
1006529,YouTube Originals - MLB Live Tune-In,Danielle,NA,A09,GOOGLE_B2B_LAAM
1006818,YTM Summer Campaign - JP,Danielle,APAC,DF1,GOOGLE_AUSTRALIA
1006826,Local YTM Campaign - YT & Instagram - CA,Danielle,NA,DF1,GOOGLE_BRAND_AND_REP
1006932,YouTube Music Paid Consideration Campaign H2 2019 - DE,Danielle,EMEA,DF1,GOOGLE_BRAND_AND_REP
1006948,YouTube-Smart VDP PH 2019 Q3,Danielle,APAC,A09,GOOGLE_AUSTRALIA
1006961,YouTube Music ATL Campaign IN 2019 Q4,Danielle,APAC,DF1,GOOGLE_AUSTRALIA
1006992,YT Music & Premium Partnerships IN 2019,Danielle,APAC,D25,GOOGLE_KOREA
1007033,YouTube Artist Promo JP H2 2019,Danielle,APAC,A09,GOOGLE_AUSTRALIA
1007039,YouTube TV World Series 2019 - US,Danielle,NA,DB5,YOUTUBE
1007119,Flywheel/Public Figures - JP,Danielle,APAC,A09,GOOGLE_AUSTRALIA
1005537,Project Helpfulness Brand Campaign (NA-Only),Jeff,NA,D24,GOOGLE_APPS
1006298,Family Link H2 2019 Acquisition Campaign,Jeff,NA,D24,GOOGLE_APPS
1006372,Trust (Got Your Back) Evergreen SEM - 2019 Global,Jeff,NA,D24,GOOGLE_APPS
1006380,Google/About Editorial & Brand Moments Campaigns H1+H2,Jeff,NA,Z99,GOOGLE_BRAND
1006600,Advanced Protection Program - US,Jeff,NA,D24,GOOGLE_APPS
1006998,Family Link Q4 Digital Campaign,Jeff,NA,D24,GOOGLE_APPS
1007002,Digital Wellbeing Awareness Campaign,Jeff,NA,0,GOOGLE_APPS
1007012,About editorial paid media pilot,Jeff,NA,D24,GOOGLE_APPS
1006995,Gen Pop Q3 Security brand campaign - US,Jeff,NA,D24,GOOGLE_APPS
1007081,Year in Search 2019 brand campaign,Jeff,NA,Z99,GOOGLE_BRAND
1007082,Google Brand Podcast Launch - US,Jeff,NA,Z99,GOOGLE_BRAND
1005988,KOF DC+ 2019 Campaign,Lisa,NA,D24,GOOGLE_APPS
1006034,[Grow with Google] Library Tour 2019,Lisa,NA,D24,GOOGLE_APPS
1006103,[Grow with Google] Veterans 2019,Lisa,NA,D24,GOOGLE_APPS
1006129,[Grow with Google] Applied Digital Skills 2019,Lisa,NA,D24,GOOGLE_APPS
1006135,[Grow with Google] NYC Space 2019,Lisa,NA,D24,GOOGLE_APPS
1006143,[Grow with Google] IT Cert 2019,Lisa,NA,D24,GOOGLE_APPS
1006647,Pixel CA H2 Media,Lisa,NA,CB7,
1006648,Home CA H2 Media,Lisa,NA,CA5,GOOGLE_HOME
1006986,Pathways - US - Indianapolis + Washington state,Lisa,NA,D24,GOOGLE_APPS
1007129,Elections Get out the Vote - CA,Lisa,NA,0,GOOGLE_APPS
1003930,Google Search App Mobile Campaign - Global,Marvin,NA,D01,GOOGLE_APPS
1004502,Project Fi Q2 2018 National Campaign,Marvin,NA,D94,GOOGLE_APPS
1006005,Discovery-Merchant Campaign - US,Marvin,NA,AA2,GOOGLE_APPS
1006293,"US Umbrella/Multi-App Campaign, 2019",Marvin,NA,D01,GOOGLE_APPS
1006296,Google Fi Q1 Brand Campaign,Marvin,NA,D94,GOOGLE_APPS
1006297,Google Fi 2019 Evergreen National DR Campaign,Marvin,NA,D94,GOOGLE_APPS
1006668,Google Images Digital Campaign,Marvin,NA,D01,GOOGLE_APPS
1006765,Print-to-Retail Fall Launch - US,Marvin,NA,D07,GOOGLE_APPS
1006774,Duo - Multi-App Digital Component - US,Marvin,NA,DE3,GOOGLE_APPS
1006922,Google News Initiative Innovation Challenge - LATAM - Q3,Marvin,LATAM,Z99,
1006997,H2 Assistant Campaign,Marvin,NA,G03,GOOGLE_APPS
1007011,Fi Q4 brand campaign - US,Marvin,NA,DE3,GOOGLE_APPS
1006926,Assistant 2019 Comarketing - US Partnerships PLACEHOLDER,Marvin,NA,G03,GOOGLE_APPS
1007185,Google News Initiative Innovation Challenge - ME&AT - Q3,Marvin,EMEA,Z99,GOOGLE_B2B
1007139,Lens Media Test,Marvin,NA,DC9,
1000290,SMB AdWords Acquisition,Simon,APAC,A01,GOOGLE_B2B
1001313,Google My Business Acquisition,Simon,APAC,AX1,GOOGLE_SMB
1002683,H2 AU Home Launch,Simon,APAC,CA2,GOOGLE_AUSTRALIA
1003227,Google Play - APAC - Evergreen DR,Simon,APAC,D87,GOOGLE_INDIA
1005014,Pixel 3 launch,Simon,APAC,CB1,GOOGLE_AUSTRALIA
1005473,Google Home launch KR,Simon,APAC,CA2,GOOGLE_AUSTRALIA
1005510,Duo Q4 Campaign Extension,Simon,APAC,DE3,GOOGLE_INDIA
1005906,On your Android 2019 - JP,Simon,APAC,D40,
1005964,NBU: Neighbourly Pan-India integrated campaign - H1'2019,Simon,APAC,DD2,GOOGLE_INDIA
1006006,Files ID 2019 Q1and Q2,Simon,APAC,DD2,GOOGLE_INDIA
1006049,Search Discover IN 2019 Q2,Simon,APAC,D01,GOOGLE_INDIA
1006152,Home Campaign - India,Simon,APAC,CA5,GOOGLE_INDIA
1006223,Nest Hub Launch Campaign 2019 - JP,Simon,APAC,CA2,GOOGLE_AUSTRALIA
1006225,Google Play Q2 JP esposrts (Monster Strike),Simon,APAC,D87,GOOGLE_INDIA
1006229,Grow with Google Campaign,Simon,APAC,D24,GOOGLE_BRAND_AND_REP
1006240,Search Local Campaign IN 2019 Q2-Q3,Simon,APAC,D01,GOOGLE_INDIA
1006241,Duo Campaign H1 2019 - ID,Simon,APAC,DE3,GOOGLE_INDIA
1006244,Google Maps - IN - Brand 2019,Simon,APAC,AA2,GOOGLE_INDIA
1006251,Bonito Launch for India,Simon,APAC,CB1,GOOGLE_AUSTRALIA
1006303,Files - IN Always On 2019,Simon,APAC,DD2,GOOGLE_INDIA
1006348,Q2 Google Umbrella /Multi App Campaign - AU,Simon,APAC,D01,GOOGLE_INDIA
1006358,Google Search Travel - VN 2019 Q2,Simon,APAC,D01,GOOGLE_INDIA
1006361,Files - Africa cup,Simon,EMEA,DD2,
1006383,Q2 Google Pay Transit Campaign - AU,Simon,APAC,F05,GOOGLE_AUSTRALIA
1006432,Booster Tentpole,Simon,APAC,D87,GOOGLE_INDIA
1006473,JP Assistant DR / Co-marketing / MAU Driver Campaign 2019,Simon,APAC,G03,GOOGLE_AUSTRALIA
1006637,Google Pay India Integrated 2019 - Revised,Simon,APAC,F07,GOOGLE_INDIA
1006654,JP Search | UAC campaign for DR for 2019,Simon,APAC,D01,GOOGLE_INDIA
1006671,JP Search | UAC campaign for UACe for 2019,Simon,APAC,D01,GOOGLE_INDIA
1006703,Bonito/Sargo Launch Campaign - India,Simon,APAC,CB5,GOOGLE_INDIA
1006755,Social Booster Pilot IN Q2,Simon,APAC,D24,GOOGLE_BRAND_AND_REP
1006814,JP Discover Campaign,Simon,APAC,D01,GOOGLE_INDIA
1006836,Music Search - TH Q2 2019,Simon,APAC,D01,GOOGLE_INDIA
1006859,Google Search Shopping - VN 2019 Q4,Simon,APAC,D01,GOOGLE_INDIA
1006895,Bolo Product Digital Campaign,Simon,APAC,D24,GOOGLE_BRAND_AND_REP
1006933,Google Pay 3.0 launch - SG,Simon,APAC,F07,GOOGLE_INDIA
1006950,Search Big Bet - Winter ATL JP 2019 Q4,Simon,APAC,D01,GOOGLE_INDIA
1006951,Search DR for Commercial Query (Job Search) on Google JP 2019 Q3,Simon,APAC,D01,GOOGLE_INDIA
1006954,Play Ecosystem Brand Campaign (Chang-Goo Program) - KR 2019 Q3 & Q4,Simon,APAC,D87,GOOGLE_INDIA
1006955,[2019 2H] Gamer Brand campaign(including lineage 2M),Simon,APAC,D87,GOOGLE_INDIA
1006960,YouTube Ads Partner Promotion - JP,Simon,APAC,A09,GOOGLE_AUSTRALIA
1006963,Best of 2019,Simon,APAC,D87,GOOGLE_INDIA
1006964,Play On Brand Manifesto,Simon,APAC,D87,GOOGLE_INDIA
1006967,Mixi Monster Strike Final Event,Simon,APAC,D87,GOOGLE_INDIA
1006968,Search Pilot Campaign - KR,Simon,APAC,D01,GOOGLE_INDIA
1006972,Search Soccer TH 2019 Q3,Simon,APAC,D01,GOOGLE_INDIA
1006973,Search Shopping TH 2019 Q4,Simon,APAC,D01,GOOGLE_INDIA
1006974,Search Travel TH 2019 Q4,Simon,APAC,D01,GOOGLE_INDIA
1006988,AU Pixel 4,Simon,APAC,CB7,
1007013,Google Search Local Discovery DR JP 2019 Q3,Simon,APAC,D01,GOOGLE_INDIA
1007034,Google Pay 3.0 Launch US,Simon,NA,F05,
1007043,Google Pixel 4 (Floral) JP Launch,Simon,APAC,CB4,
1007045,Project Navlekha DR IN 2019 Q3,Simon,APAC,D24,GOOGLE_BRAND_AND_REP
1007054,Search Local IN 2019 Q3,Simon,APAC,D01,GOOGLE_INDIA
1007055,Search Shopping IN 2019 Q4,Simon,APAC,D01,GOOGLE_INDIA
1007056,Doodle4Google IN 2019 Q3 & Q4,Simon,APAC,Z99,GOOGLE_INDIA
1007061,Duo Q4 2019 Campaign,Simon,APAC,DE3,GOOGLE_INDIA
1007083,Google Assistant DR Campaign Q3/Q4,Simon,APAC,G03,GOOGLE_AUSTRALIA
1007102,Google Nest - Display & Speakers - ATL Media - AU,Simon,APAC,CA5,GOOGLE_INDIA
1007161,Google Play Google Pay Launch IN 2019,Simon,APAC,D87,GOOGLE_INDIA
1004101,Gstore Paid Media US - 2018 - Part 2 (Pixel),Thomas,NA,CA1,GOOGLE_HOME
1004163,Gstore Marketing Scope for EMEA Q1 Part 2 (Pixel),Thomas,EMEA,CB1,GOOGLE_HARDWARE
1005572,Gstore Marketing Scope for APAC Q4 FINAL,Thomas,APAC,CB1,GOOGLE_AUSTRALIA
1006117,2019 Nest Pro Industry Marketing B2B Intent - US,Thomas,NA,C28,GOOGLE_HOME
1006137,Google One awareness campaign - US,Thomas,NA,D03,
1006145,Create US - 2019 Brand and DR Media,Thomas,NA,C12,GOOGLE_HOME
1006180,FY 2019: Nest - B2B / KOF Content Marketing,Thomas,NA,CA6,GOOGLE_HOME
1006649,Pixel Bonito 2019 - US,Thomas,NA,CB6,GOOGLE_MOBILE
1006884,Google Home Brand - NA Q3 & Q4 2019,Thomas,NA,CA6,GOOGLE_HOME
1006902,Stadia - EMEA - Launch Year,Thomas,EMEA,C61,GOOGLE_STADIA
1006903,Stadia - NA - Launch Year,Thomas,NA,C61,GOOGLE_STADIA
1006946,Pixel 4 - US,Thomas,NA,CB7,
1006947,2019 2H Google Nest DR,Thomas,NA,CA6,GOOGLE_HOME
1001280,Google Play Brand,Yonca,EMEA,D87,GOOGLE_BRAND_AND_REP
1005692,2018 Pixel UK Brand and DR,Yonca,EMEA,CB3,GOOGLE_HARDWARE
1005693,2018 Pixel Germany Brand and DR,Yonca,EMEA,CB3,GOOGLE_HARDWARE
1005694,2018 Pixel France Brand and DR,Yonca,EMEA,CB3,GOOGLE_HARDWARE
1005867,EMEA Growth Engine 2019,Yonca,EMEA,D24,GOOGLE_BRAND_AND_REP
1005868,GwG | 2019 | Online DR Campaigns for F2F trainings,Yonca,EMEA,D24,GOOGLE_BRAND_AND_REP
1005916,EMEA Chromebook DR - 2019,Yonca,EMEA,C13,GOOGLE_CONSUMER_APPS
1005917,Chromebooks Go Big FR - 2019,Yonca,EMEA,C13,GOOGLE_CONSUMER_APPS
1005918,Chromebooks Go Big - UK 2019,Yonca,EMEA,C13,GOOGLE_CONSUMER_APPS
1005922,Chromebooks Go Big - Nordics 2019,Yonca,EMEA,C13,GOOGLE_CONSUMER_APPS
1005923,Chromebooks Go Big - NL 2019,Yonca,EMEA,C13,GOOGLE_CONSUMER_APPS
1005953,Duo Saudi Arabia Campaign H1 2019,Yonca,EMEA,DE3,GOOGLE_CONSUMER_APPS
1005954,Search Campaign H1 2019,Yonca,EMEA,D01,GOOGLE_BRAND_AND_REP
1006055,Assistant DR Brand Campaign - EMEA H119,Yonca,EMEA,G03,GOOGLE_BRAND_AND_REP
1006059,B2B - Performance Ads Perception Campaign - UK,Yonca,EMEA,A01,GOOGLE_B2B
1006064,"More Than Just Viewers - FR, YouTube B2B - Q3 2019",Yonca,EMEA,A09,GOOGLE_BRAND_AND_REP
1006078,"More Than Just Viewers - DE, YouTube B2B - Q3 2019",Yonca,EMEA,A09,GOOGLE_BRAND_AND_REP
1006079,"More Than Just Viewers - UK, YouTube B2B - Q3 2019",Yonca,EMEA,A09,GOOGLE_BRAND_AND_REP
1006104,DE Q1 2019 Safety Communication,Yonca,EMEA,D24,GOOGLE_BRAND_AND_REP
1006138,UK B2B / B2C Search campaign,Yonca,EMEA,D99,
1006154,2019 GMB EMEA DR,Yonca,EMEA,AX1,GOOGLE_B2B
1006155,2019 GMB TR UAC,Yonca,EMEA,AX1,GOOGLE_B2B
1006156,2019 H1 GMB UK,Yonca,EMEA,AX1,GOOGLE_B2B
1006157,2019 H1 GMB DE,Yonca,EMEA,AX1,GOOGLE_B2B
1006158,2019 H1 GMB FR,Yonca,EMEA,AX1,GOOGLE_B2B
1006184,GwG + Products Campaign - Italy,Yonca,EMEA,D24,GOOGLE_BRAND_AND_REP
1006246,Google Play – Booster Tentpole Game Campaign – DE,Yonca,EMEA,D87,GOOGLE_BRAND_AND_REP
1006263,Grow with Google KOF's campaigns -Brussels,Yonca,EMEA,D24,GOOGLE_BRAND_AND_REP
1006265,"Digital Safety - FR, Simple Tips",Yonca,EMEA,D24,GOOGLE_BRAND_AND_REP
1006280,Safety 2019 Comms - UK,Yonca,EMEA,D24,GOOGLE_BRAND_AND_REP
1006288,SSA YouTube,Yonca,EMEA,A09,GOOGLE_BRAND_AND_REP
1006316,2019 Nest EMEA DR,Yonca,EMEA,CA2,GOOGLE_HARDWARE
1006317,2019 Nest Pro,Yonca,EMEA,C28,NEST
1006319,2019 Product Listing Ads paid media,Yonca,EMEA,A19,
1006321,2019 Google Ads EMEA paid media,Yonca,EMEA,A01,GOOGLE_B2B
1006378,Family Helpfulness - EMEA,Yonca,EMEA,D24,GOOGLE_BRAND_AND_REP
1006409,Article 11 / EUCD,Yonca,EMEA,D01,GOOGLE_BRAND_AND_REP
1006460,Retail Comms Q2,Yonca,EMEA,A01,GOOGLE_B2B
1006552,2019 Q4 Nest Warm Home,Yonca,EMEA,C28,NEST
1006559,2019 Google Nest UK Brand,Yonca,EMEA,CA2,GOOGLE_HARDWARE
1006569,UK Brand & Rep - Digital Garage - London KOF campaign,Yonca,EMEA,D24,GOOGLE_BRAND_AND_REP
1006607,Android Carrier DWB Partnership - UK,Yonca,EMEA,D40,GOOGLE_BRAND_AND_REP
1006711,Nigeria Search Q2 '19,Yonca,EMEA,D01,GOOGLE_BRAND_AND_REP
1006806,GPay Scaled Online Merchant Acquisition Pilot PL Q3/19,Yonca,EMEA,F05,GOOGLE_CONSUMER_APPS
1006830,2019 Pixel Sargo/Bonito UK Brand,Yonca,EMEA,CB5,GOOGLE_HARDWARE
1006934,Google for Turkey H2 Airing,Yonca,EMEA,D24,GOOGLE_BRAND_AND_REP
1006939,EMEA Growth with Google Q2|19 KOF 10m Milestone campaign,Yonca,EMEA,D24,GOOGLE_BRAND_AND_REP
1006969,2 Step Verification - Pan EMEA,Yonca,EMEA,D24,GOOGLE_BRAND_AND_REP
1006978,UK Multi-app campaign Wave 2,Yonca,EMEA,D01,GOOGLE_BRAND_AND_REP
1006979,Assistant x The Beatles Partnership - UK,Yonca,EMEA,G03,GOOGLE_BRAND_AND_REP
1006981,This Is My YouTube (2019),Yonca,EMEA,A09,GOOGLE_BRAND_AND_REP
1006982,Get More Done with the Assistant Digital Campaign - UK,Yonca,EMEA,G03,GOOGLE_BRAND_AND_REP
1006991,UK GMB Hyperlocal campaign,Yonca,EMEA,D99,
1007004,DE Multiapps Campaign,Yonca,EMEA,C01,GOOGLE_CONSUMER_APPS
1007036,Assistant Activation - FR,Yonca,EMEA,G03,GOOGLE_BRAND_AND_REP
1007037,Assistant comarketing - FR,Yonca,EMEA,G03,GOOGLE_BRAND_AND_REP
1007068,Multi-App Campaign - DE HY1 2019 [spike],Yonca,EMEA,D01,GOOGLE_BRAND_AND_REP
1007078,Market Finder Campaign for Startups,Yonca,EMEA,A01,GOOGLE_B2B
1006102,Computer Science Education (engEDU) 2019,Global,NA,DB7,GOOGLE_BRAND
1006160,Paris KOFs campaigning - FR,Global,EMEA,D24,GOOGLE_BRAND_AND_REP
1006696,B2B Data Trust campaign - EPS,Global,EMEA,D24,GOOGLE_BRAND_AND_REP
1006758,DNI Fund EU amplification,Global,EMEA,D24,GOOGLE_BRAND_AND_REP
1006846,GNI Video Promotion,Global,NA,0,GOOGLE_APPS
1006916,"Vivi Internet, al meglio / KOF media campaign - Italy - Q4 2019",Global,EMEA,D24,GOOGLE_BRAND_AND_REP
1006936,Cybersimple.be (Consumer Group) - Year 3,Global,EMEA,D24,GOOGLE_BRAND_AND_REP
1006938,Grow My Store Launch Campaign - EMEA,Global,EMEA,D24,GOOGLE_BRAND_AND_REP
1006942,Q4 Security Campaign,Global,EMEA,D24,GOOGLE_BRAND_AND_REP
1007019,Search Shopping & Travel - ID 2019 Q4,Global,APAC,D01,GOOGLE_INDIA
1007025,Domains - Global - Integrated Campaign - 2019,Global,NA,D57,GOOGLE_B2B_CLOUD
