Campaign Manager Campaign ID,Campaign Manager Campaign Name,Olive Plan ID,Olive Plan Name,MRF MRF ID,Olive Plan Brand/DR,Campaign Manager Impressions,Include?
22251560,1006048 | Google Search App | BR | ESS01 | APAC | IN | Q1 2019 | Finance,6181,Google Search App India Q1 2019 India - Finance,1006048,BRAND,3861817011,1
22443077,1006649 | Pixel | Brand + DR | ESS01 | NA | US | Q2 2019 | Bonito,6459,Pixel Bonito US 2019 Q2 2019 North America - Brand,1006649,BRAND,2834338626,1
22437524,1005537 | Brand | BR | ESS01 | NA | US | 2019 | Helpfulness,6380,Multi App NA Q2-Q3 2019 North America,1006293,BRAND,2478535618,0
22096007,1005584 | Pixel | Brand + DR | ESS01 | NA | US | Q1 2019 | Pixel 3.0,5815,Pixel US '18/19 Q1 2019 North America - Brand,1005584,BRAND,2244524146,1
22398369,- Google Apps - EMEA - SA/EG/PAN - Search MENA - H1 2019,6372,Google Search MENA H1 2019 EMEA,1005954,BRAND,1404323139,1
22290676,1006296 + 1004502 | Google Fi | Brand + DR | ESS01 | NA | United States | Q1 2019 | Re-Brand,6130,Project Fi NA Q1 2019 United States - Brand,1006296,BRAND,1238327907,1
22783112,1006903 | Stadia | Brand + DR | ESS01 | Global | | FY 2019 | Stadia - NA - Launch Year,6802,Google Stadia NA 2019 Q2 2019 North America - Brand,1006903,BRAND,1217818046,1
22444876,1006356 | Google Apps | BR | ESS01 | APAC | VN | Q1 2019 | Local Universal,6432,GApp VN 2019 Q1 2019 Vietnam - LU Rerun,1006356,BRAND,1128070079,1
22223310,1005679 | Assistant | BR | ESS01 | NA | US | Q1 2019 | Superbowl,6153,Google Assistant NA [New] Q1 2019 North America - SuperBowl,1005679,BRAND,1112614231,1
22593840,1006698 | Google Apps | BR | ESS01 | APAC | ID | Q2 2019 |,6787,Google App ID Q2 2019 Indonesia - Shopping Ramadan,1006698,BRAND,1088421038,1
22444142,1006947 | Home | DR | NA | US | Q2-Q3 2019 | V1,6708,Google Home NA 2019 Q2 2019 United States - Google Nest Brand,1006172,BRAND,959682933,1
21807995,1005356 | Google Apps | BR | ESS01 | NA | US | Q4 2018 - Q1 2019 | Google Search,5884,GSA NA Q1 2019 United States - Sports Extension,1005356,BRAND,954756596,1
22690812,1006049 | Google Search App | BR | ESS01 | APAC | IN | Q2 2019 | Discover,6837,Google Search App India Q2-Q3 2019 India - Discover,1006049,BRAND,882061136,0
22333808,1006306 | Pixel | BR | ESS01 | APAC | JP | Q1 2019 | New Life,6117,Pixel JP Q1 2019 Japan - New Life,1006306,BRAND,870804637,1
22211300,1006051 - User Education - EMEA - EMEA - Safer Internet Day - Q1 2019,5954,Privacy EMEA Q1 2019 EMEA - Safer Internet Day,1006051,BRAND,854164787,1
22531599,1006628 | Google Play Store | Brand + DR | ESS01 | APAC | JP | Q2 2019 | LineageM,6694,Google Play Game JP Q2 2019 Japan - LineageM,1006628,BRAND,796161354,1
22365048,1005660 | Enterprise Cloud | BR | ESS01 | NA | US | Q1 - Q2 2019 | NCAA Cloud Awareness,6195,Cloud Platform NA Q1-Q2-2019 North America - Cloud Awareness NCAA,1005660,BRAND,762338088,1
22311124,1006234 | Velocity - Internet Safety | Brand | ESS01 | APAC | IN | Q1 2019,6249,Velocity IN Q1 2019 APAC - Internet Safety,1006234,BRAND,693108329,1
22614277,1006088 | Google Assistant | BR | ESS01 | EMEA | TR | Q2 2019 | ASSISTANT & ANDROID ONE CO-MARKETING,6715,Android One EMEA | NEW Q2 2019 Turkey - Assistant Co-Marketing - General Mobile,1006088,BRAND,666831118,1
22437638,1006071 | User Education | Brand | ESS01 | APAC | IN | Q1 2019 | Elections,6500,Velocity IN Q1 & Q2 APAC - Elections,1006071,BRAND,646796590,1
22079578,1006171 | Home | DR | ESS01 | NA | US | Q1 2019 | V1,6184,Google Assistant NA [New] Q1 2019 United States - Oscars XHDW Awareness,1006463,BRAND,626528267,1
21917650,1005816 - YouTube - EMEA - EMEA - Article 13 - Q4 2018,6098,YouTube EMEA Q1 2019 EMEA - Article 13 Wave 2,1006413,BRAND,575535899,1
21947414,1005440 - Google Apps - EMEA - DE - DE multi-app product campaign/search camaign EMEA - (2018-Q4) - Q4 2018,6174,Multi-App EMEA Q1 2019 Germany - Extension,1006046,BRAND,529240420,1
22397439,1006436 | Google Play Store | BR | ESS01 | APAC | KR | H1 2019 | Ecosystem,6467,GOOGLE PLAY KR ECOSYSTEM BRAND CAMPAIGN 2019 H1 2019 South Korea,1006436,BRAND,505484162,1
22085160,1006004 | Pixel | Brand + DR | ESS01 | NA | CA | Q1-Q3 2019 | Pixel 3.0,5817,Pixel CA '18/19 Q1 2019 North America - Brand + DR,1005177,BRAND,488938658,1
22241901,1006548 | Assistant | BR | ESS01 | APAC | KR | Q1 2019 | MGDI Follow up,6200,Google Assistant KR MGDI Follow-up 2019 Q1 Q1 South Korea,1006548,BRAND,440774928,1
22578661,1006057 | Core Search | BR | ESS01 | APAC | JP | Q2 2019 | GSA Big Bet New Life,6663,GSA JP Q2 2019 Japan - Big Bet New Life,1006057,BRAND,396780171,1
22501418,1004443 - Chrome OS Consumer - EMEA - UK - Chromebooks UK H1 2019 EMEA - H1 2019,6523,Chromebooks EMEA 2018-2019 Q2 2019 United Kingdom,1005918,BRAND,384909570,1
22327521,1006219 | Enterprise Cloud | BR | ESS01 | NA | US | Q1-Q2 2019 | Next Awareness,6040,Cloud Platform NA Q1 2019 United States - Next Awareness,1006219,BRAND,352736656,1
22324060,1006231 | Google Play Store | BR | ESS01 | APAC | KR | H1 2019 | Brand Manifesto,6197,Google Play KR Brand Campaign 2019 H1 South Korea - Brand Manifesto,1006231,BRAND,341735354,1
22082687,1005998 | Chromebook | Brand + DR | ESS01 | NA | US | H1 2019,5827,Chromebook 2019 NA Q1 2019 United States - Brand,1005970,BRAND,332835014,1
22721595,1006836 | Google Apps | BR | ESS01 | APAC | TH | Q2 2019 | Music,6884,Google App TH Q2 2019 Thailand - Music,1006836,BRAND,309326766,1
22437524,1005537 | Brand | BR | ESS01 | NA | US | 2019 | Helpfulness,6327,Google Helpfulness NA 2019 Q1-Q3 North America,1005537,BRAND,302915933,0
22331669,1005909 | Google Apps | BR | ESS01 | APAC | TH | Q1 2019 | LU Re-run,6336,Google App TH Q1 2019 Thailand - LU Rerun,1005909,BRAND,296505800,1
22422080,1006126 | YouTube B2C | BR | ESS01 | APAC | IN | H1 2019 | YouTube Music + Premium Launch,6470,YouTube Music | IN | 2019 Q1-Q2 India - Launch Campaign,1006126,BRAND,289429375,1
22708445,1006769 | Pixel | BR | ESS01 | APAC | JP | Q2 2019 | Google Pixel 3a (B4/S4) Launch JP,6758,Pixel JP Q2 2019 Japan - Bonito Sargo,1006769,BRAND,289428058,1
22416694,1005497 | Google for Education | BR | ESS01 | APAC | JP | H1 2019 | Chromebook,6392,Google for Education APAC H1 2019 Japan - Chromebook,1005497,BRAND,277245680,1
21801268,1004186 | YouTube B2C | BR | ESS01 | NA | NA | Q4 2018 - Q4 2019 | TV Partnerships,5861,YouTube Unplugged NA Q1 2019 - Q2 2019 United States - NBA Partnership,1006204,BRAND,276903657,1
22831385,- Google Apps - EMEA - EG - Search MENA - H2 2019,6372,Google Search MENA H1 2019 EMEA,1005954,BRAND,270481190,1
22214090,1004930 - YouTube B2C - APAC - JP - Youtube Music - BR - Q1 2019,6042,YouTube Music Japan Q1 2019 Japan - Brand,1004930,BRAND,268192153,1
22659653,1006830 | Pixel | BR | ESS01 | EMEA | GB | Q2 2019 | Non-Segmented,6760,Pixel 3a EMEA Q2 2019 United Kingdom - Q2 Brand,1006830,BRAND,239946849,1
22104626,1005572 | Nexus Phone | Brand + DR | ESS01 | APAC | AU | H1 2019 | Pixel 3,5932,Pixel 3 Australia Q1 2019 Australia,1005014,BRAND,216615360,1
22551444,1005917 - Chrome OS Consumer - EMEA - FR - Chromebooks FR H1 2019 EMEA - H1 2019,6642,Chromebooks EMEA 2018-2019 Q2 2019 France,1005917,BRAND,208519459,1
21991301,1004972 - Multi Apps - EMEA - GB - X-product campaign - Q4 2018,5921,Multi-App EMEA Q1 2019 United Kingdom - Extension,1004972,BRAND,202154795,1
22792098,- Google Apps - EMEA - NA - Search MENA - H2 2019,6372,Google Search MENA H1 2019 EMEA,1005954,BRAND,201408915,1
22831454,- Google Apps - EMEA - KSA/Iraq/GCC/UAE - Search MENA - H2 2019,6372,Google Search MENA H1 2019 EMEA,1005954,BRAND,194971782,1
22262527,1006103 | GwG | BR | ESS01 | NA | US | Q1 2019 | Superbowl MOS,6210,Grow with Google NA - Veteran's Q1 2019 United States - MOS,1006103,BRAND,178870865,1
22082414,1006052 | Chromebook | BR | ESS01 | NA | CA | Q1 2019,5829,Chromebook 2019 NA Q1 2019 Canada - Brand,1006052,BRAND,177990003,1
22368773,1006231 | Google Play Store | BR | ESS01 | APAC | KR | H1 2019 | GooglePlayPoints,6407,Google Play KR Brand Campaign 2019 H1 South Korea - GooglePlayPoints,1006231,BRAND,176191149,1
22511435,1006053 | YouTube B2C | BR | ESS01 | NA | US | Q2 2019 | Coachella,6476,YouTube Music NA - Brand Q2 2019 North America - Coachella,1006053,BRAND,174619881,1
22085160,1006004 | Pixel | Brand + DR | ESS01 | NA | CA | Q1-Q3 2019 | Pixel 3.0,6492,Pixel Bonito CA 2019 Q2 2019 North America - Brand + DR,1006004,BRAND,169925361,1
22180754,1005988 | D24: User Education | BR | ESS01 | NA | US | 2019 | KOF,5778,Grow with Google NA Q1 2019 North America - KOF,1005988,BRAND,163895141,1
22082687,1005998 | Chromebook | Brand + DR | ESS01 | NA | US | H1 2019,6750,Chromebook 2019 NA Q2 2019 United States - Brand,1005970,BRAND,148172899,1
22656746,1006830 | Pixel | BR | ESS01 | EMEA | GB | Q2 2019,6760,Pixel 3a EMEA Q2 2019 United Kingdom - Q2 Brand,1006830,BRAND,146650153,1
22183062,1005692 | Pixel | BR | ESS01 | EMEA | GB | Q1 2019 | Segmented,5732,Pixel Gen 3 EMEA Q1 2019 United Kingdom - Brand,1005692,BRAND,146223181,1
22034229,1005623 | Google Apps | BR | NA | US | Q4 2018 - Q1 2019 | Duo US,5841,Duo NA [ New ] Q1 2019 North America,1005623,BRAND,139389516,1
21920062,1004968 - Google Apps - EMEA - SA - SA Search- EMEA - (2018-Q4) - H2 2018,5957,Google Search EMEA Q1 2019 Saudi Arabia,1005813,BRAND,136505461,1
22360147,1006285 - Google Apps - EMEA - ZA - Search ZA - H1 2019,6370,Google Search SSA H1 2019 South Africa - Search,1006285,BRAND,132091879,1
22171248,1005969 | YouTube B2C | BR | ESS01 | NA | US | Q1 - Q4 2019 | Shows,5810,YouTube Video Subscription NA Q1 2019 United States - Wayne Main Flight Y071,1005969,BRAND,127888857,1
21264537,1004532 - Google App - APAC - TH - Local Universal - Q2 2018,6336,Google App TH Q1 2019 Thailand - LU Rerun,1005909,BRAND,125667556,1
22180754,1005988 | D24: User Education | BR | ESS01 | NA | US | 2019 | KOF,6377,Grow with Google NA Q2 2019 North America - KOF,1005988,BRAND,123407063,1
22736286,1006436 | Google Play Store | BR | ESS01 | APAC | KR | H1 2019 | IndieGameFestival,6903,Google Play KR Indie Game Festival 2019 Q2 2019 South Korea,1006436,BRAND,122331602,1
22264221,- YouTube Music - EMEA - GB - Brits - Q1 2019,6097,YouTube Music Brand EMEA Q1 2019 United Kingdom - Brits,1006010,BRAND,120327023,1
22793820,1006774 | Google Apps | Brand + DR | ESS01 | NA | US | Q2-Q3 2019 | Duo US,6872,Duo NA [ New ] Q2/3 2019 North America,1006774,BRAND,119395354,1
21554910,1004185 | YouTube B2C | BR | NA | US | Q3'18 - Q1'19 | Entourage,5975,YouTube NA H1 2019 United States - Public Figures_564816,1006292,BRAND,116280427,1
22674698,1006830 | Pixel | BR | ESS01 | EMEA | GB | Q2 2019 | Segmented,6760,Pixel 3a EMEA Q2 2019 United Kingdom - Q2 Brand,1006830,BRAND,114506467,1
22535678,"1006737 - User Education - EMEA - IT - Internet Safety - 'Vivi Internet, al meglio' - Q2 2019",6454,"Privacy EMEA Q2 2019 Italy - Internet Safety - 'Vivi Internet, al meglio'",1006737,BRAND,114165270,1
22179325,1005692 | Pixel | BR | ESS01 | EMEA | GB | Q1 2019 |,5732,Pixel Gen 3 EMEA Q1 2019 United Kingdom - Brand,1005692,BRAND,108715982,1
22778895,1006902 | Stadia | BR | ESS01 | EMEA | GB | H2 2019 | Stadia UK H2 2019 EMEA,6917,Stadia EMEA Q2 2019 United Kingdom - Brand,1006902,BRAND,103426822,1
22778286,1006902 | Stadia | BR | ESS01 | EMEA | DE | H2 2019 | Stadia DE H2 2019 EMEA,6918,Stadia EMEA Q2 2019 Germany - Brand,1006902,BRAND,102159826,1
22342347,1005497 | Google for Education | BR | ESS01 | APAC | AU | H1 2019 | Chromebook,6390,Google for Education APAC H1 2019 Australia - Chromebook,1005497,BRAND,100198137,1
22527888,1006704 | Chromebook | BR | ESS01 | NA | CA | Q2 - Q3 2019,6670,Chromebook 2019 NA Q2 2019 Canada - Brand,1006052,BRAND,88337047,1
22335516,1006231 | Google Play Store | BR | ESS01 | APAC | KR | H1 2019 | Traha,6362,Google Play KR Brand Campaign 2019 H1 South Korea - Traha,1006231,BRAND,88074464,1
22456689,1006017 | Home | BR | NA | CA | Q2 2019 | Home H1 CA Campaign,6507,Google Nest CA 2019 Q2 2019 North America - Raptors Brand,1006017,BRAND,84696408,1
22822279,1006559 | Home | BR | ESS01 | EMEA | GB | Q2/Q3 2019 | Non-Segmented,6895,Google Home EMEA Q2/Q3 2019 United Kingdom - Brand,1006559,BRAND,77881792,0
22592304,1006231 | Google Play Store | BR | ESS01 | APAC | KR | H1 2019 | LineageM with GPP,6795,Google Play KR Brand Campaign 2019 H1 South Korea - LineageM with GPP,1006231,BRAND,73844152,1
22443556,1003898 | Enterprise Cloud | BR | ESS01 | NA | US | Q1 - Q2 2019 | NYTs 2019 Contractual Investment,6014,Cloud Platform NA Q1 2019 North America - NYT Archives 2019 Contractual Investment,1003898,BRAND,73525283,1
22810910,1005963 | Google Assistant | DR | ESS01 | APAC | IN | Q2 2019,6799,Google Assistant IN Q2 2019 India - | Bucket Targeting Approach,1005963,BRAND,61129192,1
22115917,1005692 | Pixel | BR | ESS01 | EMEA | GB | Q1 2019 | Non-Segmented,5732,Pixel Gen 3 EMEA Q1 2019 United Kingdom - Brand,1005692,BRAND,60567161,1
21801268,1004186 | YouTube B2C | BR | ESS01 | NA | NA | Q4 2018 - Q4 2019 | TV Partnerships,6360,YouTube Unplugged NA Q2 - Q4 North America - MLB,1006205,BRAND,60163231,0
22179331,1004443 - Chrome OS Consumer - EMEA - NO - Chromebooks NL 2018 EMEA - (2017-Q4) - 2018,5971,Chromebooks EMEA 2018-2019 Q1 2019 EMEA - Nordics,1005922,BRAND,56648880,1
22171248,1005969 | YouTube B2C | BR | ESS01 | NA | US | Q1 - Q4 2019 | Shows,6883,YouTube Video Subscription NA Q2 2019 United States - Maluma Y115_565816,1006294,BRAND,55125740,1
22176944,1005027 - YouTube B2C - EMEA - EMEA - - Q1 2019,6002,YouTube Music Brand EMEA Q1 2019 EMEA - Reverb - FRITES,1005027,BRAND,52973780,1
21801268,1004186 | YouTube B2C | BR | ESS01 | NA | NA | Q4 2018 - Q4 2019 | TV Partnerships,6359,YouTube Unplugged NA Q2 2019 North America - ESPN,1006190,BRAND,52307339,1
22546476,1005963 | Assistant | BR | ESS01 | APAC | IN | Q2 2019 | Social (Award),6728,Google Assistant IN Q2 2019 India - (Award) Social Post,1005963,BRAND,50010625,1
22171248,1005969 | YouTube B2C | BR | ESS01 | NA | US | Q1 - Q4 2019 | Shows,6588,YouTube Video Subscription NA Q2 - Q3 2019 United States - Cobra Kai S2 Y083_564816,1006294,BRAND,49309621,0
22363348,1005810 | YouTube B2C | BR | NA | US | Q1-Q4 2019 | Artists,6039,YouTube Music NA - Brand Q1-Q4 2019 United States - Artists H1_564816,1005810,BRAND,48086353,0
22804332,1007068 - Google Apps - EMEA - DE - DE multi-app product campaign/search camaign EMEA - (2019-Q1) - Q2 2019,6851,Multi-App EMEA Q2 & Q3 2019 Germany - Feature Awareness,1007068,BRAND,46052985,0
22177611,1005020 - Google Assistant - EMEA - DE - Google Assistant Brand Campaign - Q1 2019,6047,Google Assistant EMEA | New Q1 2019 Germany - Freeletics,1006245,BRAND,44767997,1
22127175,1006342 - Google Brand - EMEA - EMEA - Article 11 - Q1 2019,5982,Google Brand EMEA Q1 2019 EMEA - Article 11,1006342,BRAND,42248856,1
22885873,1006223 | Home | BR | ESS01 | APAC | JP | Q2 2019 | Nest Hub Launch Campaign 2019,6878,Google Home JP Q2 2019 Japan - Nest Home,1006223,BRAND,41428210,1
22678261,1005922 | Chrome OS Consumer | BR | ESS01 | EMEA | Nordics | H1 2019 | Chromebooks NO H1 2019 EMEA,6732,Chromebooks EMEA 2018-2019 Q2 2019 EMEA - Nordics,1005922,BRAND,37900286,1
22171248,1005969 | YouTube B2C | BR | ESS01 | NA | US | Q1 - Q4 2019 | Shows,6205,YouTube Video Subscription NA H1 2019 United States - Kevin Hart: What The Fit S2 Y076,1006294,BRAND,34372062,1
22485670,1006326 - YouTube B2B - APAC - JP - Artist Promo - Q1 2019,6424,YouTube Japan Artist Promo Q1/Q2 2019 Japan - Artist Promo,1006326,BRAND,30605314,1
22655227,1006151 - User Education - EMEA - TR - Google for Turkey - Q2 2019,6743,Google Brand & Rep EMEA Q2 2019 Turkey - Google for Turkey,1006151,BRAND,28384640,1
22756574,1006658 | YouTube B2C | DR | EMEA | GB | 2019 | Champions League EMEA - (2019-Q2),6803,YouTube EMEA Q2 2019 United Kingdom - Champions League Final,1006658,BRAND,27482528,1
21264253,1004748 | 1005045 | YouTube B2C | Brand + DR | NA | US | Q2 2018 - 2019 | Remix,5893,YouTube Music NA - Brand Q1 2019 North America - Bridge Plan,1004748,BRAND,25175165,1
22171248,1005969 | YouTube B2C | BR | ESS01 | NA | US | Q1 - Q4 2019 | Shows,6466,YouTube Video Subscription NA Q1 2019 United States - If I Could Tell You Y078,1006294,BRAND,25160243,1
22463251,1006077 - Security Campaign - BRU - EMEA - Google Security - Q1/Q2 2019,6412,Privacy EMEA Q1-Q2 2019 Belgium - Security BRU,1006077,BRAND,22698278,1
22095155,1006145 | Create | Brand + DR | ESS01 | NA | US | Q1 - Q3 2019,5814,Create '19 Q1 2019 North America - Brand + DR,1006145,BRAND,22064607,1
22253444,- Google Apps - EMEA - DE - DE multi-app product campaign/search camaign EMEA - (2019-Q1) - Q1 2019,6174,Multi-App EMEA Q1 2019 Germany - Extension,1006046,BRAND,20367054,1
22095055,1006231 | Google Play Store | BR | ESS01 | APAC | KR | 2019 | FB Editorial,6033,Google Play KR Editorial 2019 Q1 2019 South Korea - Editorial,1006231,BRAND,20163296,1
21940333,1004930 - YouTube B2C - APAC - JP - Youtube Music - BR - Q4 2018,5521,YouTube Music Japan Q4 2018 Japan - Music - Mid-funnel,1004930,BRAND,19533012,0
22804332,1007068 - Google Apps - EMEA - DE - DE multi-app product campaign/search camaign EMEA - (2019-Q1) - Q2 2019,6852,Multi-App EMEA Q2 & Q3 2019 Germany - Brand Advocacy,1007068,BRAND,18348664,0
22001652,1004182 | YouTube B2B| Brand | ESS01 | APAC | IN | Q4 2018 - Q1 2019 | B2B campaign,6148,YouTube B2B India Q1 2019 India,1004182,BRAND,18168960,1
22187174,1004443 - Chrome OS Consumer - EMEA - NL - Chromebooks NL 2019 EMEA - Q1 2019,6045,Chromebooks EMEA 2018-2019 Q1 2019 Netherlands,1005923,BRAND,17461431,1
22141157,1006116 | Google News Initiative | BR | ESS01 | APAC | APAC | Q1 2019 | Twitter,6025,Google News Initiative APAC Q1 2019 APAC,1006116,BRAND,15921837,1
22488606,1006292 | YouTube B2C | BR | ESS01 | NA | US | Q2'19 - Q4'19 | Public Figures,5975,YouTube NA H1 2019 United States - Public Figures_564816,1006292,BRAND,15742338,1
21902035,1005511 | Google Play Store | Brand + DR | ESS01 | APAC | JP | Q4 2018 | Best Of 2018,5541,Google Play Game JP Q4 2018 Japan - Best Of 2018,1005511,BRAND,14809252,0
22379235,1006335 - YouTube Music - EMEA - UK - Artistic Programmatic - H1 2019,6314,YouTube EMEA 2019 United Kingdom - YouTube Artistic Programmatic Packages 2019,1006335,BRAND,13936465,1
22611586,1005939 | YouTube B2B | BR | ESS01 | NA | US | Q2 2019 | YouTube B2B,6473,YouTube Ads Marketing NA Q2 2019 North America - YouTube B2B Awareness,1005939,BRAND,12625040,1
22582891,1006460 | AdWords | BR | ESS01 | EMEA | DE | Q2 2019 | Retail Comms,6552,Google Ads EMEA Q2-Q4 2019 Germany - Retail Q2-Q4,1006460,BRAND,11914616,0
22180754,1005988 | D24: User Education | BR | ESS01 | NA | US | 2019 | KOF,6647,"Grow with Google NA H2 2019 United States - Atlantic ""Our Towns"" Sponsorship",1005988,BRAND,11519554,1
21970160,1003898 | Enterprise Cloud | BR | ESS01 | NA | US | Q4 2019 | NYT Archives,6014,Cloud Platform NA Q1 2019 North America - NYT Archives 2019 Contractual Investment,1003898,BRAND,11150943,1
22095055,1006231 | Google Play Store | BR | ESS01 | APAC | KR | 2019 | FB Editorial,6741,Google Play KR Editorial 2019 Q2 2019 South Korea - Editorial,1006231,BRAND,10643441,1
22284965,1005494 | Chrome OS Business | BR | ESS01 | NA | US | Q1 2019 | Chrome Win 10,6166,Chrome Enterprise NA Q1 2019 North America - Chrome Browser Win 10 Q1,1005494,BRAND,10022283,1
21949230,1005492 | Chrome OS Edu | BR | ESS01 | NA | USCA | Q4 2018 - Q1 2019 | Chromebooks for Education,5518,Chrome Enterprise NA Q4 2018-Q1 2019 North America - Google For Education,1005492,BRAND,9792116,0
22386065,1006559 - Home - EMEA - GB - Project Pegasus - H1 2019,6353,Google Home EMEA Q1 2019 United Kingdom - Project Pegasus,1004050,BRAND,8827055,1
22085160,1006004 | Pixel | Brand + DR | ESS01 | NA | CA | Q1-Q3 2019 | Pixel 3.0,6668,Pixel Bonito CA 2019 Q2 2019 North America - Night Sight Extension,1005177,BRAND,8237313,1
22001652,1004182 | YouTube B2B| Brand | ESS01 | APAC | IN | Q4 2018 - Q1 2019 | B2B campaign,5697,YouTube B2B India Q4 2018 - Q1 - 2019 India,1004182,BRAND,7743159,0
22171248,1005969 | YouTube B2C | BR | ESS01 | NA | US | Q1 - Q4 2019 | Shows,6264,YouTube Video Subscription NA Q1 2019 United States - Weird City Y077,1006294,BRAND,7183996,1
22796001,1006262 - YouTube Music - EMEA - FR - Artistic Programmatic - H2 2019,6871,YouTube Music Brand EMEA 2019 France - Programmatic Packages,1006262,BRAND,7076280,1
22171248,1005969 | YouTube B2C | BR | ESS01 | NA | US | Q1 - Q4 2019 | Shows,6465,YouTube Video Subscription NA Q1 2019 United States - Step Up S2 Y084,1006294,BRAND,7020209,1
22171248,1005969 | YouTube B2C | BR | ESS01 | NA | US | Q1 - Q4 2019 | Shows,6882,YouTube Video Subscription NA Q2 2019 United States - State Of Pride Y087_565816,1006294,BRAND,6724188,1
22074083,1005551 | Brand | Brand + DR | ESS01 | NA | US | Q4 2018 | Year in Search,5439,Google Brand NA Q4 2018 North America - Year in Search,1005551,BRAND,5307159,0
21264253,1004748 | 1005045 | YouTube B2C | Brand + DR | NA | US | Q2 2018 - 2019 | Remix,4401,YouTube Music NA - Brand Q2 - Q4 2018 United States - Remix Brand,1004748,BRAND,4463818,0
22171248,1005969 | YouTube B2C | BR | ESS01 | NA | US | Q1 - Q4 2019 | Shows,6505,YouTube Video Subscription NA Q1 2019 United States - Michelle Obama: BookTube Y105,1006294,BRAND,4291340,1
22704013,1006095 | Think With Google | DR | ESS01 | NA | US | Q2 2019 | Consistent Canvas,6746,Think with Google US Q2 2019 North America - Consistent Canvas,1006095,BRAND,4288302,1
21801268,1004186 | YouTube B2C | BR | ESS01 | NA | NA | Q4 2018 - Q4 2019 | TV Partnerships,6326,YouTube Unplugged NA Q1 2019 - Q2 2019 United States - G - League,1006204,BRAND,3574612,1
21808179,1005020 - Google Assistant - EMEA - DE - Google Assistant Brand Campaign - Q4 2018,5851,Google Assistant EMEA | NEW Q1 2019 Germany - New Device,1005020,BRAND,2551334,1
22171248,1005969 | YouTube B2C | BR | ESS01 | NA | US | Q1 - Q4 2019 | Shows,6752,YouTube Video Subscription NA Q2 2019 United States - Power On Y111_564816,1006294,BRAND,2467675,1
22171248,1005969 | YouTube B2C | BR | ESS01 | NA | US | Q1 - Q4 2019 | Shows,6186,YouTube Video Subscription NA Q1 2019 United States - Ryan Hansen Y074,1006294,BRAND,1792128,1
22647215,1005923 | Chrome OS Consumer | BR | ESS01 | EMEA | NE | H1 2019 | Chromebooks NO H1 2019 EMEA,6733,Chromebooks EMEA 2018-2019 Q2 2019 Netherlands,1005923,BRAND,1373438,1
21963315,1005432 | Core Search | BR | ESS01 | APAC | JP | Q4 2018 | Winter Big Bet,5558,GSA JP Q4 2018 Japan - Winter BIg Bet,1005432,BRAND,1307704,0
21959645,1005845 | YouTube B2C | BR | ESS01 | NA | US | Q4 2018 | Movies & Show,5637,YouTube NA Q4 2018 North America - Movies & Shows,1005845,BRAND,958475,0
21925202,1004050 | Home | BR | ESS01 | EMEA | GB | Q4 2018 | Non-Segmented,5010,Google Home EMEA Q4 2018 United Kingdom - Brand,1004050,BRAND,771981,0
21721200,1005177 | Pixel | Brand + DR | NA | CA | Q4 2018 | Pixel 3.0,4861,Pixel CA '18/19 Q4 2018 Canada - Canada,1005177,BRAND,732625,0
21726219,1004101 | Store | Brand + DR | NA | | Q4 2018 | V1,4784,Google Store NA Q4 2018 North America - Brand,1003875,BRAND,724808,0
21703948,1005584 | Pixel | Brand + DR | NA | US | Q4 2018 | Pixel 3.0,4854,Pixel US '18/19 Q4 2018 United States - Brand,1005584,BRAND,690380,0
22036342,1004515 | Google Play Store | EMEA | ESS01 | DE | Gaming Influencer | Q4 2018 |,5666,Google Play EMEA Q4 2018 Germany - Gaming Influencer,1004515,BRAND,648375,0
22699793,1003964 | G Suite | BR | EMEA | EMEA | H2 2019 | Make It With G Suite,6814,G Suite EMEA Q2 2019 EMEA - Make It With G Suite Awareness,1003964,BRAND,632637,1
21903849,1005523 | G Pay | Brand | EMEA | PL & UA | Q4 2018 | G Pay Awareness CEE,5564,Google Pay Q4 2018 EMEA - PL & UA,1005523,BRAND,546576,0
21720246,1004791 | Pixelbook | Brand + DR | NA | US | Q4 2018 | V1,4981,PixelBook NA Q4 2018 North America - Create Brand + DR,1004791,BRAND,496472,0
21917127,1002709 | Maps B2C | BR | ESS01 | APAC | IN | Q4 2018 | Test 2W/4W,5619,Maps India Q4 2018 India - 2W/4W Test Campaign,1002709,BRAND,495542,0
21174168,1004521 | Other | BR | NA | US | 2018 | Google Brand Editorial,4268,Google Brand NA Q2 - Q4 United States - Editorial,1004521,BRAND,479515,0
22846265,1006005 | Maps B2C | Brand + DR | ESS01 | NA | US | Q2-Q3 2019 | Flywheel,6983,Google Maps NA Q2 & Q3 2019 United States - Flywheel,1006005,BRAND,454850,0
21814935,1004889 | Assistant | Brand + DR | ESS01 | APAC | IN | Q4 2018 | Sustenance,5435,Google Assistant IN Q4 2018 APAC - Assistant Q4,1004889,BRAND,449692,0
21676466,1002226 | Google Cloud | Brand + DR | EMEA | GB | H2 2018 | SMB Partnership,5718,G Suite EMEA Q4 2018 United Kingdom - SMB Partnership,1002226,BRAND,422534,0
21703948,1005584 | Pixel | Brand + DR | NA | US | Q4 2018 | Pixel 3.0,5815,Pixel US '18/19 Q1 2019 North America - Brand,1005584,BRAND,420615,1
21046478,1004699 | YouTube B2C | BR | NA | US | Q2-Q4 2018 | Artists,4096,YouTube NA Q2-Q4 2018 United States - Artists 2018,1004699,BRAND,411648,0
21456416,1003009 | Google Cloud | BR | EMEA | GB & FR | Q3 2018 | Cloud UK Awareness Go Big - UK EMEA - (2017-Q4),4093,Cloud Platform EMEA Q2 2018 EMEA - Peace of Mind,1003009,BRAND,367562,1
21807995,1005356 | Google Apps | BR | ESS01 | NA | US | Q4 2018 - Q1 2019 | Google Search,5062,GSA NA Q4 2018 North America - Brand,1005356,BRAND,355590,0
21512345,1004442 - Chrome OS Consumer - EMEA - NO - Chromebook CAP Pilot Nordics 2018 EMEA - (2017-Q4) - 2018,4543,Chromebooks EMEA H2 2018 EMEA,1003999,BRAND,309788,1
21917360,1005292 | YouTube B2C | EMEA | ESS01 | DE | YouTube Music | Q4 2018 |,5060,YouTube Music Brand EMEA Q4 2018 Germany,1005292,BRAND,301265,0
21947414,1005440 - Google Apps - EMEA - DE - DE multi-app product campaign/search camaign EMEA - (2018-Q4) - Q4 2018,5544,Multi-App EMEA Q4 2018 EMEA - DE,1005440,BRAND,299531,0
22123590,1005816 - Brand & Rep - EMEA - FR - Safety - 2018,5803,Internet Safety - FR Q4 - 2018 Q4 2018 France,1005602,BRAND,298780,0
21709699,1004256 | 1005333 | 1005372 | Home | Brand + DR | NA | US | Q4 2018 | V1,4772,Google Home NA Q4 2018 United States - R1 Brand,1005333,BRAND,291817,0
21842706,1004922 - YouTube Music - EMEA - GB - Brand - Q4 2018,5423,YouTube Music Brand EMEA Q4 2018 United Kingdom,1004922,BRAND,277720,0
21759665,1005694 | Other | BR | ESS01 | EMEA | FR | Q4 2018 | | Non Segmented,5009,Pixel Brand EMEA Q4 2018 France - Brand,1005694,BRAND,240834,0
21916964,1005429 | RailTel | Brand + DR | ESS01 | APAC | IN | Q4 2018 | GStation Scaled,5577,Railtel India Q4 2018 India - Scaled Campaign,1005429,BRAND,235790,0
21863257,1005246 - Google Assistant - EMEA - FR - Brand Campaign - Q4 2018,5186,Google Assistant EMEA | NEW Q4 2018 France,1005246,BRAND,216926,0
22034229,1005623 | Google Apps | BR | NA | US | Q4 2018 - Q1 2019 | Duo US,5786,Duo NA [ New ] Q4 2018 North America,1005623,BRAND,199890,0
21750736,1005676 | Not Product Specific | Social Boost | APAC | IN | Q4 2018 | Pilot,6776,Social Booster Pilot APAC Q2 2019 India - Value Add,1005676,BRAND,181989,1
22206975,SEA Test Campaign 2019,6782,GApp VN 2019 Q2 2019 Vietnam - Travel,1006358,BRAND,144506,1
21777804,1005692 | Other | BR | ESS01 | EMEA | GB | Q4 2018 | Non-Segmented,5008,Pixel Brand EMEA Q4 2018 United Kingdom,1005692,BRAND,115829,0
21991843,1004893 - User Education - EMEA - BE - Cybersimple - Q4 2018- DISPLAY,5566,Privacy EMEA Q4 2018 Belgium - Cybersimple,1004893,BRAND,100904,0
22035251,1005816 - Brand & Rep - EMEA - BE - Safety - 2018,5803,Internet Safety - FR Q4 - 2018 Q4 2018 France,1005602,BRAND,98914,0
21991301,1004972 - Multi Apps - EMEA - GB - X-product campaign - Q4 2018,5654,Multi-App EMEA Q4 2018 United Kingdom,1004972,BRAND,83421,0
21720246,1004791 | Pixelbook | Brand + DR | NA | US | Q4 2018 | V1,4840,PixelBook NA Q4 2018 Canada - Canada Brand,1005304,BRAND,54960,0
21801268,1004186 | YouTube B2C | BR | ESS01 | NA | NA | Q4 2018 - Q4 2019 | TV Partnerships,5409,YouTube Unplugged NA Q4 2018 United States - Partnership - NBA,1004186,BRAND,22524,0
21952880,1005591 - Chrome OS Consumer - EMEA - FR - Chromebooks FR 2018 EMEA - (2018-Q3) - 2018,5506,Chromebooks EMEA Q4 2018 France,1005591,BRAND,22280,0
21569847,1004905 | Assistant | Brand + DR | NA | US | H2 2018 | Wave 3,5832,Google Assistant NA Q4 2018 North America - EOY Holiday,1004905,BRAND,13912,0
21678155,1002683 | Home | Brand + DR | ESS01 | APAC | AU | H2 2018,4646,Google Home AU H2 2018 Australia - ESTELLE,1002683,BRAND,12920,1
21699984,1004738 | Pixel | Brand + DR | APAC | JP | H2 2018 | Pixel3 Launch,4613,Pixel JP Q4 2018 Japan - Launch campaign,1004738,BRAND,8507,0
21840487,1004063 | Home | BR | ESS01 | EMEA | NO | Q4 2018 | Non-Segmented),5189,Google Home EMEA Q4 2018 EMEA - Nordics,1004066,BRAND,7406,0
21709687,1004855 | Nest.com | Brand + DR | NA | US & CA | Q4 2018 | Evergreen DR,5088,Nest NA Q4 2018 United States - Nest.com Brand Accelerator,1005708,BRAND,7105,0
21799188,1005274 - YouTube Music - EMEA - FR - Artistic Programmatic - Q4 2018,5208,YouTube Music Brand EMEA Q4 2018 France - YouTube Artistic Programmatic Packages France,1005274,BRAND,4106,0
21545925,1004494 | Google Apps | BR | NA | US | H2 2018 | Maps,4639,Google Maps NA Q3 2018 United States - Brand,1004494,BRAND,4105,0
21545213,"1003955 - Chrome OS Consumer - EMEA - GB - You Chromebook"" Chromebooks Go Big - UK EMEA - (2018-Q1) - 2018",4540,Chromebooks EMEA H2 2018 United Kingdom,1003955,BRAND,3394,1
21772375,1005421 | Google App | BR | ESS01 | APAC | VN | Q4 2018 | Local Universal,5116,GSA Local Universal VN Q4 2018 Q4 2018 Vietnam,1005421,BRAND,2836,0
21933110,1005653 - D24 User Education - EMEA - IT - Internet Safety - Q4 2018,5030,Privacy EMEA Q4 2018 Italy - Internet Safety,1005653,BRAND,2446,0
22076134,1005537 | Brand | BR | ESS01 | NA | US | Q4 2018 | Helpfulness,5892,Google Helpfulness NA 2018 Q4 2018 United States,1006366,BRAND,1450,0
21990335,1005506 | Home | BR | ESS01 | APAC | JP | Q4 2018 | Year End,5029,Google Home JP Q4 2018 Japan - Year-end Campaign,1005506,BRAND,1359,0
