﻿Plan,Quarter,Channel,Property,Platform,Buy Type,Details,Study Method/Provider,Creative passed [Y]es/[F]ailed/[N]ot tested [P]artial,Goal,Control,Exposed,Abs Lift,Rel Lift,Confidence,Success,Reach,Impressions,Frequency,Lifted Users,CPLU,Clicks,Spend,CPM,Viewable Impressions,>5 seconds in view/avoc,VIEWABLE,Avoc,Avg Ad Length
Google Helpfulness NA 2019 Q1-Q3 North America,2019 Q2,Social,Twitter - Official,Twitter,Biddable,,,,,,,,,,,,"57,627,499",,,,"624,488","$277,203.52 ",,,,,,
Google Helpfulness NA 2019 Q1-Q3 North America,2019 Q1,Video,NYTimes,DBM,Programmatic - PMP,,,,,,,,,,,,"17,261",,,,91,"$1,121.96 ",,,,,,
Google Helpfulness NA 2019 Q1-Q3 North America,2019 Q2,Video,CNN,DBM,Programmatic - PMP,,,,,,,,,,,,"167,341",,,,560,"$2,062.15 ",,,,,,
Google Helpfulness NA 2019 Q1-Q3 North America,2019 Q2,Video,NYTimes,DBM,Programmatic - PMP,,,,,,,,,,,,"184,923",,,,"1,799","$12,019.99 ",,,,,,
Google Helpfulness NA 2019 Q1-Q3 North America,2019 Q1,Video,Conde Nast,DBM,Programmatic - PMP,,,,,,,,,,,,"414,253",,,,424,"$8,518.76 ",,,,,,
Google Helpfulness NA 2019 Q1-Q3 North America,2019 Q2,Video,Fox News,DBM,Programmatic - PMP,,,,,,,,,,,,"560,352",,,,"1,422","$10,646.69 ",,,,,,
Google Helpfulness NA 2019 Q1-Q3 North America,2019 Q2,Video,Huffington Post,DBM,Programmatic - PMP,,,,,,,,,,,,"772,965",,,,"7,109","$11,035.87 ",,,,,,
Google Helpfulness NA 2019 Q1-Q3 North America,2019 Q1,Social,Facebook,Facebook,Biddable,,,,,,,,,,,,"1,205,094",,,,"11,975","$9,612.78 ",,,,,,
Google Helpfulness NA 2019 Q1-Q3 North America,2019 Q2,Video,USA Today,DBM,Programmatic - PMP,,,,,,,,,,,,"1,614,906",,,,"3,447","$25,483.10 ",,,,,,
Google Helpfulness NA 2019 Q1-Q3 North America,2019 Q2,Display,Open Exchange AdX,DBM,Programmatic - Open Exchange,,,,,,,,,,,,"1,685,835",,,,7,"$5,336.70 ",,,,,,
Google Helpfulness NA 2019 Q1-Q3 North America,2019 Q1,Video,ESPN,DBM,Programmatic - PMP,,,,,,,,,,,,"2,044,923",,,,"2,280","$77,700.96 ",,,,,,
Google Helpfulness NA 2019 Q1-Q3 North America,2019 Q2,Display,GDN,GDN,Programmatic - Open Exchange,,,,,,,,,,,,"2,188,482",,,,0,"$4,043.67 ",,,,,,
Google Helpfulness NA 2019 Q1-Q3 North America,2019 Q1,Video,Open Exchange AdX,DBM,Programmatic - Open Exchange,,,,,,,,,,,,"2,525,642",,,,"11,549","$39,724.95 ",,,,,,
Google Helpfulness NA 2019 Q1-Q3 North America,2019 Q1,Display,NYTimes,DBM,Programmatic - PMP,,,,,,,,,,,,"2,630,138",,,,"2,617","$246,461.77 ",,,,,,
Google Helpfulness NA 2019 Q1-Q3 North America,2019 Q2,Video,Conde Nast,DBM,Programmatic - PMP,,,,,,,,,,,,"4,075,567",,,,"1,365","$85,771.21 ",,,,,,
Google Helpfulness NA 2019 Q1-Q3 North America,2019 Q2,Video,Vox,DBM,Programmatic - PMP,,,,,,,,,,,,"9,105,001",,,,"1,710","$125,755.17 ",,,,,,
Google Helpfulness NA 2019 Q1-Q3 North America,2019 Q2,Display,NYTimes,DBM,Programmatic - PMP,,,,,,,,,,,,"9,811,582",,,,"11,075","$265,405.75 ",,,,,,
Google Helpfulness NA 2019 Q1-Q3 North America,2019 Q1,Video,YouTube,YouTube,Biddable,,,,,,,,,,,,"10,142,504",,,,"4,114","$135,077.66 ",,,,,,
Google Helpfulness NA 2019 Q1-Q3 North America,2019 Q2,Social,Facebook,Facebook,Biddable,,,,,,,,,,,,"22,116,688",,,,"204,075","$128,313.95 ",,,,,,
Google Helpfulness NA 2019 Q1-Q3 North America,2019 Q2,Video,Open Exchange AdX,DBM,Programmatic - Open Exchange,,,,,,,,,,,,"28,814,615",,,,"89,457","$411,047.09 ",,,,,,
Google Helpfulness NA 2019 Q1-Q3 North America,2019 Q2,Video,YouTube,YouTube,Biddable,,,,,,,,,,,,"118,553,251",,,,"45,996","$1,361,612.29 ",,,,,,
Google Home NA 2019 Q2 2019 United States - Google Nest Brand,2019 Q2,Video,CNET,DBM,Programmatic - Guaranteed,,,,,,,,,,,,"59,308",,,,149,"$2,031.38 ",,,,,,
Google Home NA 2019 Q2 2019 United States - Google Nest Brand,2019 Q2,Video,CBS,DBM,Programmatic - Guaranteed,,,,,,,,,,,,"194,917",,,,314,"$6,507.46 ",,,,,,
Google Home NA 2019 Q2 2019 United States - Google Nest Brand,2019 Q2,Video,The Washington Post,DBM,Programmatic - Guaranteed,,,,,,,,,,,,"727,828",,,,"3,800","$49,492.64 ",,,,,,
Google Home NA 2019 Q2 2019 United States - Google Nest Brand,2019 Q2,Display,GDN,GDN,Biddable,,,,,,,,,,,,"773,895",,,,4,"$1,443.64 ",,,,,,
Google Home NA 2019 Q2 2019 United States - Google Nest Brand,2019 Q2,Video,Open Exchange NonAdX,DBM,Programmatic - Open Exchange,,,,,,,,,,,,"1,216,068",,,,0,"$44,386.47 ",,,,,,
Google Home NA 2019 Q2 2019 United States - Google Nest Brand,2019 Q2,Video,Hulu,DBM,Programmatic - PMP,,,,,,,,,,,,"1,401,619",,,,"2,682","$52,104.12 ",,,,,,
Google Home NA 2019 Q2 2019 United States - Google Nest Brand,2019 Q2,Video,ABC,Unknown,Direct Buy,,,,,,,,,,,,"1,855,608",,,,493,"$51,437.23 ",,,,,,
Google Home NA 2019 Q2 2019 United States - Google Nest Brand,2019 Q2,Social,Instagram,Facebook,Biddable,,,,,,,,,,,,"2,046,629",,,,"3,435","$6,384.07 ",,,,,,
Google Home NA 2019 Q2 2019 United States - Google Nest Brand,2019 Q2,Video,Conde Nast,DBM,Programmatic - Guaranteed,,,,,,,,,,,,"2,310,691",,,,650,"$68,078.41 ",,,,,,
Google Home NA 2019 Q2 2019 United States - Google Nest Brand,2019 Q2,Video,NBC,Unknown,Direct Buy,,,,,,,,,,,,"2,458,350",,,,"1,084","$60,227.25 ",,,,,,
Google Home NA 2019 Q2 2019 United States - Google Nest Brand,2019 Q2,Video,Vox Media,DBM,Programmatic - Guaranteed,,,,,,,,,,,,"2,790,985",,,,847,"$93,016.18 ",,,,,,
Google Home NA 2019 Q2 2019 United States - Google Nest Brand,2019 Q2,Display,Open Exchange AdX,DBM,Programmatic - Open Exchange,,,,,,,,,,,,"4,160,818",,,,"10,809","$21,882.05 ",,,,,,
Google Home NA 2019 Q2 2019 United States - Google Nest Brand,2019 Q2,Video,Open Exchange AdX,DBM,Programmatic - Open Exchange,,,,,,,,,,,,"8,321,753",,,,"30,721","$100,028.65 ",,,,,,
Google Home NA 2019 Q2 2019 United States - Google Nest Brand,2019 Q2,Video,Fox Sports,Unknown,Direct Buy,,,,,,,,,,,,"9,635,101",,,,340,"$385,404.04 ",,,,,,
Google Home NA 2019 Q2 2019 United States - Google Nest Brand,2019 Q2,Social,Facebook,Facebook,Biddable,,,,,,,,,,,,"11,366,576",,,,"187,923","$10,399.34 ",,,,,,
Google Home NA 2019 Q2 2019 United States - Google Nest Brand,2019 Q2,Social,Twitter - Official,Twitter,Biddable,,,,,,,,,,,,"54,666,987",,,,"295,209","$565,143.16 ",,,,,,
Google Home NA 2019 Q2 2019 United States - Google Nest Brand,2019 Q2,Video,ESPN,Unknown,Direct Buy,,,,,,,,,,,,"15,758,085",,,,"69,336","$459,696.12 ",,,,,,
Google Home NA 2019 Q2 2019 United States - Google Nest Brand,2019 Q2,Video,YouTube (via DBM),DBM,Biddable,,,,,,,,,,,,"15,806,274",,,,"28,900","$669,070.28 ",,,,,,
Google Home NA 2019 Q2 2019 United States - Google Nest Brand,2019 Q2,Social,Facebook/Instagram,Facebook,Biddable,,,,,,,,,,,,"51,130,204",,,,"177,138","$156,147.17 ",,,,,,
Google Home NA 2019 Q2 2019 United States - Google Nest Brand,2019 Q2,Display,ESPN,Unknown,Direct Buy,,,,,,,,,,,,"87,172,949",,,,"60,007","$390,303.89 ",,,,,,
Google Home NA 2019 Q2 2019 United States - Google Nest Brand,2019 Q2,Video,YouTube,YouTube,Biddable,,,,,,,,,,,,"612,789,357",,,,"728,930","$7,487,115.13 ",,,,,,
Google Stadia NA 2019 Q2 2019 North America - Brand,2019 Q2,Social,Twitter - Official,Twitter,Biddable,,,,,,,,,,,,"11,538,549",,,,"10,334","$100,000.00 ",,,,,,
Google Stadia NA 2019 Q2 2019 North America - Brand,2019 Q2,Video,YouTube,Unknown,Direct Buy,,,,,,,,,,,,"127,202,861",,,,"101,240","$5,007,735.32 ",,,,,,
Google Stadia NA 2019 Q2 2019 North America - Brand,2019 Q2,Display,YouTube,Unknown,Direct Buy,,,,,,,,,,,,"502,809,638",,,,"147,182","$945,000.00 ",,,,,,
Google Stadia NA 2019 Q2 2019 North America - Brand,2019 Q2,Video,YouTube,YouTube,Biddable,,,,,,,,,,,,"519,693,764",,,,"371,263","$5,732,481.84 ",,,,,,
Multi App NA Q2-Q3 2019 North America,2019 Q2,Video,Hulu,DBM,Programmatic - Guaranteed,,,,,,,,,,,,"1,941,808",,,,546,"$57,166.83 ",,,,,,
Multi App NA Q2-Q3 2019 North America,2019 Q2,Video,Spotify,DBM,Programmatic - Guaranteed,,,,,,,,,,,,"3,154,108",,,,"6,003","$139,892.75 ",,,,,,
Multi App NA Q2-Q3 2019 North America,2019 Q2,Video,ESPN,Unknown,Direct Buy,,,,,,,,,,,,"3,517,188",,,,"6,003","$117,576.15 ",,,,,,
Multi App NA Q2-Q3 2019 North America,2019 Q2,Display,BuzzFeed,DBM,Programmatic - Guaranteed,,,,,,,,,,,,"4,898,916",,,,"1,236","$48,771.97 ",,,,,,
Multi App NA Q2-Q3 2019 North America,2019 Q2,Display,Conde Nast,DBM,Programmatic - Guaranteed,,,,,,,,,,,,"7,331,467",,,,"2,776","$258,033.63 ",,,,,,
Multi App NA Q2-Q3 2019 North America,2019 Q2,Video,Fox Networks,Unknown,Direct Buy,,,,,,,,,,,,"13,893,116",,,,726,"$410,755.67 ",,,,,,
Multi App NA Q2-Q3 2019 North America,2019 Q2,Display,Vox,DBM,Programmatic - Guaranteed,,,,,,,,,,,,"20,617,589",,,,"15,776","$534,755.73 ",,,,,,
Multi App NA Q2-Q3 2019 North America,2019 Q2,Social,Twitter - Official,Twitter,Biddable,,,,,,,,,,,,"45,282,871",,,,"141,488","$154,517.87 ",,,,,,
Multi App NA Q2-Q3 2019 North America,2019 Q2,Video,YouTube,Unknown,Programmatic - Preferred deal,,,,,,,,,,,,"46,547,565",,,,"37,345","$1,260,000.00 ",,,,,,
Multi App NA Q2-Q3 2019 North America,2019 Q2,Video,Open Exchange AdX,DBM,Programmatic - Open Exchange,,,,,,,,,,,,"62,200,869",,,,"97,437","$714,883.44 ",,,,,,
Multi App NA Q2-Q3 2019 North America,2019 Q2,Video,Open Exchange NonAdX,DBM,Programmatic - Open Exchange,,,,,,,,,,,,"78,520,719",,,,"196,979","$501,518.69 ",,,,,,
Multi App NA Q2-Q3 2019 North America,2019 Q2,Social,Snapchat,Snapchat,Biddable,,,,,,,,,,,,"94,147,607",,,,"1,291,082","$353,694.65 ",,,,,,
Multi App NA Q2-Q3 2019 North America,2019 Q2,Display,Open Exchange AdX,DBM,Programmatic - Open Exchange,,,,,,,,,,,,"112,712,928",,,,"307,764","$742,255.59 ",,,,,,
Multi App NA Q2-Q3 2019 North America,2019 Q2,Social,Facebook,Facebook,Biddable,,,,,,,,,,,,"171,841,668",,,,"260,469","$433,339.35 ",,,,,,
Multi App NA Q2-Q3 2019 North America,2019 Q2,Display,Open Exchange NonAdX,DBM,Programmatic - Open Exchange,,,,,,,,,,,,"201,598,228",,,,"306,879","$788,402.61 ",,,,,,
Multi App NA Q2-Q3 2019 North America,2019 Q2,Display,GDN,GDN,Biddable,,,,,,,,,,,,"401,770,688",,,,"2,216,417","$978,533.67 ",,,,,,
Multi App NA Q2-Q3 2019 North America,2019 Q2,Video,YouTube,YouTube,Biddable,,,,,,,,,,,,"551,240,339",,,,"537,925","$4,832,865.68 ",,,,,,
Pixel Bonito US 2019 Q2 2019 North America - Brand,2019 Q2,Video,NBA.com,Unknown,Direct Buy,,,,,,,,,,,,"634,681",,,,"2,751","$22,950.00 ",,,,,,
Pixel Bonito US 2019 Q2 2019 North America - Brand,2019 Q2,Video,Univision,Unknown,Direct Buy,,,,,,,,,,,,"1,368,934",,,,745,"$27,500.00 ",,,,,,
Pixel Bonito US 2019 Q2 2019 North America - Brand,2019 Q2,Display,Univision,Unknown,Direct Buy,,,,,,,,,,,,"1,974,171",,,,"2,871","$20,000.00 ",,,,,,
Pixel Bonito US 2019 Q2 2019 North America - Brand,2019 Q2,Video,CNET,DBM,Programmatic - Guaranteed,,,,,,,,,,,,"2,426,082",,,,"9,012","$84,912.87 ",,,,,,
Pixel Bonito US 2019 Q2 2019 North America - Brand,2019 Q2,Display,GDN,GDN,Biddable,,,,,,,,,,,,"2,822,013",,,,6,"$6,865.17 ",,,,,,
Pixel Bonito US 2019 Q2 2019 North America - Brand,2019 Q2,Video,Spotify,DBM,Programmatic - Guaranteed,,,,,,,,,,,,"3,354,523",,,,"6,742","$165,042.38 ",,,,,,
Pixel Bonito US 2019 Q2 2019 North America - Brand,2019 Q2,Video,Bleacher Report,Unknown,Direct Buy,,,,,,,,,,,,"3,601,722",,,,"3,391","$125,000.00 ",,,,,,
Pixel Bonito US 2019 Q2 2019 North America - Brand,2019 Q2,Video,iheart.com,DBM,Programmatic - Guaranteed,,,,,,,,,,,,"4,429,913",,,,"77,576","$124,037.56 ",,,,,,
Pixel Bonito US 2019 Q2 2019 North America - Brand,2019 Q2,Display,Meredith,DBM,Programmatic - Guaranteed,,,,,,,,,,,,"5,331,105",,,,"2,382","$88,957.84 ",,,,,,
Pixel Bonito US 2019 Q2 2019 North America - Brand,2019 Q2,Video,Spotify,DBM,Programmatic - PMP,,,,,,,,,,,,"5,556,799",,,,"23,171","$118,159.34 ",,,,,,
Pixel Bonito US 2019 Q2 2019 North America - Brand,2019 Q2,Video,ABC,Unknown,Direct Buy,,,,,,,,,,,,"6,162,131",,,,"3,512","$170,814.27 ",,,,,,
Pixel Bonito US 2019 Q2 2019 North America - Brand,2019 Q2,Video,CBS,DBM,Programmatic - Guaranteed,,,,,,,,,,,,"6,887,342",,,,"7,863","$220,393.28 ",,,,,,
Pixel Bonito US 2019 Q2 2019 North America - Brand,2019 Q2,Display,Open Exchange NonAdX,DBM,Programmatic - Open Exchange,,,,,,,,,,,,"6,914,209",,,,"1,315","$27,871.87 ",,,,,,
Pixel Bonito US 2019 Q2 2019 North America - Brand,2019 Q2,Video,NBC,Unknown,Direct Buy,,,,,,,,,,,,"7,554,468",,,,"3,243","$179,171.50 ",,,,,,
Pixel Bonito US 2019 Q2 2019 North America - Brand,2019 Q2,Video,Fox Networks,Unknown,Direct Buy,,,,,,,,,,,,"7,985,994",,,,694,"$200,000.00 ",,,,,,
Pixel Bonito US 2019 Q2 2019 North America - Brand,2019 Q2,Video,ESPN,Unknown,Direct Buy,,,,,,,,,,,,"8,235,014",,,,"14,837","$220,000.00 ",,,,,,
Pixel Bonito US 2019 Q2 2019 North America - Brand,2019 Q2,Display,Slickdeals,DBM,Programmatic - PMP,,,,,,,,,,,,"8,515,746",,,,"2,795","$90,271.28 ",,,,,,
Pixel Bonito US 2019 Q2 2019 North America - Brand,2019 Q2,Video,Pandora,DBM,Programmatic - Guaranteed,,,,,,,,,,,,"10,773,198",,,,"29,317","$223,346.41 ",,,,,,
Pixel Bonito US 2019 Q2 2019 North America - Brand,2019 Q2,Social,Univision,Unknown,Biddable,,,,,,,,,,,,"10,997,205",,,,"60,771","$250,000.00 ",,,,,,
Pixel Bonito US 2019 Q2 2019 North America - Brand,2019 Q2,Display,Bleacher Report,Unknown,Direct Buy,,,,,,,,,,,,"11,511,411",,,,"7,406","$125,000.00 ",,,,,,
Pixel Bonito US 2019 Q2 2019 North America - Brand,2019 Q2,Display,Ziff Davis,DBM,Programmatic - Guaranteed,,,,,,,,,,,,"11,845,261",,,,"5,143","$363,860.80 ",,,,,,
Pixel Bonito US 2019 Q2 2019 North America - Brand,2019 Q2,Social,Instagram,Facebook,Biddable,,,,,,,,,,,,"15,788,486",,,,"38,922","$203,000.00 ",,,,,,
Pixel Bonito US 2019 Q2 2019 North America - Brand,2019 Q2,Display,CNET,DBM,Programmatic - Guaranteed,,,,,,,,,,,,"19,401,876",,,,"25,227","$650,996.01 ",,,,,,
Pixel Bonito US 2019 Q2 2019 North America - Brand,2019 Q2,Video,Hulu,DBM,Programmatic - PMP,,,,,,,,,,,,"19,981,382",,,,"22,081","$522,243.89 ",,,,,,
Pixel Bonito US 2019 Q2 2019 North America - Brand,2019 Q2,Display,Conde Nast,DBM,Programmatic - PMP,,,,,,,,,,,,"24,504,735",,,,"19,966","$377,797.47 ",,,,,,
Pixel Bonito US 2019 Q2 2019 North America - Brand,2019 Q2,Display,BuzzFeed,DBM,Programmatic - Guaranteed,,,,,,,,,,,,"25,855,477",,,,"8,614","$317,492.49 ",,,,,,
Pixel Bonito US 2019 Q2 2019 North America - Brand,2019 Q2,Display,triplelift.com,DBM,Programmatic - PMP,,,,,,,,,,,,"35,661,667",,,,"88,984","$224,671.57 ",,,,,,
Pixel Bonito US 2019 Q2 2019 North America - Brand,2019 Q2,Display,NBA.com,Unknown,Direct Buy,,,,,,,,,,,,"36,023,030",,,,"40,303","$538,000.00 ",,,,,,
Pixel Bonito US 2019 Q2 2019 North America - Brand,2019 Q2,Display,Fusion Media Group,DBM,Programmatic - Guaranteed,,,,,,,,,,,,"36,467,868",,,,"17,470","$398,997.73 ",,,,,,
Pixel Bonito US 2019 Q2 2019 North America - Brand,2019 Q2,Display,Vox,DBM,Programmatic - Guaranteed,,,,,,,,,,,,"37,439,042",,,,"20,532","$653,754.27 ",,,,,,
Pixel Bonito US 2019 Q2 2019 North America - Brand,2019 Q2,Social,Twitter - Official,Unknown,Direct Buy,,,,,,,,,,,,"42,398,014",,,,"291,414","$720,000.00 ",,,,,,
Pixel Bonito US 2019 Q2 2019 North America - Brand,2019 Q2,Video,Open Exchange AdX,DBM,Programmatic - Open Exchange,,,,,,,,,,,,"54,929,963",,,,"100,815","$547,422.59 ",,,,,,
Pixel Bonito US 2019 Q2 2019 North America - Brand,2019 Q2,Social,Twitter - Official,Twitter,Biddable,,,,,,,,,,,,"72,741,791",,,,"767,864","$674,000.00 ",,,,,,
Pixel Bonito US 2019 Q2 2019 North America - Brand,2019 Q2,Display,Open Exchange AdX,DBM,Programmatic - Open Exchange,,,,,,,,,,,,"71,404,388",,,,"62,645","$259,315.13 ",,,,,,
Pixel Bonito US 2019 Q2 2019 North America - Brand,2019 Q2,Video,YouTube,DBM,Programmatic - Guaranteed,,,,,,,,,,,,"99,215,623",,,,"170,858","$3,449,375.32 ",,,,,,
Pixel Bonito US 2019 Q2 2019 North America - Brand,2019 Q2,Social,Facebook,Facebook,Biddable,,,,,,,,,,,,"116,114,534",,,,"980,953","$1,165,736.00 ",,,,,,
Pixel Bonito US 2019 Q2 2019 North America - Brand,2019 Q2,Video,YouTube,Unknown,Direct Buy,,,,,,,,,,,,"135,586,464",,,,"200,923","$2,481,537.04 ",,,,,,
Pixel Bonito US 2019 Q2 2019 North America - Brand,2019 Q2,Video,YouTube,Unknown,Programmatic - Guaranteed,,,,,,,,,,,,"366,029,777",,,,"379,393","$7,735,333.50 ",,,,,,
Pixel Bonito US 2019 Q2 2019 North America - Brand,2019 Q2,Display,YouTube,Unknown,Direct Buy,,,,,,,,,,,,"485,824,986",,,,"100,536","$945,000.00 ",,,,,,
Pixel Bonito US 2019 Q2 2019 North America - Brand,2019 Q2,Video,YouTube,YouTube,Biddable,,,,,,,,,,,,"894,021,048",,,,"1,212,559","$13,988,265.67 ",,,,,,
Pixel US '18/19 Q1 2019 North America - Brand,2019 Q1,Video,USA Today,DBM,Programmatic - Guaranteed,,,,,,,,,,,,"1,870,981",,,,"4,241","$44,903.54 ",,,,,,
Pixel US '18/19 Q1 2019 North America - Brand,2019 Q1,Video,Spotify,DBM,Programmatic - Guaranteed,,,,,,,,,,,,"4,065,251",,,,"10,779","$200,010.31 ",,,,,,
Pixel US '18/19 Q1 2019 North America - Brand,2019 Q1,Display,Rolling Stone,Unknown,Direct Buy,,,,,,,,,,,,"5,089,605",,,,"4,210","$100,000.00 ",,,,,,
Pixel US '18/19 Q1 2019 North America - Brand,2019 Q1,Video,Open Exchange AdX,DBM,Programmatic - Open Exchange,,,,,,,,,,,,"24,111,751",,,,"195,362","$921,461.87 ",,,,,,
Pixel US '18/19 Q1 2019 North America - Brand,2019 Q1,Video,YouTube,DBM,Programmatic - Guaranteed,,,,,,,,,,,,"31,248,682",,,,"31,774","$598,229.82 ",,,,,,
Pixel US '18/19 Q1 2019 North America - Brand,2019 Q1,Display,Giphy,Unknown,Direct Buy,,,,,,,,,,,,"50,471,336",,,,0,"$500,000.00 ",,,,,,
Pixel US '18/19 Q1 2019 North America - Brand,2019 Q1,Social,Twitter - Official,Unknown,Direct Buy,,,,,,,,,,,,0,,,,0,"$400,000.00 ",,,,,,
Pixel US '18/19 Q1 2019 North America - Brand,2019 Q1,Social,Twitter - Official,Twitter,Biddable,,,,,,,,,,,,"208,477,274",,,,"879,095","$1,829,295.50 ",,,,,,
Pixel US '18/19 Q1 2019 North America - Brand,2019 Q1,Social,Instagram,Facebook,Biddable,,,,,,,,,,,,"129,213,186",,,,"148,958","$1,037,855.39 ",,,,,,
Pixel US '18/19 Q1 2019 North America - Brand,2019 Q1,Video,YouTube,YouTube,Biddable,,,,,,,,,,,,"1,586,849,274",,,,"1,826,302","$16,947,002.94 ",,,,,,
Project Fi NA Q1 2019 United States - Brand,2019 Q1,Video,Spotify,DBM,Programmatic - Guaranteed,,,,,,,,,,,,"9,881,017",,,,"29,055","$486,146.04 ",,,,,,
Project Fi NA Q1 2019 United States - Brand,2019 Q1,Video,Hulu,DBM,Programmatic - Guaranteed,,,,,,,,,,,,"14,194,212",,,,"13,903","$398,715.42 ",,,,,,
Project Fi NA Q1 2019 United States - Brand,2019 Q1,Video,YouTube,GDN,Biddable,,,,,,,,,,,,"16,849,873",,,,"11,053","$58,684.30 ",,,,,,
Project Fi NA Q1 2019 United States - Brand,2019 Q1,Display,Open Exchange AdX,DBM,Programmatic - PMP,,,,,,,,,,,,"20,883,901",,,,"19,108","$144,003.14 ",,,,,,
Project Fi NA Q1 2019 United States - Brand,2019 Q1,Video,Pandora,DBM,Programmatic - Guaranteed,,,,,,,,,,,,"22,359,635",,,,"123,826","$412,535.27 ",,,,,,
Project Fi NA Q1 2019 United States - Brand,2019 Q1,Display,Vox,DBM,Programmatic - Guaranteed,,,,,,,,,,,,"23,957,143",,,,"12,422","$333,305.53 ",,,,,,
Project Fi NA Q1 2019 United States - Brand,2019 Q1,Video,Open Exchange AdX,DBM,Programmatic - Open Exchange,,,,,,,,,,,,"25,626,457",,,,"147,075","$446,701.58 ",,,,,,
Project Fi NA Q1 2019 United States - Brand,2019 Q1,Video,Open Exchange NonAdX,DBM,Programmatic - PMP,,,,,,,,,,,,"26,731,432",,,,"117,599","$313,227.27 ",,,,,,
Project Fi NA Q1 2019 United States - Brand,2019 Q1,Display,Fusion Media Group,DBM,Programmatic - Guaranteed,,,,,,,,,,,,"34,959,882",,,,"30,640","$344,040.16 ",,,,,,
Project Fi NA Q1 2019 United States - Brand,2019 Q1,Video,Hulu,Unknown,Direct Buy,,,,,,,,,,,,"37,266,199",,,,"23,313","$699,446.04 ",,,,,,
Project Fi NA Q1 2019 United States - Brand,2019 Q1,Video,YouTube,DBM,Programmatic - Guaranteed,,,,,,,,,,,,"43,433,090",,,,"45,084","$1,409,244.95 ",,,,,,
Project Fi NA Q1 2019 United States - Brand,2019 Q1,Display,Open Exchange NonAdX,DBM,Programmatic - Open Exchange,,,,,,,,,,,,"56,650,537",,,,"38,991","$155,621.54 ",,,,,,
Project Fi NA Q1 2019 United States - Brand,2019 Q1,Display,Open Exchange AdX,DBM,Programmatic - Open Exchange,,,,,,,,,,,,"60,547,563",,,,"95,447","$344,442.95 ",,,,,,
Project Fi NA Q1 2019 United States - Brand,2019 Q1,Video,Open Exchange NonAdX,DBM,Programmatic - Open Exchange,,,,,,,,,,,,"128,653,260",,,,"376,529","$1,398,463.11 ",,,,,,
Project Fi NA Q1 2019 United States - Brand,2019 Q1,Social,Facebook,Facebook,Biddable,,,,,,,,,,,,"191,138,886",,,,"347,491","$656,717.50 ",,,,,,
Project Fi NA Q1 2019 United States - Brand,2019 Q1,Social,Twitter - Official,Twitter,Biddable,,,,,,,,,,,,"63,479,988",,,,"228,744","$549,387.55 ",,,,,,
Project Fi NA Q1 2019 United States - Brand,2019 Q1,Video,YouTube,YouTube,Biddable,,,,,,,,,,,,"353,595,810",,,,"295,466","$2,644,193.33 ",,,,,,
