,DCM_Id,Olive_Plan_Id,questioncategory,question,study_start_date,study_end_date,primarygoal,dsk_campaign_cost,dsk_campaign_imps,dsk_study_cost,dsk_study_imps_exp,dsk_study_imps_con,mia_campaign_cost,mia_campaign_imps,mia_study_cost,mia_study_imps_exp,mia_study_imps_con,hyb_campaign_cost,hyb_campaign_imps,hyb_study_cost,hyb_study_imps_exp,hyb_study_imps_con,mbl_campaign_cost,mbl_campaign_imps,mbl_study_cost,mbl_study_imps_exp,mbl_study_imps_con,mwb_campaign_cost,mwb_campaign_imps,mwb_study_cost,mwb_study_imps_exp,mwb_study_imps_con,mobile_campaign_imps,mobile_study_cost,mobile_study_imps_exp,mobile_study_imps_con,dsk_campaign_reach,dsk_vid_campaign_reach,dsk_bnr_campaign_reach,mwb_campaign_reach,mwb_vid_campaign_reach,mwb_bnr_campaign_reach,mbl_campaign_reach,mbl_vid_campaign_reach,mbl_bnr_campaign_reach,mia_campaign_reach,mia_vid_campaign_reach,mia_bnr_campaign_reach,hyb_campaign_reach,hyb_vid_campaign_reach,hyb_bnr_campaign_reach,dsk_obsrvd_abs_lift,dsk_vid_obsrvd_abs_lift,dsk_bnr_obsrvd_abs_lift,mwb_obsrvd_abs_lift,mwb_vid_obsrvd_abs_lift,mwb_bnr_obsrvd_abs_lift,mbl_obsrvd_abs_lift,mbl_vid_obsrvd_abs_lift,mbl_bnr_obsrvd_abs_lift,mia_obsrvd_abs_lift,mia_vid_obsrvd_abs_lift,mia_bnr_obsrvd_abs_lift,hyb_obsrvd_abs_lift,hyb_vid_obsrvd_abs_lift,hyb_bnr_obsrvd_abs_lift,dsk_significance,dsk_vid_significance,dsk_bnr_significance,mwb_significance,mwb_vid_significance,mwb_bnr_significance,mbl_significance,mbl_vid_significance,mbl_bnr_significance,mia_significance,mia_vid_significance,mia_bnr_significance,hyb_significance,hyb_vid_significance,hyb_bnr_significance,desktop_route,mobile_route,hybrid_route,total_desktop_user,total_mobile_user,total_hybrid_user,success,Olive Plan Name,Quarter,Channel,Property,Platform,Buy Type,Impressions,Clicks,Spend,Mrf_Id,MMG,DCM_Campaign_Name,map,Olive-Id
0,22290676,"6130,6477,5811",Aided awareness,0.0,2019-02-13,2019-04-05,True,2217438.650349,535907629.0,0.31359499999999996,189.0,90.0,0.0,0.0,0.0,0.0,0.0,,,,,,,,,,,272366.244737,72182295.0,0.294876,36.0,420.0,72182295.0,0.294876,36.0,420.0,44291448.0,22361250.0,26046540.0,8678826.0,,7162250.0,,,,85176316.0,85176316.0,85176316.0,,,,-0.008454206382096959,-0.0196654148173438,0.00305555555555556,0.0294354838709677,,0.0476369268315577,,,,-0.00149630347650151,0.00431572901959845,-0.0106932489296091,,,,No lift,No lift,No lift,No lift,,No lift,,,,No lift,No lift,No lift,,,,No Lift,No Lift,,No Lift,No Lift,,No,Project Fi NA Q1 2019 United States - Brand,Q1,Video,Spotify,DBM,Programmatic - Guaranteed,"9,881,017","29,055","$486,146.04 ",1006296,Marvin,1006296 + 1004502 | Google Fi | Brand + DR | ESS01 | NA | United States | Q1 2019 | Re-Brand,"6130,6477,5811",6130
1,22290676,"6130,6477,5811",Consideration,1.0,2019-02-13,2019-04-05,False,2217438.650349,535907629.0,0.239209,69.0,18.0,0.0,0.0,0.0,0.0,0.0,,,,,,,,,,,272366.244737,72182295.0,0.294876,36.0,240.0,72182295.0,0.294876,36.0,240.0,44291448.0,22361250.0,26046540.0,8678826.0,,7162250.0,,,,85176316.0,85176316.0,85176316.0,,,,-0.0589730971128609,-0.0505221755052217,-0.11262376237623802,0.0651209677419355,,0.07166658844511199,,,,0.0084382306402475,0.0160233918128655,-0.0037431086178547203,,,,Negative impact,No lift,Negative impact,Directional lift,,Directional lift,,,,No lift,Significant lift,No lift,,,,No Lift,MWB Device Level,,No Lift,565173.5479838711,,Sucessful,Project Fi NA Q1 2019 United States - Brand,Q1,Video,Spotify,DBM,Programmatic - Guaranteed,"9,881,017","29,055","$486,146.04 ",1006296,Marvin,1006296 + 1004502 | Google Fi | Brand + DR | ESS01 | NA | United States | Q1 2019 | Re-Brand,"6130,6477,5811",6130
2,22290676,"6130,6477,5811",Feature recall,2.0,2019-02-13,2019-04-05,False,2217438.650349,535907629.0,31.200740999999997,6065.0,7377.0,0.0,0.0,0.0,0.0,0.0,,,,,,,,,,,272366.244737,72182295.0,0.049145999999999995,6.0,240.0,72182295.0,0.049145999999999995,6.0,240.0,44291448.0,22361250.0,26046540.0,8678826.0,,7162250.0,,,,85176316.0,85176316.0,85176316.0,,,,0.0297640653357532,0.072463768115942,-0.0166927490871153,0.0962253193960511,,0.0805616139585605,,,,0.0039590125756869795,0.0142800844874758,-0.0127320224343995,,,,No lift,No lift,No lift,Directional lift,,Directional lift,,,,No lift,No lift,No lift,,,,No Lift,MWB Device Level,,No Lift,835122.8038327525,,Sucessful,Project Fi NA Q1 2019 United States - Brand,Q1,Video,Spotify,DBM,Programmatic - Guaranteed,"9,881,017","29,055","$486,146.04 ",1006296,Marvin,1006296 + 1004502 | Google Fi | Brand + DR | ESS01 | NA | United States | Q1 2019 | Re-Brand,"6130,6477,5811",6130
3,22290676,"6130,6477,5811",Other,3.0,2019-02-13,2019-04-05,False,2217438.650349,535907629.0,22.589608,4321.0,4609.0,0.0,0.0,0.0,0.0,0.0,,,,,,,,,,,272366.244737,72182295.0,0.049145999999999995,6.0,60.0,72182295.0,0.049145999999999995,6.0,60.0,44291448.0,22361250.0,26046540.0,8678826.0,,7162250.0,,,,85176316.0,85176316.0,85176316.0,,,,0.0609396591432519,0.0451603412768461,0.0591093117408907,-0.00784313725490193,,-0.0200823520913097,,,,0.0113713876780079,0.00465479706267141,0.0221938050582552,,,,No lift,No lift,No lift,No lift,,No lift,,,,No lift,No lift,No lift,,,,No Lift,No Lift,,No Lift,No Lift,,No,Project Fi NA Q1 2019 United States - Brand,Q1,Video,Spotify,DBM,Programmatic - Guaranteed,"9,881,017","29,055","$486,146.04 ",1006296,Marvin,1006296 + 1004502 | Google Fi | Brand + DR | ESS01 | NA | United States | Q1 2019 | Re-Brand,"6130,6477,5811",6130
4,22290676,"6130,6477,5811",Aided awareness,0.0,2019-02-13,2019-04-05,True,2217438.650349,535907629.0,0.31359499999999996,189.0,90.0,0.0,0.0,0.0,0.0,0.0,,,,,,,,,,,272366.244737,72182295.0,0.294876,36.0,420.0,72182295.0,0.294876,36.0,420.0,44291448.0,22361250.0,26046540.0,8678826.0,,7162250.0,,,,85176316.0,85176316.0,85176316.0,,,,-0.008454206382096959,-0.0196654148173438,0.00305555555555556,0.0294354838709677,,0.0476369268315577,,,,-0.00149630347650151,0.00431572901959845,-0.0106932489296091,,,,No lift,No lift,No lift,No lift,,No lift,,,,No lift,No lift,No lift,,,,No Lift,No Lift,,No Lift,No Lift,,No,Project Fi NA Q1 2019 United States - Brand,Q1,Video,Hulu,DBM,Programmatic - Guaranteed,"14,194,212","13,903","$398,715.42 ",1006296,Marvin,1006296 + 1004502 | Google Fi | Brand + DR | ESS01 | NA | United States | Q1 2019 | Re-Brand,"6130,6477,5811",6130
5,22290676,"6130,6477,5811",Consideration,1.0,2019-02-13,2019-04-05,False,2217438.650349,535907629.0,0.239209,69.0,18.0,0.0,0.0,0.0,0.0,0.0,,,,,,,,,,,272366.244737,72182295.0,0.294876,36.0,240.0,72182295.0,0.294876,36.0,240.0,44291448.0,22361250.0,26046540.0,8678826.0,,7162250.0,,,,85176316.0,85176316.0,85176316.0,,,,-0.0589730971128609,-0.0505221755052217,-0.11262376237623802,0.0651209677419355,,0.07166658844511199,,,,0.0084382306402475,0.0160233918128655,-0.0037431086178547203,,,,Negative impact,No lift,Negative impact,Directional lift,,Directional lift,,,,No lift,Significant lift,No lift,,,,No Lift,MWB Device Level,,No Lift,565173.5479838711,,Sucessful,Project Fi NA Q1 2019 United States - Brand,Q1,Video,Hulu,DBM,Programmatic - Guaranteed,"14,194,212","13,903","$398,715.42 ",1006296,Marvin,1006296 + 1004502 | Google Fi | Brand + DR | ESS01 | NA | United States | Q1 2019 | Re-Brand,"6130,6477,5811",6130
6,22290676,"6130,6477,5811",Feature recall,2.0,2019-02-13,2019-04-05,False,2217438.650349,535907629.0,31.200740999999997,6065.0,7377.0,0.0,0.0,0.0,0.0,0.0,,,,,,,,,,,272366.244737,72182295.0,0.049145999999999995,6.0,240.0,72182295.0,0.049145999999999995,6.0,240.0,44291448.0,22361250.0,26046540.0,8678826.0,,7162250.0,,,,85176316.0,85176316.0,85176316.0,,,,0.0297640653357532,0.072463768115942,-0.0166927490871153,0.0962253193960511,,0.0805616139585605,,,,0.0039590125756869795,0.0142800844874758,-0.0127320224343995,,,,No lift,No lift,No lift,Directional lift,,Directional lift,,,,No lift,No lift,No lift,,,,No Lift,MWB Device Level,,No Lift,835122.8038327525,,Sucessful,Project Fi NA Q1 2019 United States - Brand,Q1,Video,Hulu,DBM,Programmatic - Guaranteed,"14,194,212","13,903","$398,715.42 ",1006296,Marvin,1006296 + 1004502 | Google Fi | Brand + DR | ESS01 | NA | United States | Q1 2019 | Re-Brand,"6130,6477,5811",6130
7,22290676,"6130,6477,5811",Other,3.0,2019-02-13,2019-04-05,False,2217438.650349,535907629.0,22.589608,4321.0,4609.0,0.0,0.0,0.0,0.0,0.0,,,,,,,,,,,272366.244737,72182295.0,0.049145999999999995,6.0,60.0,72182295.0,0.049145999999999995,6.0,60.0,44291448.0,22361250.0,26046540.0,8678826.0,,7162250.0,,,,85176316.0,85176316.0,85176316.0,,,,0.0609396591432519,0.0451603412768461,0.0591093117408907,-0.00784313725490193,,-0.0200823520913097,,,,0.0113713876780079,0.00465479706267141,0.0221938050582552,,,,No lift,No lift,No lift,No lift,,No lift,,,,No lift,No lift,No lift,,,,No Lift,No Lift,,No Lift,No Lift,,No,Project Fi NA Q1 2019 United States - Brand,Q1,Video,Hulu,DBM,Programmatic - Guaranteed,"14,194,212","13,903","$398,715.42 ",1006296,Marvin,1006296 + 1004502 | Google Fi | Brand + DR | ESS01 | NA | United States | Q1 2019 | Re-Brand,"6130,6477,5811",6130
8,22290676,"6130,6477,5811",Aided awareness,0.0,2019-02-13,2019-04-05,True,2217438.650349,535907629.0,0.31359499999999996,189.0,90.0,0.0,0.0,0.0,0.0,0.0,,,,,,,,,,,272366.244737,72182295.0,0.294876,36.0,420.0,72182295.0,0.294876,36.0,420.0,44291448.0,22361250.0,26046540.0,8678826.0,,7162250.0,,,,85176316.0,85176316.0,85176316.0,,,,-0.008454206382096959,-0.0196654148173438,0.00305555555555556,0.0294354838709677,,0.0476369268315577,,,,-0.00149630347650151,0.00431572901959845,-0.0106932489296091,,,,No lift,No lift,No lift,No lift,,No lift,,,,No lift,No lift,No lift,,,,No Lift,No Lift,,No Lift,No Lift,,No,Project Fi NA Q1 2019 United States - Brand,Q1,Video,YouTube,GDN,Biddable,"16,849,873","11,053","$58,684.30 ",1006296,Marvin,1006296 + 1004502 | Google Fi | Brand + DR | ESS01 | NA | United States | Q1 2019 | Re-Brand,"6130,6477,5811",6130
9,22290676,"6130,6477,5811",Consideration,1.0,2019-02-13,2019-04-05,False,2217438.650349,535907629.0,0.239209,69.0,18.0,0.0,0.0,0.0,0.0,0.0,,,,,,,,,,,272366.244737,72182295.0,0.294876,36.0,240.0,72182295.0,0.294876,36.0,240.0,44291448.0,22361250.0,26046540.0,8678826.0,,7162250.0,,,,85176316.0,85176316.0,85176316.0,,,,-0.0589730971128609,-0.0505221755052217,-0.11262376237623802,0.0651209677419355,,0.07166658844511199,,,,0.0084382306402475,0.0160233918128655,-0.0037431086178547203,,,,Negative impact,No lift,Negative impact,Directional lift,,Directional lift,,,,No lift,Significant lift,No lift,,,,No Lift,MWB Device Level,,No Lift,565173.5479838711,,Sucessful,Project Fi NA Q1 2019 United States - Brand,Q1,Video,YouTube,GDN,Biddable,"16,849,873","11,053","$58,684.30 ",1006296,Marvin,1006296 + 1004502 | Google Fi | Brand + DR | ESS01 | NA | United States | Q1 2019 | Re-Brand,"6130,6477,5811",6130
10,22290676,"6130,6477,5811",Feature recall,2.0,2019-02-13,2019-04-05,False,2217438.650349,535907629.0,31.200740999999997,6065.0,7377.0,0.0,0.0,0.0,0.0,0.0,,,,,,,,,,,272366.244737,72182295.0,0.049145999999999995,6.0,240.0,72182295.0,0.049145999999999995,6.0,240.0,44291448.0,22361250.0,26046540.0,8678826.0,,7162250.0,,,,85176316.0,85176316.0,85176316.0,,,,0.0297640653357532,0.072463768115942,-0.0166927490871153,0.0962253193960511,,0.0805616139585605,,,,0.0039590125756869795,0.0142800844874758,-0.0127320224343995,,,,No lift,No lift,No lift,Directional lift,,Directional lift,,,,No lift,No lift,No lift,,,,No Lift,MWB Device Level,,No Lift,835122.8038327525,,Sucessful,Project Fi NA Q1 2019 United States - Brand,Q1,Video,YouTube,GDN,Biddable,"16,849,873","11,053","$58,684.30 ",1006296,Marvin,1006296 + 1004502 | Google Fi | Brand + DR | ESS01 | NA | United States | Q1 2019 | Re-Brand,"6130,6477,5811",6130
11,22290676,"6130,6477,5811",Other,3.0,2019-02-13,2019-04-05,False,2217438.650349,535907629.0,22.589608,4321.0,4609.0,0.0,0.0,0.0,0.0,0.0,,,,,,,,,,,272366.244737,72182295.0,0.049145999999999995,6.0,60.0,72182295.0,0.049145999999999995,6.0,60.0,44291448.0,22361250.0,26046540.0,8678826.0,,7162250.0,,,,85176316.0,85176316.0,85176316.0,,,,0.0609396591432519,0.0451603412768461,0.0591093117408907,-0.00784313725490193,,-0.0200823520913097,,,,0.0113713876780079,0.00465479706267141,0.0221938050582552,,,,No lift,No lift,No lift,No lift,,No lift,,,,No lift,No lift,No lift,,,,No Lift,No Lift,,No Lift,No Lift,,No,Project Fi NA Q1 2019 United States - Brand,Q1,Video,YouTube,GDN,Biddable,"16,849,873","11,053","$58,684.30 ",1006296,Marvin,1006296 + 1004502 | Google Fi | Brand + DR | ESS01 | NA | United States | Q1 2019 | Re-Brand,"6130,6477,5811",6130
12,22290676,"6130,6477,5811",Aided awareness,0.0,2019-02-13,2019-04-05,True,2217438.650349,535907629.0,0.31359499999999996,189.0,90.0,0.0,0.0,0.0,0.0,0.0,,,,,,,,,,,272366.244737,72182295.0,0.294876,36.0,420.0,72182295.0,0.294876,36.0,420.0,44291448.0,22361250.0,26046540.0,8678826.0,,7162250.0,,,,85176316.0,85176316.0,85176316.0,,,,-0.008454206382096959,-0.0196654148173438,0.00305555555555556,0.0294354838709677,,0.0476369268315577,,,,-0.00149630347650151,0.00431572901959845,-0.0106932489296091,,,,No lift,No lift,No lift,No lift,,No lift,,,,No lift,No lift,No lift,,,,No Lift,No Lift,,No Lift,No Lift,,No,Project Fi NA Q1 2019 United States - Brand,Q1,Display,Open Exchange AdX,DBM,Programmatic - PMP,"20,883,901","19,108","$144,003.14 ",1006296,Marvin,1006296 + 1004502 | Google Fi | Brand + DR | ESS01 | NA | United States | Q1 2019 | Re-Brand,"6130,6477,5811",6130
13,22290676,"6130,6477,5811",Consideration,1.0,2019-02-13,2019-04-05,False,2217438.650349,535907629.0,0.239209,69.0,18.0,0.0,0.0,0.0,0.0,0.0,,,,,,,,,,,272366.244737,72182295.0,0.294876,36.0,240.0,72182295.0,0.294876,36.0,240.0,44291448.0,22361250.0,26046540.0,8678826.0,,7162250.0,,,,85176316.0,85176316.0,85176316.0,,,,-0.0589730971128609,-0.0505221755052217,-0.11262376237623802,0.0651209677419355,,0.07166658844511199,,,,0.0084382306402475,0.0160233918128655,-0.0037431086178547203,,,,Negative impact,No lift,Negative impact,Directional lift,,Directional lift,,,,No lift,Significant lift,No lift,,,,No Lift,MWB Device Level,,No Lift,565173.5479838711,,Sucessful,Project Fi NA Q1 2019 United States - Brand,Q1,Display,Open Exchange AdX,DBM,Programmatic - PMP,"20,883,901","19,108","$144,003.14 ",1006296,Marvin,1006296 + 1004502 | Google Fi | Brand + DR | ESS01 | NA | United States | Q1 2019 | Re-Brand,"6130,6477,5811",6130
14,22290676,"6130,6477,5811",Feature recall,2.0,2019-02-13,2019-04-05,False,2217438.650349,535907629.0,31.200740999999997,6065.0,7377.0,0.0,0.0,0.0,0.0,0.0,,,,,,,,,,,272366.244737,72182295.0,0.049145999999999995,6.0,240.0,72182295.0,0.049145999999999995,6.0,240.0,44291448.0,22361250.0,26046540.0,8678826.0,,7162250.0,,,,85176316.0,85176316.0,85176316.0,,,,0.0297640653357532,0.072463768115942,-0.0166927490871153,0.0962253193960511,,0.0805616139585605,,,,0.0039590125756869795,0.0142800844874758,-0.0127320224343995,,,,No lift,No lift,No lift,Directional lift,,Directional lift,,,,No lift,No lift,No lift,,,,No Lift,MWB Device Level,,No Lift,835122.8038327525,,Sucessful,Project Fi NA Q1 2019 United States - Brand,Q1,Display,Open Exchange AdX,DBM,Programmatic - PMP,"20,883,901","19,108","$144,003.14 ",1006296,Marvin,1006296 + 1004502 | Google Fi | Brand + DR | ESS01 | NA | United States | Q1 2019 | Re-Brand,"6130,6477,5811",6130
15,22290676,"6130,6477,5811",Other,3.0,2019-02-13,2019-04-05,False,2217438.650349,535907629.0,22.589608,4321.0,4609.0,0.0,0.0,0.0,0.0,0.0,,,,,,,,,,,272366.244737,72182295.0,0.049145999999999995,6.0,60.0,72182295.0,0.049145999999999995,6.0,60.0,44291448.0,22361250.0,26046540.0,8678826.0,,7162250.0,,,,85176316.0,85176316.0,85176316.0,,,,0.0609396591432519,0.0451603412768461,0.0591093117408907,-0.00784313725490193,,-0.0200823520913097,,,,0.0113713876780079,0.00465479706267141,0.0221938050582552,,,,No lift,No lift,No lift,No lift,,No lift,,,,No lift,No lift,No lift,,,,No Lift,No Lift,,No Lift,No Lift,,No,Project Fi NA Q1 2019 United States - Brand,Q1,Display,Open Exchange AdX,DBM,Programmatic - PMP,"20,883,901","19,108","$144,003.14 ",1006296,Marvin,1006296 + 1004502 | Google Fi | Brand + DR | ESS01 | NA | United States | Q1 2019 | Re-Brand,"6130,6477,5811",6130
16,22290676,"6130,6477,5811",Aided awareness,0.0,2019-02-13,2019-04-05,True,2217438.650349,535907629.0,0.31359499999999996,189.0,90.0,0.0,0.0,0.0,0.0,0.0,,,,,,,,,,,272366.244737,72182295.0,0.294876,36.0,420.0,72182295.0,0.294876,36.0,420.0,44291448.0,22361250.0,26046540.0,8678826.0,,7162250.0,,,,85176316.0,85176316.0,85176316.0,,,,-0.008454206382096959,-0.0196654148173438,0.00305555555555556,0.0294354838709677,,0.0476369268315577,,,,-0.00149630347650151,0.00431572901959845,-0.0106932489296091,,,,No lift,No lift,No lift,No lift,,No lift,,,,No lift,No lift,No lift,,,,No Lift,No Lift,,No Lift,No Lift,,No,Project Fi NA Q1 2019 United States - Brand,Q1,Video,Pandora,DBM,Programmatic - Guaranteed,"22,359,635","123,826","$412,535.27 ",1006296,Marvin,1006296 + 1004502 | Google Fi | Brand + DR | ESS01 | NA | United States | Q1 2019 | Re-Brand,"6130,6477,5811",6130
17,22290676,"6130,6477,5811",Consideration,1.0,2019-02-13,2019-04-05,False,2217438.650349,535907629.0,0.239209,69.0,18.0,0.0,0.0,0.0,0.0,0.0,,,,,,,,,,,272366.244737,72182295.0,0.294876,36.0,240.0,72182295.0,0.294876,36.0,240.0,44291448.0,22361250.0,26046540.0,8678826.0,,7162250.0,,,,85176316.0,85176316.0,85176316.0,,,,-0.0589730971128609,-0.0505221755052217,-0.11262376237623802,0.0651209677419355,,0.07166658844511199,,,,0.0084382306402475,0.0160233918128655,-0.0037431086178547203,,,,Negative impact,No lift,Negative impact,Directional lift,,Directional lift,,,,No lift,Significant lift,No lift,,,,No Lift,MWB Device Level,,No Lift,565173.5479838711,,Sucessful,Project Fi NA Q1 2019 United States - Brand,Q1,Video,Pandora,DBM,Programmatic - Guaranteed,"22,359,635","123,826","$412,535.27 ",1006296,Marvin,1006296 + 1004502 | Google Fi | Brand + DR | ESS01 | NA | United States | Q1 2019 | Re-Brand,"6130,6477,5811",6130
18,22290676,"6130,6477,5811",Feature recall,2.0,2019-02-13,2019-04-05,False,2217438.650349,535907629.0,31.200740999999997,6065.0,7377.0,0.0,0.0,0.0,0.0,0.0,,,,,,,,,,,272366.244737,72182295.0,0.049145999999999995,6.0,240.0,72182295.0,0.049145999999999995,6.0,240.0,44291448.0,22361250.0,26046540.0,8678826.0,,7162250.0,,,,85176316.0,85176316.0,85176316.0,,,,0.0297640653357532,0.072463768115942,-0.0166927490871153,0.0962253193960511,,0.0805616139585605,,,,0.0039590125756869795,0.0142800844874758,-0.0127320224343995,,,,No lift,No lift,No lift,Directional lift,,Directional lift,,,,No lift,No lift,No lift,,,,No Lift,MWB Device Level,,No Lift,835122.8038327525,,Sucessful,Project Fi NA Q1 2019 United States - Brand,Q1,Video,Pandora,DBM,Programmatic - Guaranteed,"22,359,635","123,826","$412,535.27 ",1006296,Marvin,1006296 + 1004502 | Google Fi | Brand + DR | ESS01 | NA | United States | Q1 2019 | Re-Brand,"6130,6477,5811",6130
19,22290676,"6130,6477,5811",Other,3.0,2019-02-13,2019-04-05,False,2217438.650349,535907629.0,22.589608,4321.0,4609.0,0.0,0.0,0.0,0.0,0.0,,,,,,,,,,,272366.244737,72182295.0,0.049145999999999995,6.0,60.0,72182295.0,0.049145999999999995,6.0,60.0,44291448.0,22361250.0,26046540.0,8678826.0,,7162250.0,,,,85176316.0,85176316.0,85176316.0,,,,0.0609396591432519,0.0451603412768461,0.0591093117408907,-0.00784313725490193,,-0.0200823520913097,,,,0.0113713876780079,0.00465479706267141,0.0221938050582552,,,,No lift,No lift,No lift,No lift,,No lift,,,,No lift,No lift,No lift,,,,No Lift,No Lift,,No Lift,No Lift,,No,Project Fi NA Q1 2019 United States - Brand,Q1,Video,Pandora,DBM,Programmatic - Guaranteed,"22,359,635","123,826","$412,535.27 ",1006296,Marvin,1006296 + 1004502 | Google Fi | Brand + DR | ESS01 | NA | United States | Q1 2019 | Re-Brand,"6130,6477,5811",6130
20,22290676,"6130,6477,5811",Aided awareness,0.0,2019-02-13,2019-04-05,True,2217438.650349,535907629.0,0.31359499999999996,189.0,90.0,0.0,0.0,0.0,0.0,0.0,,,,,,,,,,,272366.244737,72182295.0,0.294876,36.0,420.0,72182295.0,0.294876,36.0,420.0,44291448.0,22361250.0,26046540.0,8678826.0,,7162250.0,,,,85176316.0,85176316.0,85176316.0,,,,-0.008454206382096959,-0.0196654148173438,0.00305555555555556,0.0294354838709677,,0.0476369268315577,,,,-0.00149630347650151,0.00431572901959845,-0.0106932489296091,,,,No lift,No lift,No lift,No lift,,No lift,,,,No lift,No lift,No lift,,,,No Lift,No Lift,,No Lift,No Lift,,No,Project Fi NA Q1 2019 United States - Brand,Q1,Display,Vox,DBM,Programmatic - Guaranteed,"23,957,143","12,422","$333,305.53 ",1006296,Marvin,1006296 + 1004502 | Google Fi | Brand + DR | ESS01 | NA | United States | Q1 2019 | Re-Brand,"6130,6477,5811",6130
21,22290676,"6130,6477,5811",Consideration,1.0,2019-02-13,2019-04-05,False,2217438.650349,535907629.0,0.239209,69.0,18.0,0.0,0.0,0.0,0.0,0.0,,,,,,,,,,,272366.244737,72182295.0,0.294876,36.0,240.0,72182295.0,0.294876,36.0,240.0,44291448.0,22361250.0,26046540.0,8678826.0,,7162250.0,,,,85176316.0,85176316.0,85176316.0,,,,-0.0589730971128609,-0.0505221755052217,-0.11262376237623802,0.0651209677419355,,0.07166658844511199,,,,0.0084382306402475,0.0160233918128655,-0.0037431086178547203,,,,Negative impact,No lift,Negative impact,Directional lift,,Directional lift,,,,No lift,Significant lift,No lift,,,,No Lift,MWB Device Level,,No Lift,565173.5479838711,,Sucessful,Project Fi NA Q1 2019 United States - Brand,Q1,Display,Vox,DBM,Programmatic - Guaranteed,"23,957,143","12,422","$333,305.53 ",1006296,Marvin,1006296 + 1004502 | Google Fi | Brand + DR | ESS01 | NA | United States | Q1 2019 | Re-Brand,"6130,6477,5811",6130
22,22290676,"6130,6477,5811",Feature recall,2.0,2019-02-13,2019-04-05,False,2217438.650349,535907629.0,31.200740999999997,6065.0,7377.0,0.0,0.0,0.0,0.0,0.0,,,,,,,,,,,272366.244737,72182295.0,0.049145999999999995,6.0,240.0,72182295.0,0.049145999999999995,6.0,240.0,44291448.0,22361250.0,26046540.0,8678826.0,,7162250.0,,,,85176316.0,85176316.0,85176316.0,,,,0.0297640653357532,0.072463768115942,-0.0166927490871153,0.0962253193960511,,0.0805616139585605,,,,0.0039590125756869795,0.0142800844874758,-0.0127320224343995,,,,No lift,No lift,No lift,Directional lift,,Directional lift,,,,No lift,No lift,No lift,,,,No Lift,MWB Device Level,,No Lift,835122.8038327525,,Sucessful,Project Fi NA Q1 2019 United States - Brand,Q1,Display,Vox,DBM,Programmatic - Guaranteed,"23,957,143","12,422","$333,305.53 ",1006296,Marvin,1006296 + 1004502 | Google Fi | Brand + DR | ESS01 | NA | United States | Q1 2019 | Re-Brand,"6130,6477,5811",6130
23,22290676,"6130,6477,5811",Other,3.0,2019-02-13,2019-04-05,False,2217438.650349,535907629.0,22.589608,4321.0,4609.0,0.0,0.0,0.0,0.0,0.0,,,,,,,,,,,272366.244737,72182295.0,0.049145999999999995,6.0,60.0,72182295.0,0.049145999999999995,6.0,60.0,44291448.0,22361250.0,26046540.0,8678826.0,,7162250.0,,,,85176316.0,85176316.0,85176316.0,,,,0.0609396591432519,0.0451603412768461,0.0591093117408907,-0.00784313725490193,,-0.0200823520913097,,,,0.0113713876780079,0.00465479706267141,0.0221938050582552,,,,No lift,No lift,No lift,No lift,,No lift,,,,No lift,No lift,No lift,,,,No Lift,No Lift,,No Lift,No Lift,,No,Project Fi NA Q1 2019 United States - Brand,Q1,Display,Vox,DBM,Programmatic - Guaranteed,"23,957,143","12,422","$333,305.53 ",1006296,Marvin,1006296 + 1004502 | Google Fi | Brand + DR | ESS01 | NA | United States | Q1 2019 | Re-Brand,"6130,6477,5811",6130
24,22290676,"6130,6477,5811",Aided awareness,0.0,2019-02-13,2019-04-05,True,2217438.650349,535907629.0,0.31359499999999996,189.0,90.0,0.0,0.0,0.0,0.0,0.0,,,,,,,,,,,272366.244737,72182295.0,0.294876,36.0,420.0,72182295.0,0.294876,36.0,420.0,44291448.0,22361250.0,26046540.0,8678826.0,,7162250.0,,,,85176316.0,85176316.0,85176316.0,,,,-0.008454206382096959,-0.0196654148173438,0.00305555555555556,0.0294354838709677,,0.0476369268315577,,,,-0.00149630347650151,0.00431572901959845,-0.0106932489296091,,,,No lift,No lift,No lift,No lift,,No lift,,,,No lift,No lift,No lift,,,,No Lift,No Lift,,No Lift,No Lift,,No,Project Fi NA Q1 2019 United States - Brand,Q1,Video,Open Exchange AdX,DBM,Programmatic - Open Exchange,"25,626,457","147,075","$446,701.58 ",1006296,Marvin,1006296 + 1004502 | Google Fi | Brand + DR | ESS01 | NA | United States | Q1 2019 | Re-Brand,"6130,6477,5811",6130
25,22290676,"6130,6477,5811",Consideration,1.0,2019-02-13,2019-04-05,False,2217438.650349,535907629.0,0.239209,69.0,18.0,0.0,0.0,0.0,0.0,0.0,,,,,,,,,,,272366.244737,72182295.0,0.294876,36.0,240.0,72182295.0,0.294876,36.0,240.0,44291448.0,22361250.0,26046540.0,8678826.0,,7162250.0,,,,85176316.0,85176316.0,85176316.0,,,,-0.0589730971128609,-0.0505221755052217,-0.11262376237623802,0.0651209677419355,,0.07166658844511199,,,,0.0084382306402475,0.0160233918128655,-0.0037431086178547203,,,,Negative impact,No lift,Negative impact,Directional lift,,Directional lift,,,,No lift,Significant lift,No lift,,,,No Lift,MWB Device Level,,No Lift,565173.5479838711,,Sucessful,Project Fi NA Q1 2019 United States - Brand,Q1,Video,Open Exchange AdX,DBM,Programmatic - Open Exchange,"25,626,457","147,075","$446,701.58 ",1006296,Marvin,1006296 + 1004502 | Google Fi | Brand + DR | ESS01 | NA | United States | Q1 2019 | Re-Brand,"6130,6477,5811",6130
26,22290676,"6130,6477,5811",Feature recall,2.0,2019-02-13,2019-04-05,False,2217438.650349,535907629.0,31.200740999999997,6065.0,7377.0,0.0,0.0,0.0,0.0,0.0,,,,,,,,,,,272366.244737,72182295.0,0.049145999999999995,6.0,240.0,72182295.0,0.049145999999999995,6.0,240.0,44291448.0,22361250.0,26046540.0,8678826.0,,7162250.0,,,,85176316.0,85176316.0,85176316.0,,,,0.0297640653357532,0.072463768115942,-0.0166927490871153,0.0962253193960511,,0.0805616139585605,,,,0.0039590125756869795,0.0142800844874758,-0.0127320224343995,,,,No lift,No lift,No lift,Directional lift,,Directional lift,,,,No lift,No lift,No lift,,,,No Lift,MWB Device Level,,No Lift,835122.8038327525,,Sucessful,Project Fi NA Q1 2019 United States - Brand,Q1,Video,Open Exchange AdX,DBM,Programmatic - Open Exchange,"25,626,457","147,075","$446,701.58 ",1006296,Marvin,1006296 + 1004502 | Google Fi | Brand + DR | ESS01 | NA | United States | Q1 2019 | Re-Brand,"6130,6477,5811",6130
27,22290676,"6130,6477,5811",Other,3.0,2019-02-13,2019-04-05,False,2217438.650349,535907629.0,22.589608,4321.0,4609.0,0.0,0.0,0.0,0.0,0.0,,,,,,,,,,,272366.244737,72182295.0,0.049145999999999995,6.0,60.0,72182295.0,0.049145999999999995,6.0,60.0,44291448.0,22361250.0,26046540.0,8678826.0,,7162250.0,,,,85176316.0,85176316.0,85176316.0,,,,0.0609396591432519,0.0451603412768461,0.0591093117408907,-0.00784313725490193,,-0.0200823520913097,,,,0.0113713876780079,0.00465479706267141,0.0221938050582552,,,,No lift,No lift,No lift,No lift,,No lift,,,,No lift,No lift,No lift,,,,No Lift,No Lift,,No Lift,No Lift,,No,Project Fi NA Q1 2019 United States - Brand,Q1,Video,Open Exchange AdX,DBM,Programmatic - Open Exchange,"25,626,457","147,075","$446,701.58 ",1006296,Marvin,1006296 + 1004502 | Google Fi | Brand + DR | ESS01 | NA | United States | Q1 2019 | Re-Brand,"6130,6477,5811",6130
28,22290676,"6130,6477,5811",Aided awareness,0.0,2019-02-13,2019-04-05,True,2217438.650349,535907629.0,0.31359499999999996,189.0,90.0,0.0,0.0,0.0,0.0,0.0,,,,,,,,,,,272366.244737,72182295.0,0.294876,36.0,420.0,72182295.0,0.294876,36.0,420.0,44291448.0,22361250.0,26046540.0,8678826.0,,7162250.0,,,,85176316.0,85176316.0,85176316.0,,,,-0.008454206382096959,-0.0196654148173438,0.00305555555555556,0.0294354838709677,,0.0476369268315577,,,,-0.00149630347650151,0.00431572901959845,-0.0106932489296091,,,,No lift,No lift,No lift,No lift,,No lift,,,,No lift,No lift,No lift,,,,No Lift,No Lift,,No Lift,No Lift,,No,Project Fi NA Q1 2019 United States - Brand,Q1,Video,Open Exchange NonAdX,DBM,Programmatic - PMP,"26,731,432","117,599","$313,227.27 ",1006296,Marvin,1006296 + 1004502 | Google Fi | Brand + DR | ESS01 | NA | United States | Q1 2019 | Re-Brand,"6130,6477,5811",6130
29,22290676,"6130,6477,5811",Consideration,1.0,2019-02-13,2019-04-05,False,2217438.650349,535907629.0,0.239209,69.0,18.0,0.0,0.0,0.0,0.0,0.0,,,,,,,,,,,272366.244737,72182295.0,0.294876,36.0,240.0,72182295.0,0.294876,36.0,240.0,44291448.0,22361250.0,26046540.0,8678826.0,,7162250.0,,,,85176316.0,85176316.0,85176316.0,,,,-0.0589730971128609,-0.0505221755052217,-0.11262376237623802,0.0651209677419355,,0.07166658844511199,,,,0.0084382306402475,0.0160233918128655,-0.0037431086178547203,,,,Negative impact,No lift,Negative impact,Directional lift,,Directional lift,,,,No lift,Significant lift,No lift,,,,No Lift,MWB Device Level,,No Lift,565173.5479838711,,Sucessful,Project Fi NA Q1 2019 United States - Brand,Q1,Video,Open Exchange NonAdX,DBM,Programmatic - PMP,"26,731,432","117,599","$313,227.27 ",1006296,Marvin,1006296 + 1004502 | Google Fi | Brand + DR | ESS01 | NA | United States | Q1 2019 | Re-Brand,"6130,6477,5811",6130
30,22290676,"6130,6477,5811",Feature recall,2.0,2019-02-13,2019-04-05,False,2217438.650349,535907629.0,31.200740999999997,6065.0,7377.0,0.0,0.0,0.0,0.0,0.0,,,,,,,,,,,272366.244737,72182295.0,0.049145999999999995,6.0,240.0,72182295.0,0.049145999999999995,6.0,240.0,44291448.0,22361250.0,26046540.0,8678826.0,,7162250.0,,,,85176316.0,85176316.0,85176316.0,,,,0.0297640653357532,0.072463768115942,-0.0166927490871153,0.0962253193960511,,0.0805616139585605,,,,0.0039590125756869795,0.0142800844874758,-0.0127320224343995,,,,No lift,No lift,No lift,Directional lift,,Directional lift,,,,No lift,No lift,No lift,,,,No Lift,MWB Device Level,,No Lift,835122.8038327525,,Sucessful,Project Fi NA Q1 2019 United States - Brand,Q1,Video,Open Exchange NonAdX,DBM,Programmatic - PMP,"26,731,432","117,599","$313,227.27 ",1006296,Marvin,1006296 + 1004502 | Google Fi | Brand + DR | ESS01 | NA | United States | Q1 2019 | Re-Brand,"6130,6477,5811",6130
31,22290676,"6130,6477,5811",Other,3.0,2019-02-13,2019-04-05,False,2217438.650349,535907629.0,22.589608,4321.0,4609.0,0.0,0.0,0.0,0.0,0.0,,,,,,,,,,,272366.244737,72182295.0,0.049145999999999995,6.0,60.0,72182295.0,0.049145999999999995,6.0,60.0,44291448.0,22361250.0,26046540.0,8678826.0,,7162250.0,,,,85176316.0,85176316.0,85176316.0,,,,0.0609396591432519,0.0451603412768461,0.0591093117408907,-0.00784313725490193,,-0.0200823520913097,,,,0.0113713876780079,0.00465479706267141,0.0221938050582552,,,,No lift,No lift,No lift,No lift,,No lift,,,,No lift,No lift,No lift,,,,No Lift,No Lift,,No Lift,No Lift,,No,Project Fi NA Q1 2019 United States - Brand,Q1,Video,Open Exchange NonAdX,DBM,Programmatic - PMP,"26,731,432","117,599","$313,227.27 ",1006296,Marvin,1006296 + 1004502 | Google Fi | Brand + DR | ESS01 | NA | United States | Q1 2019 | Re-Brand,"6130,6477,5811",6130
32,22290676,"6130,6477,5811",Aided awareness,0.0,2019-02-13,2019-04-05,True,2217438.650349,535907629.0,0.31359499999999996,189.0,90.0,0.0,0.0,0.0,0.0,0.0,,,,,,,,,,,272366.244737,72182295.0,0.294876,36.0,420.0,72182295.0,0.294876,36.0,420.0,44291448.0,22361250.0,26046540.0,8678826.0,,7162250.0,,,,85176316.0,85176316.0,85176316.0,,,,-0.008454206382096959,-0.0196654148173438,0.00305555555555556,0.0294354838709677,,0.0476369268315577,,,,-0.00149630347650151,0.00431572901959845,-0.0106932489296091,,,,No lift,No lift,No lift,No lift,,No lift,,,,No lift,No lift,No lift,,,,No Lift,No Lift,,No Lift,No Lift,,No,Project Fi NA Q1 2019 United States - Brand,Q1,Display,Fusion Media Group,DBM,Programmatic - Guaranteed,"34,959,882","30,640","$344,040.16 ",1006296,Marvin,1006296 + 1004502 | Google Fi | Brand + DR | ESS01 | NA | United States | Q1 2019 | Re-Brand,"6130,6477,5811",6130
33,22290676,"6130,6477,5811",Consideration,1.0,2019-02-13,2019-04-05,False,2217438.650349,535907629.0,0.239209,69.0,18.0,0.0,0.0,0.0,0.0,0.0,,,,,,,,,,,272366.244737,72182295.0,0.294876,36.0,240.0,72182295.0,0.294876,36.0,240.0,44291448.0,22361250.0,26046540.0,8678826.0,,7162250.0,,,,85176316.0,85176316.0,85176316.0,,,,-0.0589730971128609,-0.0505221755052217,-0.11262376237623802,0.0651209677419355,,0.07166658844511199,,,,0.0084382306402475,0.0160233918128655,-0.0037431086178547203,,,,Negative impact,No lift,Negative impact,Directional lift,,Directional lift,,,,No lift,Significant lift,No lift,,,,No Lift,MWB Device Level,,No Lift,565173.5479838711,,Sucessful,Project Fi NA Q1 2019 United States - Brand,Q1,Display,Fusion Media Group,DBM,Programmatic - Guaranteed,"34,959,882","30,640","$344,040.16 ",1006296,Marvin,1006296 + 1004502 | Google Fi | Brand + DR | ESS01 | NA | United States | Q1 2019 | Re-Brand,"6130,6477,5811",6130
34,22290676,"6130,6477,5811",Feature recall,2.0,2019-02-13,2019-04-05,False,2217438.650349,535907629.0,31.200740999999997,6065.0,7377.0,0.0,0.0,0.0,0.0,0.0,,,,,,,,,,,272366.244737,72182295.0,0.049145999999999995,6.0,240.0,72182295.0,0.049145999999999995,6.0,240.0,44291448.0,22361250.0,26046540.0,8678826.0,,7162250.0,,,,85176316.0,85176316.0,85176316.0,,,,0.0297640653357532,0.072463768115942,-0.0166927490871153,0.0962253193960511,,0.0805616139585605,,,,0.0039590125756869795,0.0142800844874758,-0.0127320224343995,,,,No lift,No lift,No lift,Directional lift,,Directional lift,,,,No lift,No lift,No lift,,,,No Lift,MWB Device Level,,No Lift,835122.8038327525,,Sucessful,Project Fi NA Q1 2019 United States - Brand,Q1,Display,Fusion Media Group,DBM,Programmatic - Guaranteed,"34,959,882","30,640","$344,040.16 ",1006296,Marvin,1006296 + 1004502 | Google Fi | Brand + DR | ESS01 | NA | United States | Q1 2019 | Re-Brand,"6130,6477,5811",6130
35,22290676,"6130,6477,5811",Other,3.0,2019-02-13,2019-04-05,False,2217438.650349,535907629.0,22.589608,4321.0,4609.0,0.0,0.0,0.0,0.0,0.0,,,,,,,,,,,272366.244737,72182295.0,0.049145999999999995,6.0,60.0,72182295.0,0.049145999999999995,6.0,60.0,44291448.0,22361250.0,26046540.0,8678826.0,,7162250.0,,,,85176316.0,85176316.0,85176316.0,,,,0.0609396591432519,0.0451603412768461,0.0591093117408907,-0.00784313725490193,,-0.0200823520913097,,,,0.0113713876780079,0.00465479706267141,0.0221938050582552,,,,No lift,No lift,No lift,No lift,,No lift,,,,No lift,No lift,No lift,,,,No Lift,No Lift,,No Lift,No Lift,,No,Project Fi NA Q1 2019 United States - Brand,Q1,Display,Fusion Media Group,DBM,Programmatic - Guaranteed,"34,959,882","30,640","$344,040.16 ",1006296,Marvin,1006296 + 1004502 | Google Fi | Brand + DR | ESS01 | NA | United States | Q1 2019 | Re-Brand,"6130,6477,5811",6130
36,22290676,"6130,6477,5811",Aided awareness,0.0,2019-02-13,2019-04-05,True,2217438.650349,535907629.0,0.31359499999999996,189.0,90.0,0.0,0.0,0.0,0.0,0.0,,,,,,,,,,,272366.244737,72182295.0,0.294876,36.0,420.0,72182295.0,0.294876,36.0,420.0,44291448.0,22361250.0,26046540.0,8678826.0,,7162250.0,,,,85176316.0,85176316.0,85176316.0,,,,-0.008454206382096959,-0.0196654148173438,0.00305555555555556,0.0294354838709677,,0.0476369268315577,,,,-0.00149630347650151,0.00431572901959845,-0.0106932489296091,,,,No lift,No lift,No lift,No lift,,No lift,,,,No lift,No lift,No lift,,,,No Lift,No Lift,,No Lift,No Lift,,No,Project Fi NA Q1 2019 United States - Brand,Q1,Video,Hulu,Unknown,Direct Buy,"37,266,199","23,313","$699,446.04 ",1006296,Marvin,1006296 + 1004502 | Google Fi | Brand + DR | ESS01 | NA | United States | Q1 2019 | Re-Brand,"6130,6477,5811",6130
37,22290676,"6130,6477,5811",Consideration,1.0,2019-02-13,2019-04-05,False,2217438.650349,535907629.0,0.239209,69.0,18.0,0.0,0.0,0.0,0.0,0.0,,,,,,,,,,,272366.244737,72182295.0,0.294876,36.0,240.0,72182295.0,0.294876,36.0,240.0,44291448.0,22361250.0,26046540.0,8678826.0,,7162250.0,,,,85176316.0,85176316.0,85176316.0,,,,-0.0589730971128609,-0.0505221755052217,-0.11262376237623802,0.0651209677419355,,0.07166658844511199,,,,0.0084382306402475,0.0160233918128655,-0.0037431086178547203,,,,Negative impact,No lift,Negative impact,Directional lift,,Directional lift,,,,No lift,Significant lift,No lift,,,,No Lift,MWB Device Level,,No Lift,565173.5479838711,,Sucessful,Project Fi NA Q1 2019 United States - Brand,Q1,Video,Hulu,Unknown,Direct Buy,"37,266,199","23,313","$699,446.04 ",1006296,Marvin,1006296 + 1004502 | Google Fi | Brand + DR | ESS01 | NA | United States | Q1 2019 | Re-Brand,"6130,6477,5811",6130
38,22290676,"6130,6477,5811",Feature recall,2.0,2019-02-13,2019-04-05,False,2217438.650349,535907629.0,31.200740999999997,6065.0,7377.0,0.0,0.0,0.0,0.0,0.0,,,,,,,,,,,272366.244737,72182295.0,0.049145999999999995,6.0,240.0,72182295.0,0.049145999999999995,6.0,240.0,44291448.0,22361250.0,26046540.0,8678826.0,,7162250.0,,,,85176316.0,85176316.0,85176316.0,,,,0.0297640653357532,0.072463768115942,-0.0166927490871153,0.0962253193960511,,0.0805616139585605,,,,0.0039590125756869795,0.0142800844874758,-0.0127320224343995,,,,No lift,No lift,No lift,Directional lift,,Directional lift,,,,No lift,No lift,No lift,,,,No Lift,MWB Device Level,,No Lift,835122.8038327525,,Sucessful,Project Fi NA Q1 2019 United States - Brand,Q1,Video,Hulu,Unknown,Direct Buy,"37,266,199","23,313","$699,446.04 ",1006296,Marvin,1006296 + 1004502 | Google Fi | Brand + DR | ESS01 | NA | United States | Q1 2019 | Re-Brand,"6130,6477,5811",6130
39,22290676,"6130,6477,5811",Other,3.0,2019-02-13,2019-04-05,False,2217438.650349,535907629.0,22.589608,4321.0,4609.0,0.0,0.0,0.0,0.0,0.0,,,,,,,,,,,272366.244737,72182295.0,0.049145999999999995,6.0,60.0,72182295.0,0.049145999999999995,6.0,60.0,44291448.0,22361250.0,26046540.0,8678826.0,,7162250.0,,,,85176316.0,85176316.0,85176316.0,,,,0.0609396591432519,0.0451603412768461,0.0591093117408907,-0.00784313725490193,,-0.0200823520913097,,,,0.0113713876780079,0.00465479706267141,0.0221938050582552,,,,No lift,No lift,No lift,No lift,,No lift,,,,No lift,No lift,No lift,,,,No Lift,No Lift,,No Lift,No Lift,,No,Project Fi NA Q1 2019 United States - Brand,Q1,Video,Hulu,Unknown,Direct Buy,"37,266,199","23,313","$699,446.04 ",1006296,Marvin,1006296 + 1004502 | Google Fi | Brand + DR | ESS01 | NA | United States | Q1 2019 | Re-Brand,"6130,6477,5811",6130
40,22290676,"6130,6477,5811",Aided awareness,0.0,2019-02-13,2019-04-05,True,2217438.650349,535907629.0,0.31359499999999996,189.0,90.0,0.0,0.0,0.0,0.0,0.0,,,,,,,,,,,272366.244737,72182295.0,0.294876,36.0,420.0,72182295.0,0.294876,36.0,420.0,44291448.0,22361250.0,26046540.0,8678826.0,,7162250.0,,,,85176316.0,85176316.0,85176316.0,,,,-0.008454206382096959,-0.0196654148173438,0.00305555555555556,0.0294354838709677,,0.0476369268315577,,,,-0.00149630347650151,0.00431572901959845,-0.0106932489296091,,,,No lift,No lift,No lift,No lift,,No lift,,,,No lift,No lift,No lift,,,,No Lift,No Lift,,No Lift,No Lift,,No,Project Fi NA Q1 2019 United States - Brand,Q1,Video,YouTube,DBM,Programmatic - Guaranteed,"43,433,090","45,084","$1,409,244.95 ",1006296,Marvin,1006296 + 1004502 | Google Fi | Brand + DR | ESS01 | NA | United States | Q1 2019 | Re-Brand,"6130,6477,5811",6130
41,22290676,"6130,6477,5811",Consideration,1.0,2019-02-13,2019-04-05,False,2217438.650349,535907629.0,0.239209,69.0,18.0,0.0,0.0,0.0,0.0,0.0,,,,,,,,,,,272366.244737,72182295.0,0.294876,36.0,240.0,72182295.0,0.294876,36.0,240.0,44291448.0,22361250.0,26046540.0,8678826.0,,7162250.0,,,,85176316.0,85176316.0,85176316.0,,,,-0.0589730971128609,-0.0505221755052217,-0.11262376237623802,0.0651209677419355,,0.07166658844511199,,,,0.0084382306402475,0.0160233918128655,-0.0037431086178547203,,,,Negative impact,No lift,Negative impact,Directional lift,,Directional lift,,,,No lift,Significant lift,No lift,,,,No Lift,MWB Device Level,,No Lift,565173.5479838711,,Sucessful,Project Fi NA Q1 2019 United States - Brand,Q1,Video,YouTube,DBM,Programmatic - Guaranteed,"43,433,090","45,084","$1,409,244.95 ",1006296,Marvin,1006296 + 1004502 | Google Fi | Brand + DR | ESS01 | NA | United States | Q1 2019 | Re-Brand,"6130,6477,5811",6130
42,22290676,"6130,6477,5811",Feature recall,2.0,2019-02-13,2019-04-05,False,2217438.650349,535907629.0,31.200740999999997,6065.0,7377.0,0.0,0.0,0.0,0.0,0.0,,,,,,,,,,,272366.244737,72182295.0,0.049145999999999995,6.0,240.0,72182295.0,0.049145999999999995,6.0,240.0,44291448.0,22361250.0,26046540.0,8678826.0,,7162250.0,,,,85176316.0,85176316.0,85176316.0,,,,0.0297640653357532,0.072463768115942,-0.0166927490871153,0.0962253193960511,,0.0805616139585605,,,,0.0039590125756869795,0.0142800844874758,-0.0127320224343995,,,,No lift,No lift,No lift,Directional lift,,Directional lift,,,,No lift,No lift,No lift,,,,No Lift,MWB Device Level,,No Lift,835122.8038327525,,Sucessful,Project Fi NA Q1 2019 United States - Brand,Q1,Video,YouTube,DBM,Programmatic - Guaranteed,"43,433,090","45,084","$1,409,244.95 ",1006296,Marvin,1006296 + 1004502 | Google Fi | Brand + DR | ESS01 | NA | United States | Q1 2019 | Re-Brand,"6130,6477,5811",6130
43,22290676,"6130,6477,5811",Other,3.0,2019-02-13,2019-04-05,False,2217438.650349,535907629.0,22.589608,4321.0,4609.0,0.0,0.0,0.0,0.0,0.0,,,,,,,,,,,272366.244737,72182295.0,0.049145999999999995,6.0,60.0,72182295.0,0.049145999999999995,6.0,60.0,44291448.0,22361250.0,26046540.0,8678826.0,,7162250.0,,,,85176316.0,85176316.0,85176316.0,,,,0.0609396591432519,0.0451603412768461,0.0591093117408907,-0.00784313725490193,,-0.0200823520913097,,,,0.0113713876780079,0.00465479706267141,0.0221938050582552,,,,No lift,No lift,No lift,No lift,,No lift,,,,No lift,No lift,No lift,,,,No Lift,No Lift,,No Lift,No Lift,,No,Project Fi NA Q1 2019 United States - Brand,Q1,Video,YouTube,DBM,Programmatic - Guaranteed,"43,433,090","45,084","$1,409,244.95 ",1006296,Marvin,1006296 + 1004502 | Google Fi | Brand + DR | ESS01 | NA | United States | Q1 2019 | Re-Brand,"6130,6477,5811",6130
44,22290676,"6130,6477,5811",Aided awareness,0.0,2019-02-13,2019-04-05,True,2217438.650349,535907629.0,0.31359499999999996,189.0,90.0,0.0,0.0,0.0,0.0,0.0,,,,,,,,,,,272366.244737,72182295.0,0.294876,36.0,420.0,72182295.0,0.294876,36.0,420.0,44291448.0,22361250.0,26046540.0,8678826.0,,7162250.0,,,,85176316.0,85176316.0,85176316.0,,,,-0.008454206382096959,-0.0196654148173438,0.00305555555555556,0.0294354838709677,,0.0476369268315577,,,,-0.00149630347650151,0.00431572901959845,-0.0106932489296091,,,,No lift,No lift,No lift,No lift,,No lift,,,,No lift,No lift,No lift,,,,No Lift,No Lift,,No Lift,No Lift,,No,Project Fi NA Q1 2019 United States - Brand,Q1,Display,Open Exchange NonAdX,DBM,Programmatic - Open Exchange,"56,650,537","38,991","$155,621.54 ",1006296,Marvin,1006296 + 1004502 | Google Fi | Brand + DR | ESS01 | NA | United States | Q1 2019 | Re-Brand,"6130,6477,5811",6130
45,22290676,"6130,6477,5811",Consideration,1.0,2019-02-13,2019-04-05,False,2217438.650349,535907629.0,0.239209,69.0,18.0,0.0,0.0,0.0,0.0,0.0,,,,,,,,,,,272366.244737,72182295.0,0.294876,36.0,240.0,72182295.0,0.294876,36.0,240.0,44291448.0,22361250.0,26046540.0,8678826.0,,7162250.0,,,,85176316.0,85176316.0,85176316.0,,,,-0.0589730971128609,-0.0505221755052217,-0.11262376237623802,0.0651209677419355,,0.07166658844511199,,,,0.0084382306402475,0.0160233918128655,-0.0037431086178547203,,,,Negative impact,No lift,Negative impact,Directional lift,,Directional lift,,,,No lift,Significant lift,No lift,,,,No Lift,MWB Device Level,,No Lift,565173.5479838711,,Sucessful,Project Fi NA Q1 2019 United States - Brand,Q1,Display,Open Exchange NonAdX,DBM,Programmatic - Open Exchange,"56,650,537","38,991","$155,621.54 ",1006296,Marvin,1006296 + 1004502 | Google Fi | Brand + DR | ESS01 | NA | United States | Q1 2019 | Re-Brand,"6130,6477,5811",6130
46,22290676,"6130,6477,5811",Feature recall,2.0,2019-02-13,2019-04-05,False,2217438.650349,535907629.0,31.200740999999997,6065.0,7377.0,0.0,0.0,0.0,0.0,0.0,,,,,,,,,,,272366.244737,72182295.0,0.049145999999999995,6.0,240.0,72182295.0,0.049145999999999995,6.0,240.0,44291448.0,22361250.0,26046540.0,8678826.0,,7162250.0,,,,85176316.0,85176316.0,85176316.0,,,,0.0297640653357532,0.072463768115942,-0.0166927490871153,0.0962253193960511,,0.0805616139585605,,,,0.0039590125756869795,0.0142800844874758,-0.0127320224343995,,,,No lift,No lift,No lift,Directional lift,,Directional lift,,,,No lift,No lift,No lift,,,,No Lift,MWB Device Level,,No Lift,835122.8038327525,,Sucessful,Project Fi NA Q1 2019 United States - Brand,Q1,Display,Open Exchange NonAdX,DBM,Programmatic - Open Exchange,"56,650,537","38,991","$155,621.54 ",1006296,Marvin,1006296 + 1004502 | Google Fi | Brand + DR | ESS01 | NA | United States | Q1 2019 | Re-Brand,"6130,6477,5811",6130
47,22290676,"6130,6477,5811",Other,3.0,2019-02-13,2019-04-05,False,2217438.650349,535907629.0,22.589608,4321.0,4609.0,0.0,0.0,0.0,0.0,0.0,,,,,,,,,,,272366.244737,72182295.0,0.049145999999999995,6.0,60.0,72182295.0,0.049145999999999995,6.0,60.0,44291448.0,22361250.0,26046540.0,8678826.0,,7162250.0,,,,85176316.0,85176316.0,85176316.0,,,,0.0609396591432519,0.0451603412768461,0.0591093117408907,-0.00784313725490193,,-0.0200823520913097,,,,0.0113713876780079,0.00465479706267141,0.0221938050582552,,,,No lift,No lift,No lift,No lift,,No lift,,,,No lift,No lift,No lift,,,,No Lift,No Lift,,No Lift,No Lift,,No,Project Fi NA Q1 2019 United States - Brand,Q1,Display,Open Exchange NonAdX,DBM,Programmatic - Open Exchange,"56,650,537","38,991","$155,621.54 ",1006296,Marvin,1006296 + 1004502 | Google Fi | Brand + DR | ESS01 | NA | United States | Q1 2019 | Re-Brand,"6130,6477,5811",6130
48,22290676,"6130,6477,5811",Aided awareness,0.0,2019-02-13,2019-04-05,True,2217438.650349,535907629.0,0.31359499999999996,189.0,90.0,0.0,0.0,0.0,0.0,0.0,,,,,,,,,,,272366.244737,72182295.0,0.294876,36.0,420.0,72182295.0,0.294876,36.0,420.0,44291448.0,22361250.0,26046540.0,8678826.0,,7162250.0,,,,85176316.0,85176316.0,85176316.0,,,,-0.008454206382096959,-0.0196654148173438,0.00305555555555556,0.0294354838709677,,0.0476369268315577,,,,-0.00149630347650151,0.00431572901959845,-0.0106932489296091,,,,No lift,No lift,No lift,No lift,,No lift,,,,No lift,No lift,No lift,,,,No Lift,No Lift,,No Lift,No Lift,,No,Project Fi NA Q1 2019 United States - Brand,Q1,Display,Open Exchange AdX,DBM,Programmatic - Open Exchange,"60,547,563","95,447","$344,442.95 ",1006296,Marvin,1006296 + 1004502 | Google Fi | Brand + DR | ESS01 | NA | United States | Q1 2019 | Re-Brand,"6130,6477,5811",6130
49,22290676,"6130,6477,5811",Consideration,1.0,2019-02-13,2019-04-05,False,2217438.650349,535907629.0,0.239209,69.0,18.0,0.0,0.0,0.0,0.0,0.0,,,,,,,,,,,272366.244737,72182295.0,0.294876,36.0,240.0,72182295.0,0.294876,36.0,240.0,44291448.0,22361250.0,26046540.0,8678826.0,,7162250.0,,,,85176316.0,85176316.0,85176316.0,,,,-0.0589730971128609,-0.0505221755052217,-0.11262376237623802,0.0651209677419355,,0.07166658844511199,,,,0.0084382306402475,0.0160233918128655,-0.0037431086178547203,,,,Negative impact,No lift,Negative impact,Directional lift,,Directional lift,,,,No lift,Significant lift,No lift,,,,No Lift,MWB Device Level,,No Lift,565173.5479838711,,Sucessful,Project Fi NA Q1 2019 United States - Brand,Q1,Display,Open Exchange AdX,DBM,Programmatic - Open Exchange,"60,547,563","95,447","$344,442.95 ",1006296,Marvin,1006296 + 1004502 | Google Fi | Brand + DR | ESS01 | NA | United States | Q1 2019 | Re-Brand,"6130,6477,5811",6130
50,22290676,"6130,6477,5811",Feature recall,2.0,2019-02-13,2019-04-05,False,2217438.650349,535907629.0,31.200740999999997,6065.0,7377.0,0.0,0.0,0.0,0.0,0.0,,,,,,,,,,,272366.244737,72182295.0,0.049145999999999995,6.0,240.0,72182295.0,0.049145999999999995,6.0,240.0,44291448.0,22361250.0,26046540.0,8678826.0,,7162250.0,,,,85176316.0,85176316.0,85176316.0,,,,0.0297640653357532,0.072463768115942,-0.0166927490871153,0.0962253193960511,,0.0805616139585605,,,,0.0039590125756869795,0.0142800844874758,-0.0127320224343995,,,,No lift,No lift,No lift,Directional lift,,Directional lift,,,,No lift,No lift,No lift,,,,No Lift,MWB Device Level,,No Lift,835122.8038327525,,Sucessful,Project Fi NA Q1 2019 United States - Brand,Q1,Display,Open Exchange AdX,DBM,Programmatic - Open Exchange,"60,547,563","95,447","$344,442.95 ",1006296,Marvin,1006296 + 1004502 | Google Fi | Brand + DR | ESS01 | NA | United States | Q1 2019 | Re-Brand,"6130,6477,5811",6130
51,22290676,"6130,6477,5811",Other,3.0,2019-02-13,2019-04-05,False,2217438.650349,535907629.0,22.589608,4321.0,4609.0,0.0,0.0,0.0,0.0,0.0,,,,,,,,,,,272366.244737,72182295.0,0.049145999999999995,6.0,60.0,72182295.0,0.049145999999999995,6.0,60.0,44291448.0,22361250.0,26046540.0,8678826.0,,7162250.0,,,,85176316.0,85176316.0,85176316.0,,,,0.0609396591432519,0.0451603412768461,0.0591093117408907,-0.00784313725490193,,-0.0200823520913097,,,,0.0113713876780079,0.00465479706267141,0.0221938050582552,,,,No lift,No lift,No lift,No lift,,No lift,,,,No lift,No lift,No lift,,,,No Lift,No Lift,,No Lift,No Lift,,No,Project Fi NA Q1 2019 United States - Brand,Q1,Display,Open Exchange AdX,DBM,Programmatic - Open Exchange,"60,547,563","95,447","$344,442.95 ",1006296,Marvin,1006296 + 1004502 | Google Fi | Brand + DR | ESS01 | NA | United States | Q1 2019 | Re-Brand,"6130,6477,5811",6130
52,22290676,"6130,6477,5811",Aided awareness,0.0,2019-02-13,2019-04-05,True,2217438.650349,535907629.0,0.31359499999999996,189.0,90.0,0.0,0.0,0.0,0.0,0.0,,,,,,,,,,,272366.244737,72182295.0,0.294876,36.0,420.0,72182295.0,0.294876,36.0,420.0,44291448.0,22361250.0,26046540.0,8678826.0,,7162250.0,,,,85176316.0,85176316.0,85176316.0,,,,-0.008454206382096959,-0.0196654148173438,0.00305555555555556,0.0294354838709677,,0.0476369268315577,,,,-0.00149630347650151,0.00431572901959845,-0.0106932489296091,,,,No lift,No lift,No lift,No lift,,No lift,,,,No lift,No lift,No lift,,,,No Lift,No Lift,,No Lift,No Lift,,No,Project Fi NA Q1 2019 United States - Brand,Q1,Video,Open Exchange NonAdX,DBM,Programmatic - Open Exchange,"128,653,260","376,529","$1,398,463.11 ",1006296,Marvin,1006296 + 1004502 | Google Fi | Brand + DR | ESS01 | NA | United States | Q1 2019 | Re-Brand,"6130,6477,5811",6130
53,22290676,"6130,6477,5811",Consideration,1.0,2019-02-13,2019-04-05,False,2217438.650349,535907629.0,0.239209,69.0,18.0,0.0,0.0,0.0,0.0,0.0,,,,,,,,,,,272366.244737,72182295.0,0.294876,36.0,240.0,72182295.0,0.294876,36.0,240.0,44291448.0,22361250.0,26046540.0,8678826.0,,7162250.0,,,,85176316.0,85176316.0,85176316.0,,,,-0.0589730971128609,-0.0505221755052217,-0.11262376237623802,0.0651209677419355,,0.07166658844511199,,,,0.0084382306402475,0.0160233918128655,-0.0037431086178547203,,,,Negative impact,No lift,Negative impact,Directional lift,,Directional lift,,,,No lift,Significant lift,No lift,,,,No Lift,MWB Device Level,,No Lift,565173.5479838711,,Sucessful,Project Fi NA Q1 2019 United States - Brand,Q1,Video,Open Exchange NonAdX,DBM,Programmatic - Open Exchange,"128,653,260","376,529","$1,398,463.11 ",1006296,Marvin,1006296 + 1004502 | Google Fi | Brand + DR | ESS01 | NA | United States | Q1 2019 | Re-Brand,"6130,6477,5811",6130
54,22290676,"6130,6477,5811",Feature recall,2.0,2019-02-13,2019-04-05,False,2217438.650349,535907629.0,31.200740999999997,6065.0,7377.0,0.0,0.0,0.0,0.0,0.0,,,,,,,,,,,272366.244737,72182295.0,0.049145999999999995,6.0,240.0,72182295.0,0.049145999999999995,6.0,240.0,44291448.0,22361250.0,26046540.0,8678826.0,,7162250.0,,,,85176316.0,85176316.0,85176316.0,,,,0.0297640653357532,0.072463768115942,-0.0166927490871153,0.0962253193960511,,0.0805616139585605,,,,0.0039590125756869795,0.0142800844874758,-0.0127320224343995,,,,No lift,No lift,No lift,Directional lift,,Directional lift,,,,No lift,No lift,No lift,,,,No Lift,MWB Device Level,,No Lift,835122.8038327525,,Sucessful,Project Fi NA Q1 2019 United States - Brand,Q1,Video,Open Exchange NonAdX,DBM,Programmatic - Open Exchange,"128,653,260","376,529","$1,398,463.11 ",1006296,Marvin,1006296 + 1004502 | Google Fi | Brand + DR | ESS01 | NA | United States | Q1 2019 | Re-Brand,"6130,6477,5811",6130
55,22290676,"6130,6477,5811",Other,3.0,2019-02-13,2019-04-05,False,2217438.650349,535907629.0,22.589608,4321.0,4609.0,0.0,0.0,0.0,0.0,0.0,,,,,,,,,,,272366.244737,72182295.0,0.049145999999999995,6.0,60.0,72182295.0,0.049145999999999995,6.0,60.0,44291448.0,22361250.0,26046540.0,8678826.0,,7162250.0,,,,85176316.0,85176316.0,85176316.0,,,,0.0609396591432519,0.0451603412768461,0.0591093117408907,-0.00784313725490193,,-0.0200823520913097,,,,0.0113713876780079,0.00465479706267141,0.0221938050582552,,,,No lift,No lift,No lift,No lift,,No lift,,,,No lift,No lift,No lift,,,,No Lift,No Lift,,No Lift,No Lift,,No,Project Fi NA Q1 2019 United States - Brand,Q1,Video,Open Exchange NonAdX,DBM,Programmatic - Open Exchange,"128,653,260","376,529","$1,398,463.11 ",1006296,Marvin,1006296 + 1004502 | Google Fi | Brand + DR | ESS01 | NA | United States | Q1 2019 | Re-Brand,"6130,6477,5811",6130
56,22437524,,,,,,,,,,,,,,,,,,,,,,,,,,,,,,,,,,,,,,,,,,,,,,,,,,,,,,,,,,,,,,,,,,,,,,,,,,,,,,,,,,,,,,,,Google Helpfulness NA 2019 Q1-Q3 North America,Q1,Video,NYTimes,DBM,Programmatic - PMP,"17,261",91,"$1,121.96 ",1005537,Jeff,1005537 | Brand | BR | ESS01 | NA | US | 2019 | Helpfulness,,6327
57,22437524,,,,,,,,,,,,,,,,,,,,,,,,,,,,,,,,,,,,,,,,,,,,,,,,,,,,,,,,,,,,,,,,,,,,,,,,,,,,,,,,,,,,,,,,Google Helpfulness NA 2019 Q1-Q3 North America,Q2,Video,CNN,DBM,Programmatic - PMP,"167,341",560,"$2,062.15 ",1005537,Jeff,1005537 | Brand | BR | ESS01 | NA | US | 2019 | Helpfulness,,6327
58,22437524,,,,,,,,,,,,,,,,,,,,,,,,,,,,,,,,,,,,,,,,,,,,,,,,,,,,,,,,,,,,,,,,,,,,,,,,,,,,,,,,,,,,,,,,Google Helpfulness NA 2019 Q1-Q3 North America,Q2,Video,NYTimes,DBM,Programmatic - PMP,"184,923","1,799","$12,019.99 ",1005537,Jeff,1005537 | Brand | BR | ESS01 | NA | US | 2019 | Helpfulness,,6327
59,22437524,,,,,,,,,,,,,,,,,,,,,,,,,,,,,,,,,,,,,,,,,,,,,,,,,,,,,,,,,,,,,,,,,,,,,,,,,,,,,,,,,,,,,,,,Google Helpfulness NA 2019 Q1-Q3 North America,Q1,Video,Conde Nast,DBM,Programmatic - PMP,"414,253",424,"$8,518.76 ",1005537,Jeff,1005537 | Brand | BR | ESS01 | NA | US | 2019 | Helpfulness,,6327
60,22437524,,,,,,,,,,,,,,,,,,,,,,,,,,,,,,,,,,,,,,,,,,,,,,,,,,,,,,,,,,,,,,,,,,,,,,,,,,,,,,,,,,,,,,,,Google Helpfulness NA 2019 Q1-Q3 North America,Q2,Video,Fox News,DBM,Programmatic - PMP,"560,352","1,422","$10,646.69 ",1005537,Jeff,1005537 | Brand | BR | ESS01 | NA | US | 2019 | Helpfulness,,6327
61,22437524,,,,,,,,,,,,,,,,,,,,,,,,,,,,,,,,,,,,,,,,,,,,,,,,,,,,,,,,,,,,,,,,,,,,,,,,,,,,,,,,,,,,,,,,Google Helpfulness NA 2019 Q1-Q3 North America,Q2,Video,Huffington Post,DBM,Programmatic - PMP,"772,965","7,109","$11,035.87 ",1005537,Jeff,1005537 | Brand | BR | ESS01 | NA | US | 2019 | Helpfulness,,6327
62,22437524,,,,,,,,,,,,,,,,,,,,,,,,,,,,,,,,,,,,,,,,,,,,,,,,,,,,,,,,,,,,,,,,,,,,,,,,,,,,,,,,,,,,,,,,Google Helpfulness NA 2019 Q1-Q3 North America,Q2,Video,USA Today,DBM,Programmatic - PMP,"1,614,906","3,447","$25,483.10 ",1005537,Jeff,1005537 | Brand | BR | ESS01 | NA | US | 2019 | Helpfulness,,6327
63,22437524,,,,,,,,,,,,,,,,,,,,,,,,,,,,,,,,,,,,,,,,,,,,,,,,,,,,,,,,,,,,,,,,,,,,,,,,,,,,,,,,,,,,,,,,Google Helpfulness NA 2019 Q1-Q3 North America,Q2,Display,Open Exchange AdX,DBM,Programmatic - Open Exchange,"1,685,835",7,"$5,336.70 ",1005537,Jeff,1005537 | Brand | BR | ESS01 | NA | US | 2019 | Helpfulness,,6327
64,22437524,,,,,,,,,,,,,,,,,,,,,,,,,,,,,,,,,,,,,,,,,,,,,,,,,,,,,,,,,,,,,,,,,,,,,,,,,,,,,,,,,,,,,,,,Google Helpfulness NA 2019 Q1-Q3 North America,Q1,Video,ESPN,DBM,Programmatic - PMP,"2,044,923","2,280","$77,700.96 ",1005537,Jeff,1005537 | Brand | BR | ESS01 | NA | US | 2019 | Helpfulness,,6327
65,22437524,,,,,,,,,,,,,,,,,,,,,,,,,,,,,,,,,,,,,,,,,,,,,,,,,,,,,,,,,,,,,,,,,,,,,,,,,,,,,,,,,,,,,,,,Google Helpfulness NA 2019 Q1-Q3 North America,Q2,Display,GDN,GDN,Programmatic - Open Exchange,"2,188,482",0,"$4,043.67 ",1005537,Jeff,1005537 | Brand | BR | ESS01 | NA | US | 2019 | Helpfulness,,6327
66,22437524,,,,,,,,,,,,,,,,,,,,,,,,,,,,,,,,,,,,,,,,,,,,,,,,,,,,,,,,,,,,,,,,,,,,,,,,,,,,,,,,,,,,,,,,Google Helpfulness NA 2019 Q1-Q3 North America,Q1,Video,Open Exchange AdX,DBM,Programmatic - Open Exchange,"2,525,642","11,549","$39,724.95 ",1005537,Jeff,1005537 | Brand | BR | ESS01 | NA | US | 2019 | Helpfulness,,6327
67,22437524,,,,,,,,,,,,,,,,,,,,,,,,,,,,,,,,,,,,,,,,,,,,,,,,,,,,,,,,,,,,,,,,,,,,,,,,,,,,,,,,,,,,,,,,Google Helpfulness NA 2019 Q1-Q3 North America,Q1,Display,NYTimes,DBM,Programmatic - PMP,"2,630,138","2,617","$246,461.77 ",1005537,Jeff,1005537 | Brand | BR | ESS01 | NA | US | 2019 | Helpfulness,,6327
68,22437524,,,,,,,,,,,,,,,,,,,,,,,,,,,,,,,,,,,,,,,,,,,,,,,,,,,,,,,,,,,,,,,,,,,,,,,,,,,,,,,,,,,,,,,,Google Helpfulness NA 2019 Q1-Q3 North America,Q2,Video,Conde Nast,DBM,Programmatic - PMP,"4,075,567","1,365","$85,771.21 ",1005537,Jeff,1005537 | Brand | BR | ESS01 | NA | US | 2019 | Helpfulness,,6327
69,22437524,,,,,,,,,,,,,,,,,,,,,,,,,,,,,,,,,,,,,,,,,,,,,,,,,,,,,,,,,,,,,,,,,,,,,,,,,,,,,,,,,,,,,,,,Google Helpfulness NA 2019 Q1-Q3 North America,Q2,Video,Vox,DBM,Programmatic - PMP,"9,105,001","1,710","$125,755.17 ",1005537,Jeff,1005537 | Brand | BR | ESS01 | NA | US | 2019 | Helpfulness,,6327
70,22437524,,,,,,,,,,,,,,,,,,,,,,,,,,,,,,,,,,,,,,,,,,,,,,,,,,,,,,,,,,,,,,,,,,,,,,,,,,,,,,,,,,,,,,,,Google Helpfulness NA 2019 Q1-Q3 North America,Q2,Display,NYTimes,DBM,Programmatic - PMP,"9,811,582","11,075","$265,405.75 ",1005537,Jeff,1005537 | Brand | BR | ESS01 | NA | US | 2019 | Helpfulness,,6327
71,22437524,,,,,,,,,,,,,,,,,,,,,,,,,,,,,,,,,,,,,,,,,,,,,,,,,,,,,,,,,,,,,,,,,,,,,,,,,,,,,,,,,,,,,,,,Google Helpfulness NA 2019 Q1-Q3 North America,Q2,Video,Open Exchange AdX,DBM,Programmatic - Open Exchange,"28,814,615","89,457","$411,047.09 ",1005537,Jeff,1005537 | Brand | BR | ESS01 | NA | US | 2019 | Helpfulness,,6327
72,22437524,,,,,,,,,,,,,,,,,,,,,,,,,,,,,,,,,,,,,,,,,,,,,,,,,,,,,,,,,,,,,,,,,,,,,,,,,,,,,,,,,,,,,,,,Multi App NA Q2-Q3 2019 North America,Q2,Video,Hulu,DBM,Programmatic - Guaranteed,"1,941,808",546,"$57,166.83 ",1006293,Marvin,1005537 | Brand | BR | ESS01 | NA | US | 2019 | Helpfulness,,6380
73,22437524,,,,,,,,,,,,,,,,,,,,,,,,,,,,,,,,,,,,,,,,,,,,,,,,,,,,,,,,,,,,,,,,,,,,,,,,,,,,,,,,,,,,,,,,Multi App NA Q2-Q3 2019 North America,Q2,Video,Spotify,DBM,Programmatic - Guaranteed,"3,154,108","6,003","$139,892.75 ",1006293,Marvin,1005537 | Brand | BR | ESS01 | NA | US | 2019 | Helpfulness,,6380
74,22437524,,,,,,,,,,,,,,,,,,,,,,,,,,,,,,,,,,,,,,,,,,,,,,,,,,,,,,,,,,,,,,,,,,,,,,,,,,,,,,,,,,,,,,,,Multi App NA Q2-Q3 2019 North America,Q2,Video,ESPN,Unknown,Direct Buy,"3,517,188","6,003","$117,576.15 ",1006293,Marvin,1005537 | Brand | BR | ESS01 | NA | US | 2019 | Helpfulness,,6380
75,22437524,,,,,,,,,,,,,,,,,,,,,,,,,,,,,,,,,,,,,,,,,,,,,,,,,,,,,,,,,,,,,,,,,,,,,,,,,,,,,,,,,,,,,,,,Multi App NA Q2-Q3 2019 North America,Q2,Display,BuzzFeed,DBM,Programmatic - Guaranteed,"4,898,916","1,236","$48,771.97 ",1006293,Marvin,1005537 | Brand | BR | ESS01 | NA | US | 2019 | Helpfulness,,6380
76,22437524,,,,,,,,,,,,,,,,,,,,,,,,,,,,,,,,,,,,,,,,,,,,,,,,,,,,,,,,,,,,,,,,,,,,,,,,,,,,,,,,,,,,,,,,Multi App NA Q2-Q3 2019 North America,Q2,Display,Conde Nast,DBM,Programmatic - Guaranteed,"7,331,467","2,776","$258,033.63 ",1006293,Marvin,1005537 | Brand | BR | ESS01 | NA | US | 2019 | Helpfulness,,6380
77,22437524,,,,,,,,,,,,,,,,,,,,,,,,,,,,,,,,,,,,,,,,,,,,,,,,,,,,,,,,,,,,,,,,,,,,,,,,,,,,,,,,,,,,,,,,Multi App NA Q2-Q3 2019 North America,Q2,Video,Fox Networks,Unknown,Direct Buy,"13,893,116",726,"$410,755.67 ",1006293,Marvin,1005537 | Brand | BR | ESS01 | NA | US | 2019 | Helpfulness,,6380
78,22437524,,,,,,,,,,,,,,,,,,,,,,,,,,,,,,,,,,,,,,,,,,,,,,,,,,,,,,,,,,,,,,,,,,,,,,,,,,,,,,,,,,,,,,,,Multi App NA Q2-Q3 2019 North America,Q2,Display,Vox,DBM,Programmatic - Guaranteed,"20,617,589","15,776","$534,755.73 ",1006293,Marvin,1005537 | Brand | BR | ESS01 | NA | US | 2019 | Helpfulness,,6380
79,22437524,,,,,,,,,,,,,,,,,,,,,,,,,,,,,,,,,,,,,,,,,,,,,,,,,,,,,,,,,,,,,,,,,,,,,,,,,,,,,,,,,,,,,,,,Multi App NA Q2-Q3 2019 North America,Q2,Video,YouTube,Unknown,Programmatic - Preferred deal,"46,547,565","37,345","$1,260,000.00 ",1006293,Marvin,1005537 | Brand | BR | ESS01 | NA | US | 2019 | Helpfulness,,6380
80,22437524,,,,,,,,,,,,,,,,,,,,,,,,,,,,,,,,,,,,,,,,,,,,,,,,,,,,,,,,,,,,,,,,,,,,,,,,,,,,,,,,,,,,,,,,Multi App NA Q2-Q3 2019 North America,Q2,Video,Open Exchange AdX,DBM,Programmatic - Open Exchange,"62,200,869","97,437","$714,883.44 ",1006293,Marvin,1005537 | Brand | BR | ESS01 | NA | US | 2019 | Helpfulness,,6380
81,22437524,,,,,,,,,,,,,,,,,,,,,,,,,,,,,,,,,,,,,,,,,,,,,,,,,,,,,,,,,,,,,,,,,,,,,,,,,,,,,,,,,,,,,,,,Multi App NA Q2-Q3 2019 North America,Q2,Video,Open Exchange NonAdX,DBM,Programmatic - Open Exchange,"78,520,719","196,979","$501,518.69 ",1006293,Marvin,1005537 | Brand | BR | ESS01 | NA | US | 2019 | Helpfulness,,6380
82,22437524,,,,,,,,,,,,,,,,,,,,,,,,,,,,,,,,,,,,,,,,,,,,,,,,,,,,,,,,,,,,,,,,,,,,,,,,,,,,,,,,,,,,,,,,Multi App NA Q2-Q3 2019 North America,Q2,Social,Snapchat,Snapchat,Biddable,"94,147,607","1,291,082","$353,694.65 ",1006293,Marvin,1005537 | Brand | BR | ESS01 | NA | US | 2019 | Helpfulness,,6380
83,22437524,,,,,,,,,,,,,,,,,,,,,,,,,,,,,,,,,,,,,,,,,,,,,,,,,,,,,,,,,,,,,,,,,,,,,,,,,,,,,,,,,,,,,,,,Multi App NA Q2-Q3 2019 North America,Q2,Display,Open Exchange AdX,DBM,Programmatic - Open Exchange,"112,712,928","307,764","$742,255.59 ",1006293,Marvin,1005537 | Brand | BR | ESS01 | NA | US | 2019 | Helpfulness,,6380
84,22437524,,,,,,,,,,,,,,,,,,,,,,,,,,,,,,,,,,,,,,,,,,,,,,,,,,,,,,,,,,,,,,,,,,,,,,,,,,,,,,,,,,,,,,,,Multi App NA Q2-Q3 2019 North America,Q2,Display,Open Exchange NonAdX,DBM,Programmatic - Open Exchange,"201,598,228","306,879","$788,402.61 ",1006293,Marvin,1005537 | Brand | BR | ESS01 | NA | US | 2019 | Helpfulness,,6380
85,22437524,,,,,,,,,,,,,,,,,,,,,,,,,,,,,,,,,,,,,,,,,,,,,,,,,,,,,,,,,,,,,,,,,,,,,,,,,,,,,,,,,,,,,,,,Multi App NA Q2-Q3 2019 North America,Q2,Display,GDN,GDN,Biddable,"401,770,688","2,216,417","$978,533.67 ",1006293,Marvin,1005537 | Brand | BR | ESS01 | NA | US | 2019 | Helpfulness,,6380
86,22444142,,,,,,,,,,,,,,,,,,,,,,,,,,,,,,,,,,,,,,,,,,,,,,,,,,,,,,,,,,,,,,,,,,,,,,,,,,,,,,,,,,,,,,,,Google Home NA 2019 Q2 2019 United States - Google Nest Brand,Q2,Video,CNET,DBM,Programmatic - Guaranteed,"59,308",149,"$2,031.38 ",1006172,,1006947 | Home | DR | NA | US | Q2-Q3 2019 | V1,,6708
87,22444142,,,,,,,,,,,,,,,,,,,,,,,,,,,,,,,,,,,,,,,,,,,,,,,,,,,,,,,,,,,,,,,,,,,,,,,,,,,,,,,,,,,,,,,,Google Home NA 2019 Q2 2019 United States - Google Nest Brand,Q2,Video,CBS,DBM,Programmatic - Guaranteed,"194,917",314,"$6,507.46 ",1006172,,1006947 | Home | DR | NA | US | Q2-Q3 2019 | V1,,6708
88,22444142,,,,,,,,,,,,,,,,,,,,,,,,,,,,,,,,,,,,,,,,,,,,,,,,,,,,,,,,,,,,,,,,,,,,,,,,,,,,,,,,,,,,,,,,Google Home NA 2019 Q2 2019 United States - Google Nest Brand,Q2,Video,The Washington Post,DBM,Programmatic - Guaranteed,"727,828","3,800","$49,492.64 ",1006172,,1006947 | Home | DR | NA | US | Q2-Q3 2019 | V1,,6708
89,22444142,,,,,,,,,,,,,,,,,,,,,,,,,,,,,,,,,,,,,,,,,,,,,,,,,,,,,,,,,,,,,,,,,,,,,,,,,,,,,,,,,,,,,,,,Google Home NA 2019 Q2 2019 United States - Google Nest Brand,Q2,Display,GDN,GDN,Biddable,"773,895",4,"$1,443.64 ",1006172,,1006947 | Home | DR | NA | US | Q2-Q3 2019 | V1,,6708
90,22444142,,,,,,,,,,,,,,,,,,,,,,,,,,,,,,,,,,,,,,,,,,,,,,,,,,,,,,,,,,,,,,,,,,,,,,,,,,,,,,,,,,,,,,,,Google Home NA 2019 Q2 2019 United States - Google Nest Brand,Q2,Video,Open Exchange NonAdX,DBM,Programmatic - Open Exchange,"1,216,068",0,"$44,386.47 ",1006172,,1006947 | Home | DR | NA | US | Q2-Q3 2019 | V1,,6708
91,22444142,,,,,,,,,,,,,,,,,,,,,,,,,,,,,,,,,,,,,,,,,,,,,,,,,,,,,,,,,,,,,,,,,,,,,,,,,,,,,,,,,,,,,,,,Google Home NA 2019 Q2 2019 United States - Google Nest Brand,Q2,Video,Hulu,DBM,Programmatic - PMP,"1,401,619","2,682","$52,104.12 ",1006172,,1006947 | Home | DR | NA | US | Q2-Q3 2019 | V1,,6708
92,22444142,,,,,,,,,,,,,,,,,,,,,,,,,,,,,,,,,,,,,,,,,,,,,,,,,,,,,,,,,,,,,,,,,,,,,,,,,,,,,,,,,,,,,,,,Google Home NA 2019 Q2 2019 United States - Google Nest Brand,Q2,Video,ABC,Unknown,Direct Buy,"1,855,608",493,"$51,437.23 ",1006172,,1006947 | Home | DR | NA | US | Q2-Q3 2019 | V1,,6708
93,22444142,,,,,,,,,,,,,,,,,,,,,,,,,,,,,,,,,,,,,,,,,,,,,,,,,,,,,,,,,,,,,,,,,,,,,,,,,,,,,,,,,,,,,,,,Google Home NA 2019 Q2 2019 United States - Google Nest Brand,Q2,Video,Conde Nast,DBM,Programmatic - Guaranteed,"2,310,691",650,"$68,078.41 ",1006172,,1006947 | Home | DR | NA | US | Q2-Q3 2019 | V1,,6708
94,22444142,,,,,,,,,,,,,,,,,,,,,,,,,,,,,,,,,,,,,,,,,,,,,,,,,,,,,,,,,,,,,,,,,,,,,,,,,,,,,,,,,,,,,,,,Google Home NA 2019 Q2 2019 United States - Google Nest Brand,Q2,Video,NBC,Unknown,Direct Buy,"2,458,350","1,084","$60,227.25 ",1006172,,1006947 | Home | DR | NA | US | Q2-Q3 2019 | V1,,6708
95,22444142,,,,,,,,,,,,,,,,,,,,,,,,,,,,,,,,,,,,,,,,,,,,,,,,,,,,,,,,,,,,,,,,,,,,,,,,,,,,,,,,,,,,,,,,Google Home NA 2019 Q2 2019 United States - Google Nest Brand,Q2,Video,Vox Media,DBM,Programmatic - Guaranteed,"2,790,985",847,"$93,016.18 ",1006172,,1006947 | Home | DR | NA | US | Q2-Q3 2019 | V1,,6708
96,22444142,,,,,,,,,,,,,,,,,,,,,,,,,,,,,,,,,,,,,,,,,,,,,,,,,,,,,,,,,,,,,,,,,,,,,,,,,,,,,,,,,,,,,,,,Google Home NA 2019 Q2 2019 United States - Google Nest Brand,Q2,Display,Open Exchange AdX,DBM,Programmatic - Open Exchange,"4,160,818","10,809","$21,882.05 ",1006172,,1006947 | Home | DR | NA | US | Q2-Q3 2019 | V1,,6708
97,22444142,,,,,,,,,,,,,,,,,,,,,,,,,,,,,,,,,,,,,,,,,,,,,,,,,,,,,,,,,,,,,,,,,,,,,,,,,,,,,,,,,,,,,,,,Google Home NA 2019 Q2 2019 United States - Google Nest Brand,Q2,Video,Open Exchange AdX,DBM,Programmatic - Open Exchange,"8,321,753","30,721","$100,028.65 ",1006172,,1006947 | Home | DR | NA | US | Q2-Q3 2019 | V1,,6708
98,22444142,,,,,,,,,,,,,,,,,,,,,,,,,,,,,,,,,,,,,,,,,,,,,,,,,,,,,,,,,,,,,,,,,,,,,,,,,,,,,,,,,,,,,,,,Google Home NA 2019 Q2 2019 United States - Google Nest Brand,Q2,Video,Fox Sports,Unknown,Direct Buy,"9,635,101",340,"$385,404.04 ",1006172,,1006947 | Home | DR | NA | US | Q2-Q3 2019 | V1,,6708
99,22444142,,,,,,,,,,,,,,,,,,,,,,,,,,,,,,,,,,,,,,,,,,,,,,,,,,,,,,,,,,,,,,,,,,,,,,,,,,,,,,,,,,,,,,,,Google Home NA 2019 Q2 2019 United States - Google Nest Brand,Q2,Video,ESPN,Unknown,Direct Buy,"15,758,085","69,336","$459,696.12 ",1006172,,1006947 | Home | DR | NA | US | Q2-Q3 2019 | V1,,6708
100,22444142,,,,,,,,,,,,,,,,,,,,,,,,,,,,,,,,,,,,,,,,,,,,,,,,,,,,,,,,,,,,,,,,,,,,,,,,,,,,,,,,,,,,,,,,Google Home NA 2019 Q2 2019 United States - Google Nest Brand,Q2,Video,YouTube (via DBM),DBM,Biddable,"15,806,274","28,900","$669,070.28 ",1006172,,1006947 | Home | DR | NA | US | Q2-Q3 2019 | V1,,6708
101,22444142,,,,,,,,,,,,,,,,,,,,,,,,,,,,,,,,,,,,,,,,,,,,,,,,,,,,,,,,,,,,,,,,,,,,,,,,,,,,,,,,,,,,,,,,Google Home NA 2019 Q2 2019 United States - Google Nest Brand,Q2,Display,ESPN,Unknown,Direct Buy,"87,172,949","60,007","$390,303.89 ",1006172,,1006947 | Home | DR | NA | US | Q2-Q3 2019 | V1,,6708
102,22783112,,,,,,,,,,,,,,,,,,,,,,,,,,,,,,,,,,,,,,,,,,,,,,,,,,,,,,,,,,,,,,,,,,,,,,,,,,,,,,,,,,,,,,,,Google Stadia NA 2019 Q2 2019 North America - Brand,Q2,Video,YouTube,Unknown,Direct Buy,"127,202,861","101,240","$5,007,735.32 ",1006903,Thomas,1006903 | Stadia | Brand + DR | ESS01 | Global | | FY 2019 | Stadia - NA - Launch Year,,6802
103,22783112,,,,,,,,,,,,,,,,,,,,,,,,,,,,,,,,,,,,,,,,,,,,,,,,,,,,,,,,,,,,,,,,,,,,,,,,,,,,,,,,,,,,,,,,Google Stadia NA 2019 Q2 2019 North America - Brand,Q2,Display,YouTube,Unknown,Direct Buy,"502,809,638","147,182","$945,000.00 ",1006903,Thomas,1006903 | Stadia | Brand + DR | ESS01 | Global | | FY 2019 | Stadia - NA - Launch Year,,6802
104,22443077,,,,,,,,,,,,,,,,,,,,,,,,,,,,,,,,,,,,,,,,,,,,,,,,,,,,,,,,,,,,,,,,,,,,,,,,,,,,,,,,,,,,,,,,Pixel Bonito US 2019 Q2 2019 North America - Brand,Q2,Video,NBA.com,Unknown,Direct Buy,"634,681","2,751","$22,950.00 ",1006649,Thomas,1006649 | Pixel | Brand + DR | ESS01 | NA | US | Q2 2019 | Bonito,,6459
105,22443077,,,,,,,,,,,,,,,,,,,,,,,,,,,,,,,,,,,,,,,,,,,,,,,,,,,,,,,,,,,,,,,,,,,,,,,,,,,,,,,,,,,,,,,,Pixel Bonito US 2019 Q2 2019 North America - Brand,Q2,Video,Univision,Unknown,Direct Buy,"1,368,934",745,"$27,500.00 ",1006649,Thomas,1006649 | Pixel | Brand + DR | ESS01 | NA | US | Q2 2019 | Bonito,,6459
106,22443077,,,,,,,,,,,,,,,,,,,,,,,,,,,,,,,,,,,,,,,,,,,,,,,,,,,,,,,,,,,,,,,,,,,,,,,,,,,,,,,,,,,,,,,,Pixel Bonito US 2019 Q2 2019 North America - Brand,Q2,Display,Univision,Unknown,Direct Buy,"1,974,171","2,871","$20,000.00 ",1006649,Thomas,1006649 | Pixel | Brand + DR | ESS01 | NA | US | Q2 2019 | Bonito,,6459
107,22443077,,,,,,,,,,,,,,,,,,,,,,,,,,,,,,,,,,,,,,,,,,,,,,,,,,,,,,,,,,,,,,,,,,,,,,,,,,,,,,,,,,,,,,,,Pixel Bonito US 2019 Q2 2019 North America - Brand,Q2,Video,CNET,DBM,Programmatic - Guaranteed,"2,426,082","9,012","$84,912.87 ",1006649,Thomas,1006649 | Pixel | Brand + DR | ESS01 | NA | US | Q2 2019 | Bonito,,6459
108,22443077,,,,,,,,,,,,,,,,,,,,,,,,,,,,,,,,,,,,,,,,,,,,,,,,,,,,,,,,,,,,,,,,,,,,,,,,,,,,,,,,,,,,,,,,Pixel Bonito US 2019 Q2 2019 North America - Brand,Q2,Display,GDN,GDN,Biddable,"2,822,013",6,"$6,865.17 ",1006649,Thomas,1006649 | Pixel | Brand + DR | ESS01 | NA | US | Q2 2019 | Bonito,,6459
109,22443077,,,,,,,,,,,,,,,,,,,,,,,,,,,,,,,,,,,,,,,,,,,,,,,,,,,,,,,,,,,,,,,,,,,,,,,,,,,,,,,,,,,,,,,,Pixel Bonito US 2019 Q2 2019 North America - Brand,Q2,Video,Spotify,DBM,Programmatic - Guaranteed,"3,354,523","6,742","$165,042.38 ",1006649,Thomas,1006649 | Pixel | Brand + DR | ESS01 | NA | US | Q2 2019 | Bonito,,6459
110,22443077,,,,,,,,,,,,,,,,,,,,,,,,,,,,,,,,,,,,,,,,,,,,,,,,,,,,,,,,,,,,,,,,,,,,,,,,,,,,,,,,,,,,,,,,Pixel Bonito US 2019 Q2 2019 North America - Brand,Q2,Video,Bleacher Report,Unknown,Direct Buy,"3,601,722","3,391","$125,000.00 ",1006649,Thomas,1006649 | Pixel | Brand + DR | ESS01 | NA | US | Q2 2019 | Bonito,,6459
111,22443077,,,,,,,,,,,,,,,,,,,,,,,,,,,,,,,,,,,,,,,,,,,,,,,,,,,,,,,,,,,,,,,,,,,,,,,,,,,,,,,,,,,,,,,,Pixel Bonito US 2019 Q2 2019 North America - Brand,Q2,Video,iheart.com,DBM,Programmatic - Guaranteed,"4,429,913","77,576","$124,037.56 ",1006649,Thomas,1006649 | Pixel | Brand + DR | ESS01 | NA | US | Q2 2019 | Bonito,,6459
112,22443077,,,,,,,,,,,,,,,,,,,,,,,,,,,,,,,,,,,,,,,,,,,,,,,,,,,,,,,,,,,,,,,,,,,,,,,,,,,,,,,,,,,,,,,,Pixel Bonito US 2019 Q2 2019 North America - Brand,Q2,Display,Meredith,DBM,Programmatic - Guaranteed,"5,331,105","2,382","$88,957.84 ",1006649,Thomas,1006649 | Pixel | Brand + DR | ESS01 | NA | US | Q2 2019 | Bonito,,6459
113,22443077,,,,,,,,,,,,,,,,,,,,,,,,,,,,,,,,,,,,,,,,,,,,,,,,,,,,,,,,,,,,,,,,,,,,,,,,,,,,,,,,,,,,,,,,Pixel Bonito US 2019 Q2 2019 North America - Brand,Q2,Video,Spotify,DBM,Programmatic - PMP,"5,556,799","23,171","$118,159.34 ",1006649,Thomas,1006649 | Pixel | Brand + DR | ESS01 | NA | US | Q2 2019 | Bonito,,6459
114,22443077,,,,,,,,,,,,,,,,,,,,,,,,,,,,,,,,,,,,,,,,,,,,,,,,,,,,,,,,,,,,,,,,,,,,,,,,,,,,,,,,,,,,,,,,Pixel Bonito US 2019 Q2 2019 North America - Brand,Q2,Video,ABC,Unknown,Direct Buy,"6,162,131","3,512","$170,814.27 ",1006649,Thomas,1006649 | Pixel | Brand + DR | ESS01 | NA | US | Q2 2019 | Bonito,,6459
115,22443077,,,,,,,,,,,,,,,,,,,,,,,,,,,,,,,,,,,,,,,,,,,,,,,,,,,,,,,,,,,,,,,,,,,,,,,,,,,,,,,,,,,,,,,,Pixel Bonito US 2019 Q2 2019 North America - Brand,Q2,Video,CBS,DBM,Programmatic - Guaranteed,"6,887,342","7,863","$220,393.28 ",1006649,Thomas,1006649 | Pixel | Brand + DR | ESS01 | NA | US | Q2 2019 | Bonito,,6459
116,22443077,,,,,,,,,,,,,,,,,,,,,,,,,,,,,,,,,,,,,,,,,,,,,,,,,,,,,,,,,,,,,,,,,,,,,,,,,,,,,,,,,,,,,,,,Pixel Bonito US 2019 Q2 2019 North America - Brand,Q2,Display,Open Exchange NonAdX,DBM,Programmatic - Open Exchange,"6,914,209","1,315","$27,871.87 ",1006649,Thomas,1006649 | Pixel | Brand + DR | ESS01 | NA | US | Q2 2019 | Bonito,,6459
117,22443077,,,,,,,,,,,,,,,,,,,,,,,,,,,,,,,,,,,,,,,,,,,,,,,,,,,,,,,,,,,,,,,,,,,,,,,,,,,,,,,,,,,,,,,,Pixel Bonito US 2019 Q2 2019 North America - Brand,Q2,Video,NBC,Unknown,Direct Buy,"7,554,468","3,243","$179,171.50 ",1006649,Thomas,1006649 | Pixel | Brand + DR | ESS01 | NA | US | Q2 2019 | Bonito,,6459
118,22443077,,,,,,,,,,,,,,,,,,,,,,,,,,,,,,,,,,,,,,,,,,,,,,,,,,,,,,,,,,,,,,,,,,,,,,,,,,,,,,,,,,,,,,,,Pixel Bonito US 2019 Q2 2019 North America - Brand,Q2,Video,Fox Networks,Unknown,Direct Buy,"7,985,994",694,"$200,000.00 ",1006649,Thomas,1006649 | Pixel | Brand + DR | ESS01 | NA | US | Q2 2019 | Bonito,,6459
119,22443077,,,,,,,,,,,,,,,,,,,,,,,,,,,,,,,,,,,,,,,,,,,,,,,,,,,,,,,,,,,,,,,,,,,,,,,,,,,,,,,,,,,,,,,,Pixel Bonito US 2019 Q2 2019 North America - Brand,Q2,Video,ESPN,Unknown,Direct Buy,"8,235,014","14,837","$220,000.00 ",1006649,Thomas,1006649 | Pixel | Brand + DR | ESS01 | NA | US | Q2 2019 | Bonito,,6459
120,22443077,,,,,,,,,,,,,,,,,,,,,,,,,,,,,,,,,,,,,,,,,,,,,,,,,,,,,,,,,,,,,,,,,,,,,,,,,,,,,,,,,,,,,,,,Pixel Bonito US 2019 Q2 2019 North America - Brand,Q2,Display,Slickdeals,DBM,Programmatic - PMP,"8,515,746","2,795","$90,271.28 ",1006649,Thomas,1006649 | Pixel | Brand + DR | ESS01 | NA | US | Q2 2019 | Bonito,,6459
121,22443077,,,,,,,,,,,,,,,,,,,,,,,,,,,,,,,,,,,,,,,,,,,,,,,,,,,,,,,,,,,,,,,,,,,,,,,,,,,,,,,,,,,,,,,,Pixel Bonito US 2019 Q2 2019 North America - Brand,Q2,Video,Pandora,DBM,Programmatic - Guaranteed,"10,773,198","29,317","$223,346.41 ",1006649,Thomas,1006649 | Pixel | Brand + DR | ESS01 | NA | US | Q2 2019 | Bonito,,6459
122,22443077,,,,,,,,,,,,,,,,,,,,,,,,,,,,,,,,,,,,,,,,,,,,,,,,,,,,,,,,,,,,,,,,,,,,,,,,,,,,,,,,,,,,,,,,Pixel Bonito US 2019 Q2 2019 North America - Brand,Q2,Social,Univision,Unknown,Biddable,"10,997,205","60,771","$250,000.00 ",1006649,Thomas,1006649 | Pixel | Brand + DR | ESS01 | NA | US | Q2 2019 | Bonito,,6459
124,22443077,,,,,,,,,,,,,,,,,,,,,,,,,,,,,,,,,,,,,,,,,,,,,,,,,,,,,,,,,,,,,,,,,,,,,,,,,,,,,,,,,,,,,,,,Pixel Bonito US 2019 Q2 2019 North America - Brand,Q2,Display,Ziff Davis,DBM,Programmatic - Guaranteed,"11,845,261","5,143","$363,860.80 ",1006649,Thomas,1006649 | Pixel | Brand + DR | ESS01 | NA | US | Q2 2019 | Bonito,,6459
125,22443077,,,,,,,,,,,,,,,,,,,,,,,,,,,,,,,,,,,,,,,,,,,,,,,,,,,,,,,,,,,,,,,,,,,,,,,,,,,,,,,,,,,,,,,,Pixel Bonito US 2019 Q2 2019 North America - Brand,Q2,Display,CNET,DBM,Programmatic - Guaranteed,"19,401,876","25,227","$650,996.01 ",1006649,Thomas,1006649 | Pixel | Brand + DR | ESS01 | NA | US | Q2 2019 | Bonito,,6459
126,22443077,,,,,,,,,,,,,,,,,,,,,,,,,,,,,,,,,,,,,,,,,,,,,,,,,,,,,,,,,,,,,,,,,,,,,,,,,,,,,,,,,,,,,,,,Pixel Bonito US 2019 Q2 2019 North America - Brand,Q2,Video,Hulu,DBM,Programmatic - PMP,"19,981,382","22,081","$522,243.89 ",1006649,Thomas,1006649 | Pixel | Brand + DR | ESS01 | NA | US | Q2 2019 | Bonito,,6459
127,22443077,,,,,,,,,,,,,,,,,,,,,,,,,,,,,,,,,,,,,,,,,,,,,,,,,,,,,,,,,,,,,,,,,,,,,,,,,,,,,,,,,,,,,,,,Pixel Bonito US 2019 Q2 2019 North America - Brand,Q2,Display,Conde Nast,DBM,Programmatic - PMP,"24,504,735","19,966","$377,797.47 ",1006649,Thomas,1006649 | Pixel | Brand + DR | ESS01 | NA | US | Q2 2019 | Bonito,,6459
128,22443077,,,,,,,,,,,,,,,,,,,,,,,,,,,,,,,,,,,,,,,,,,,,,,,,,,,,,,,,,,,,,,,,,,,,,,,,,,,,,,,,,,,,,,,,Pixel Bonito US 2019 Q2 2019 North America - Brand,Q2,Display,BuzzFeed,DBM,Programmatic - Guaranteed,"25,855,477","8,614","$317,492.49 ",1006649,Thomas,1006649 | Pixel | Brand + DR | ESS01 | NA | US | Q2 2019 | Bonito,,6459
129,22443077,,,,,,,,,,,,,,,,,,,,,,,,,,,,,,,,,,,,,,,,,,,,,,,,,,,,,,,,,,,,,,,,,,,,,,,,,,,,,,,,,,,,,,,,Pixel Bonito US 2019 Q2 2019 North America - Brand,Q2,Display,triplelift.com,DBM,Programmatic - PMP,"35,661,667","88,984","$224,671.57 ",1006649,Thomas,1006649 | Pixel | Brand + DR | ESS01 | NA | US | Q2 2019 | Bonito,,6459
130,22443077,,,,,,,,,,,,,,,,,,,,,,,,,,,,,,,,,,,,,,,,,,,,,,,,,,,,,,,,,,,,,,,,,,,,,,,,,,,,,,,,,,,,,,,,Pixel Bonito US 2019 Q2 2019 North America - Brand,Q2,Display,NBA.com,Unknown,Direct Buy,"36,023,030","40,303","$538,000.00 ",1006649,Thomas,1006649 | Pixel | Brand + DR | ESS01 | NA | US | Q2 2019 | Bonito,,6459
131,22443077,,,,,,,,,,,,,,,,,,,,,,,,,,,,,,,,,,,,,,,,,,,,,,,,,,,,,,,,,,,,,,,,,,,,,,,,,,,,,,,,,,,,,,,,Pixel Bonito US 2019 Q2 2019 North America - Brand,Q2,Display,Fusion Media Group,DBM,Programmatic - Guaranteed,"36,467,868","17,470","$398,997.73 ",1006649,Thomas,1006649 | Pixel | Brand + DR | ESS01 | NA | US | Q2 2019 | Bonito,,6459
132,22443077,,,,,,,,,,,,,,,,,,,,,,,,,,,,,,,,,,,,,,,,,,,,,,,,,,,,,,,,,,,,,,,,,,,,,,,,,,,,,,,,,,,,,,,,Pixel Bonito US 2019 Q2 2019 North America - Brand,Q2,Display,Vox,DBM,Programmatic - Guaranteed,"37,439,042","20,532","$653,754.27 ",1006649,Thomas,1006649 | Pixel | Brand + DR | ESS01 | NA | US | Q2 2019 | Bonito,,6459
133,22443077,,,,,,,,,,,,,,,,,,,,,,,,,,,,,,,,,,,,,,,,,,,,,,,,,,,,,,,,,,,,,,,,,,,,,,,,,,,,,,,,,,,,,,,,Pixel Bonito US 2019 Q2 2019 North America - Brand,Q2,Social,Twitter - Official,Unknown,Direct Buy,"42,398,014","291,414","$720,000.00 ",1006649,Thomas,1006649 | Pixel | Brand + DR | ESS01 | NA | US | Q2 2019 | Bonito,,6459
134,22443077,,,,,,,,,,,,,,,,,,,,,,,,,,,,,,,,,,,,,,,,,,,,,,,,,,,,,,,,,,,,,,,,,,,,,,,,,,,,,,,,,,,,,,,,Pixel Bonito US 2019 Q2 2019 North America - Brand,Q2,Video,Open Exchange AdX,DBM,Programmatic - Open Exchange,"54,929,963","100,815","$547,422.59 ",1006649,Thomas,1006649 | Pixel | Brand + DR | ESS01 | NA | US | Q2 2019 | Bonito,,6459
135,22443077,,,,,,,,,,,,,,,,,,,,,,,,,,,,,,,,,,,,,,,,,,,,,,,,,,,,,,,,,,,,,,,,,,,,,,,,,,,,,,,,,,,,,,,,Pixel Bonito US 2019 Q2 2019 North America - Brand,Q2,Display,Open Exchange AdX,DBM,Programmatic - Open Exchange,"71,404,388","62,645","$259,315.13 ",1006649,Thomas,1006649 | Pixel | Brand + DR | ESS01 | NA | US | Q2 2019 | Bonito,,6459
136,22443077,,,,,,,,,,,,,,,,,,,,,,,,,,,,,,,,,,,,,,,,,,,,,,,,,,,,,,,,,,,,,,,,,,,,,,,,,,,,,,,,,,,,,,,,Pixel Bonito US 2019 Q2 2019 North America - Brand,Q2,Video,YouTube,DBM,Programmatic - Guaranteed,"99,215,623","170,858","$3,449,375.32 ",1006649,Thomas,1006649 | Pixel | Brand + DR | ESS01 | NA | US | Q2 2019 | Bonito,,6459
137,22443077,,,,,,,,,,,,,,,,,,,,,,,,,,,,,,,,,,,,,,,,,,,,,,,,,,,,,,,,,,,,,,,,,,,,,,,,,,,,,,,,,,,,,,,,Pixel Bonito US 2019 Q2 2019 North America - Brand,Q2,Video,YouTube,Unknown,Direct Buy,"135,586,464","200,923","$2,481,537.04 ",1006649,Thomas,1006649 | Pixel | Brand + DR | ESS01 | NA | US | Q2 2019 | Bonito,,6459
138,22443077,,,,,,,,,,,,,,,,,,,,,,,,,,,,,,,,,,,,,,,,,,,,,,,,,,,,,,,,,,,,,,,,,,,,,,,,,,,,,,,,,,,,,,,,Pixel Bonito US 2019 Q2 2019 North America - Brand,Q2,Video,YouTube,Unknown,Programmatic - Guaranteed,"366,029,777","379,393","$7,735,333.50 ",1006649,Thomas,1006649 | Pixel | Brand + DR | ESS01 | NA | US | Q2 2019 | Bonito,,6459
139,22443077,,,,,,,,,,,,,,,,,,,,,,,,,,,,,,,,,,,,,,,,,,,,,,,,,,,,,,,,,,,,,,,,,,,,,,,,,,,,,,,,,,,,,,,,Pixel Bonito US 2019 Q2 2019 North America - Brand,Q2,Display,YouTube,Unknown,Direct Buy,"485,824,986","100,536","$945,000.00 ",1006649,Thomas,1006649 | Pixel | Brand + DR | ESS01 | NA | US | Q2 2019 | Bonito,,6459
140,22096007,,,,,,,,,,,,,,,,,,,,,,,,,,,,,,,,,,,,,,,,,,,,,,,,,,,,,,,,,,,,,,,,,,,,,,,,,,,,,,,,,,,,,,,,Pixel US '18/19 Q1 2019 North America - Brand,Q1,Video,USA Today,DBM,Programmatic - Guaranteed,"1,870,981","4,241","$44,903.54 ",1005584,,1005584 | Pixel | Brand + DR | ESS01 | NA | US | Q1 2019 | Pixel 3.0,,5815
141,22096007,,,,,,,,,,,,,,,,,,,,,,,,,,,,,,,,,,,,,,,,,,,,,,,,,,,,,,,,,,,,,,,,,,,,,,,,,,,,,,,,,,,,,,,,Pixel US '18/19 Q1 2019 North America - Brand,Q1,Video,Spotify,DBM,Programmatic - Guaranteed,"4,065,251","10,779","$200,010.31 ",1005584,,1005584 | Pixel | Brand + DR | ESS01 | NA | US | Q1 2019 | Pixel 3.0,,5815
142,22096007,,,,,,,,,,,,,,,,,,,,,,,,,,,,,,,,,,,,,,,,,,,,,,,,,,,,,,,,,,,,,,,,,,,,,,,,,,,,,,,,,,,,,,,,Pixel US '18/19 Q1 2019 North America - Brand,Q1,Display,Rolling Stone,Unknown,Direct Buy,"5,089,605","4,210","$100,000.00 ",1005584,,1005584 | Pixel | Brand + DR | ESS01 | NA | US | Q1 2019 | Pixel 3.0,,5815
143,22096007,,,,,,,,,,,,,,,,,,,,,,,,,,,,,,,,,,,,,,,,,,,,,,,,,,,,,,,,,,,,,,,,,,,,,,,,,,,,,,,,,,,,,,,,Pixel US '18/19 Q1 2019 North America - Brand,Q1,Video,Open Exchange AdX,DBM,Programmatic - Open Exchange,"24,111,751","195,362","$921,461.87 ",1005584,,1005584 | Pixel | Brand + DR | ESS01 | NA | US | Q1 2019 | Pixel 3.0,,5815
144,22096007,,,,,,,,,,,,,,,,,,,,,,,,,,,,,,,,,,,,,,,,,,,,,,,,,,,,,,,,,,,,,,,,,,,,,,,,,,,,,,,,,,,,,,,,Pixel US '18/19 Q1 2019 North America - Brand,Q1,Video,YouTube,DBM,Programmatic - Guaranteed,"31,248,682","31,774","$598,229.82 ",1005584,,1005584 | Pixel | Brand + DR | ESS01 | NA | US | Q1 2019 | Pixel 3.0,,5815
145,22096007,,,,,,,,,,,,,,,,,,,,,,,,,,,,,,,,,,,,,,,,,,,,,,,,,,,,,,,,,,,,,,,,,,,,,,,,,,,,,,,,,,,,,,,,Pixel US '18/19 Q1 2019 North America - Brand,Q1,Display,Giphy,Unknown,Direct Buy,"50,471,336",0,"$500,000.00 ",1005584,,1005584 | Pixel | Brand + DR | ESS01 | NA | US | Q1 2019 | Pixel 3.0,,5815
146,22096007,,,,,,,,,,,,,,,,,,,,,,,,,,,,,,,,,,,,,,,,,,,,,,,,,,,,,,,,,,,,,,,,,,,,,,,,,,,,,,,,,,,,,,,,Pixel US '18/19 Q1 2019 North America - Brand,Q1,Social,Twitter - Official,Unknown,Direct Buy,0,0,"$400,000.00 ",1005584,,1005584 | Pixel | Brand + DR | ESS01 | NA | US | Q1 2019 | Pixel 3.0,,5815
