,DCM_Id,Olive_Plan_Id,questioncategory,question,study_start_date,study_end_date,primarygoal,mia_campaign_cost,mia_campaign_imps,mia_study_cost,mia_study_imps_exp,mia_study_imps_con,hyb_campaign_cost,hyb_campaign_imps,hyb_study_cost,hyb_study_imps_exp,hyb_study_imps_con,mbl_campaign_cost,mbl_campaign_imps,mbl_study_cost,mbl_study_imps_exp,mbl_study_imps_con,mwb_campaign_cost,mwb_campaign_imps,mwb_study_cost,mwb_study_imps_exp,mwb_study_imps_con,mobile_campaign_imps,mobile_study_cost,mobile_study_imps_exp,mobile_study_imps_con,dsk_campaign_reach,mwb_campaign_reach,mwb_vid_campaign_reach,mwb_bnr_campaign_reach,mbl_campaign_reach,mbl_vid_campaign_reach,mbl_bnr_campaign_reach,mia_campaign_reach,mia_vid_campaign_reach,mia_bnr_campaign_reach,hyb_campaign_reach,hyb_vid_campaign_reach,hyb_bnr_campaign_reach,mwb_obsrvd_abs_lift,mwb_vid_obsrvd_abs_lift,mwb_bnr_obsrvd_abs_lift,mbl_obsrvd_abs_lift,mbl_vid_obsrvd_abs_lift,mbl_bnr_obsrvd_abs_lift,mia_obsrvd_abs_lift,mia_vid_obsrvd_abs_lift,mia_bnr_obsrvd_abs_lift,hyb_obsrvd_abs_lift,hyb_vid_obsrvd_abs_lift,hyb_bnr_obsrvd_abs_lift,mwb_significance,mwb_vid_significance,mwb_bnr_significance,mbl_significance,mbl_vid_significance,mbl_bnr_significance,mia_significance,mia_vid_significance,mia_bnr_significance,hyb_significance,hyb_vid_significance,hyb_bnr_significance,mobile_route,total_mobile_user,success,Olive Plan Name,Quarter,Channel,Impressions,Clicks,Spend,Mrf_Id,MMG,DCM_Campaign_Name,map,olive
0,22290676,"6130,6477,5811",Aided awareness,0.0,2/13/2019,4/5/2019,True,0.0,0.0,0.0,0.0,0.0,,,,,,,,,,,272366.2447,72200000.0,0.294876,36.0,420.0,72200000.0,0.294876,36.0,420.0,44300000.0,8678826.0,,7162250.0,,,,85200000.0,85200000.0,85200000.0,,,,0.029435483999999998,,0.047636927,,,,-0.0014963029999999998,0.004315729,-0.010693248999999998,,,,No lift,,No lift,,,,No lift,No lift,No lift,,,,No Lift,No Lift,No,Project Fi NA Q1 2019 United States - Brand,Q1,Display,196999026.0,196608.0,132141332.0,1006296,Marvin,1006296 + 1004502 | Google Fi | Brand + DR | ESS01 | NA | United States | Q1 2019 | Re-Brand,"6130,6477,5811",6130
1,22290676,"6130,6477,5811",Consideration,1.0,2/13/2019,4/5/2019,False,0.0,0.0,0.0,0.0,0.0,,,,,,,,,,,272366.2447,72200000.0,0.294876,36.0,240.0,72200000.0,0.294876,36.0,240.0,44300000.0,8678826.0,,7162250.0,,,,85200000.0,85200000.0,85200000.0,,,,0.065120968,,0.071666588,,,,0.008438231,0.016023392,-0.003743109,,,,Directional lift,,Directional lift,,,,No lift,Significant lift,No lift,,,,MWB Device Level,565173.548,Sucessful,Project Fi NA Q1 2019 United States - Brand,Q1,Display,196999026.0,196608.0,132141332.0,1006296,Marvin,1006296 + 1004502 | Google Fi | Brand + DR | ESS01 | NA | United States | Q1 2019 | Re-Brand,"6130,6477,5811",6130
2,22290676,"6130,6477,5811",Feature recall,2.0,2/13/2019,4/5/2019,False,0.0,0.0,0.0,0.0,0.0,,,,,,,,,,,272366.2447,72200000.0,0.049145999999999995,6.0,240.0,72200000.0,0.049145999999999995,6.0,240.0,44300000.0,8678826.0,,7162250.0,,,,85200000.0,85200000.0,85200000.0,,,,0.096225319,,0.080561614,,,,0.003959013,0.014280083999999998,-0.012732021999999999,,,,Directional lift,,Directional lift,,,,No lift,No lift,No lift,,,,MWB Device Level,835122.8038,Sucessful,Project Fi NA Q1 2019 United States - Brand,Q1,Display,196999026.0,196608.0,132141332.0,1006296,Marvin,1006296 + 1004502 | Google Fi | Brand + DR | ESS01 | NA | United States | Q1 2019 | Re-Brand,"6130,6477,5811",6130
3,22290676,"6130,6477,5811",Other,3.0,2/13/2019,4/5/2019,False,0.0,0.0,0.0,0.0,0.0,,,,,,,,,,,272366.2447,72200000.0,0.049145999999999995,6.0,60.0,72200000.0,0.049145999999999995,6.0,60.0,44300000.0,8678826.0,,7162250.0,,,,85200000.0,85200000.0,85200000.0,,,,-0.007843137,,-0.020082352,,,,0.011371388,0.0046547970000000004,0.022193805,,,,No lift,,No lift,,,,No lift,No lift,No lift,,,,No Lift,No Lift,No,Project Fi NA Q1 2019 United States - Brand,Q1,Display,196999026.0,196608.0,132141332.0,1006296,Marvin,1006296 + 1004502 | Google Fi | Brand + DR | ESS01 | NA | United States | Q1 2019 | Re-Brand,"6130,6477,5811",6130
4,22290676,"6130,6477,5811",Aided awareness,0.0,2/13/2019,4/5/2019,True,0.0,0.0,0.0,0.0,0.0,,,,,,,,,,,272366.2447,72200000.0,0.294876,36.0,420.0,72200000.0,0.294876,36.0,420.0,44300000.0,8678826.0,,7162250.0,,,,85200000.0,85200000.0,85200000.0,,,,0.029435483999999998,,0.047636927,,,,-0.0014963029999999998,0.004315729,-0.010693248999999998,,,,No lift,,No lift,,,,No lift,No lift,No lift,,,,No Lift,No Lift,No,Project Fi NA Q1 2019 United States - Brand,Q1,Video,324995175.0,887437.0,562316398.0,1006296,Marvin,1006296 + 1004502 | Google Fi | Brand + DR | ESS01 | NA | United States | Q1 2019 | Re-Brand,"6130,6477,5811",6130
5,22290676,"6130,6477,5811",Consideration,1.0,2/13/2019,4/5/2019,False,0.0,0.0,0.0,0.0,0.0,,,,,,,,,,,272366.2447,72200000.0,0.294876,36.0,240.0,72200000.0,0.294876,36.0,240.0,44300000.0,8678826.0,,7162250.0,,,,85200000.0,85200000.0,85200000.0,,,,0.065120968,,0.071666588,,,,0.008438231,0.016023392,-0.003743109,,,,Directional lift,,Directional lift,,,,No lift,Significant lift,No lift,,,,MWB Device Level,565173.548,Sucessful,Project Fi NA Q1 2019 United States - Brand,Q1,Video,324995175.0,887437.0,562316398.0,1006296,Marvin,1006296 + 1004502 | Google Fi | Brand + DR | ESS01 | NA | United States | Q1 2019 | Re-Brand,"6130,6477,5811",6130
6,22290676,"6130,6477,5811",Feature recall,2.0,2/13/2019,4/5/2019,False,0.0,0.0,0.0,0.0,0.0,,,,,,,,,,,272366.2447,72200000.0,0.049145999999999995,6.0,240.0,72200000.0,0.049145999999999995,6.0,240.0,44300000.0,8678826.0,,7162250.0,,,,85200000.0,85200000.0,85200000.0,,,,0.096225319,,0.080561614,,,,0.003959013,0.014280083999999998,-0.012732021999999999,,,,Directional lift,,Directional lift,,,,No lift,No lift,No lift,,,,MWB Device Level,835122.8038,Sucessful,Project Fi NA Q1 2019 United States - Brand,Q1,Video,324995175.0,887437.0,562316398.0,1006296,Marvin,1006296 + 1004502 | Google Fi | Brand + DR | ESS01 | NA | United States | Q1 2019 | Re-Brand,"6130,6477,5811",6130
7,22290676,"6130,6477,5811",Other,3.0,2/13/2019,4/5/2019,False,0.0,0.0,0.0,0.0,0.0,,,,,,,,,,,272366.2447,72200000.0,0.049145999999999995,6.0,60.0,72200000.0,0.049145999999999995,6.0,60.0,44300000.0,8678826.0,,7162250.0,,,,85200000.0,85200000.0,85200000.0,,,,-0.007843137,,-0.020082352,,,,0.011371388,0.0046547970000000004,0.022193805,,,,No lift,,No lift,,,,No lift,No lift,No lift,,,,No Lift,No Lift,No,Project Fi NA Q1 2019 United States - Brand,Q1,Video,324995175.0,887437.0,562316398.0,1006296,Marvin,1006296 + 1004502 | Google Fi | Brand + DR | ESS01 | NA | United States | Q1 2019 | Re-Brand,"6130,6477,5811",6130
8,22437524,"6380,6327",Other,0.0,3/14/2019,5/9/2019,False,0.0,0.0,0.0,0.0,0.0,,,,,,,,,,,187091.6459,77700000.0,2.048299,1546.0,1174.0,77700000.0,2.048299,1546.0,1174.0,8620850.0,15300000.0,5156208.0,10400000.0,,,,127000000.0,127000000.0,127000000.0,,,,-0.008749357,0.25,-0.008749357,,,,-0.022616774,-0.012462921,-0.031199578,,,,No lift,Sample size too small,No lift,,,,No lift,No lift,No lift,,,,No Lift,No Lift,No,Google Helpfulness NA 2019 Q1-Q3 North America,Q1,Display,2630138.0,2617.0,24646177.0,1005537,Jeff,1005537 | Brand | BR | ESS01 | NA | US | 2019 | Helpfulness,"6380,6327",6327
9,22437524,"6380,6327",Usage intent,1.0,3/14/2019,5/9/2019,False,0.0,0.0,0.0,0.0,0.0,,,,,,,,,,,187091.6459,77700000.0,3.08659,2038.0,1484.0,77700000.0,3.08659,2038.0,1484.0,8620850.0,15300000.0,5156208.0,10400000.0,,,,127000000.0,127000000.0,127000000.0,,,,-0.028306742000000003,0.333333333,-0.028306742000000003,,,,-0.006421238,-0.027823813,0.010828475,,,,No lift,Sample size too small,No lift,,,,No lift,No lift,No lift,,,,No Lift,No Lift,No,Google Helpfulness NA 2019 Q1-Q3 North America,Q1,Display,2630138.0,2617.0,24646177.0,1005537,Jeff,1005537 | Brand | BR | ESS01 | NA | US | 2019 | Helpfulness,"6380,6327",6327
10,22437524,"6380,6327",Usage intent,2.0,4/11/2019,5/15/2019,False,0.0,0.0,0.0,0.0,0.0,,,,,,,,,,,187091.6459,77700000.0,3.3628910000000003,2050.0,2356.0,77700000.0,3.3628910000000003,2050.0,2356.0,8620850.0,15300000.0,5156208.0,10400000.0,,,,127000000.0,127000000.0,127000000.0,,,,-0.020945946,0.0,-0.020945946,,,,-0.009515862,0.0019694870000000002,-0.020966637,,,,No lift*,Sample size too small,No lift*,,,,No lift,No lift,No lift,,,,No Lift,No Lift,No,Google Helpfulness NA 2019 Q1-Q3 North America,Q1,Display,2630138.0,2617.0,24646177.0,1005537,Jeff,1005537 | Brand | BR | ESS01 | NA | US | 2019 | Helpfulness,"6380,6327",6327
11,22437524,"6380,6327",Other,3.0,3/14/2019,5/9/2019,False,0.0,0.0,0.0,0.0,0.0,,,,,,,,,,,187091.6459,77700000.0,1.238237,896.0,684.0,77700000.0,1.238237,896.0,684.0,8620850.0,15300000.0,5156208.0,10400000.0,,,,127000000.0,127000000.0,127000000.0,,,,0.06428571400000001,0.125,0.06428571400000001,,,,0.005811925,0.006731715,0.0035830429999999997,,,,No lift*,Sample size too small,No lift*,,,,No lift,No lift,No lift,,,,No Lift,No Lift,No,Google Helpfulness NA 2019 Q1-Q3 North America,Q1,Display,2630138.0,2617.0,24646177.0,1005537,Jeff,1005537 | Brand | BR | ESS01 | NA | US | 2019 | Helpfulness,"6380,6327",6327
12,22437524,"6380,6327",Favourability,4.0,3/14/2019,5/9/2019,False,0.0,0.0,0.0,0.0,0.0,,,,,,,,,,,187091.6459,77700000.0,1.2201950000000001,868.0,668.0,77700000.0,1.2201950000000001,868.0,668.0,8620850.0,15300000.0,5156208.0,10400000.0,,,,127000000.0,127000000.0,127000000.0,,,,0.012066365,0.375,0.012066365,,,,-0.052637526,-0.041089192999999996,-0.063980019,,,,No lift*,Sample size too small,No lift*,,,,Negative impact,No lift,Negative impact,,,,No Lift,No Lift,No,Google Helpfulness NA 2019 Q1-Q3 North America,Q1,Display,2630138.0,2617.0,24646177.0,1005537,Jeff,1005537 | Brand | BR | ESS01 | NA | US | 2019 | Helpfulness,"6380,6327",6327
13,22437524,"6380,6327",Other,5.0,3/14/2019,5/9/2019,False,0.0,0.0,0.0,0.0,0.0,,,,,,,,,,,187091.6459,77700000.0,1.1894069999999999,798.0,668.0,77700000.0,1.1894069999999999,798.0,668.0,8620850.0,15300000.0,5156208.0,10400000.0,,,,127000000.0,127000000.0,127000000.0,,,,0.047694754000000006,-0.214285714,0.047694754000000006,,,,-0.030824215,-0.007216215,-0.05299517,,,,No lift*,Sample size too small,No lift*,,,,No lift,No lift,Negative impact,,,,No Lift,No Lift,No,Google Helpfulness NA 2019 Q1-Q3 North America,Q1,Display,2630138.0,2617.0,24646177.0,1005537,Jeff,1005537 | Brand | BR | ESS01 | NA | US | 2019 | Helpfulness,"6380,6327",6327
14,22437524,"6380,6327",Other,0.0,3/14/2019,5/9/2019,False,0.0,0.0,0.0,0.0,0.0,,,,,,,,,,,187091.6459,77700000.0,2.048299,1546.0,1174.0,77700000.0,2.048299,1546.0,1174.0,8620850.0,15300000.0,5156208.0,10400000.0,,,,127000000.0,127000000.0,127000000.0,,,,-0.008749357,0.25,-0.008749357,,,,-0.022616774,-0.012462921,-0.031199578,,,,No lift,Sample size too small,No lift,,,,No lift,No lift,No lift,,,,No Lift,No Lift,No,Google Helpfulness NA 2019 Q1-Q3 North America,Q1,Video,5002079.0,14344.0,12706663.0,1005537,Jeff,1005537 | Brand | BR | ESS01 | NA | US | 2019 | Helpfulness,"6380,6327",6327
15,22437524,"6380,6327",Usage intent,1.0,3/14/2019,5/9/2019,False,0.0,0.0,0.0,0.0,0.0,,,,,,,,,,,187091.6459,77700000.0,3.08659,2038.0,1484.0,77700000.0,3.08659,2038.0,1484.0,8620850.0,15300000.0,5156208.0,10400000.0,,,,127000000.0,127000000.0,127000000.0,,,,-0.028306742000000003,0.333333333,-0.028306742000000003,,,,-0.006421238,-0.027823813,0.010828475,,,,No lift,Sample size too small,No lift,,,,No lift,No lift,No lift,,,,No Lift,No Lift,No,Google Helpfulness NA 2019 Q1-Q3 North America,Q1,Video,5002079.0,14344.0,12706663.0,1005537,Jeff,1005537 | Brand | BR | ESS01 | NA | US | 2019 | Helpfulness,"6380,6327",6327
16,22437524,"6380,6327",Usage intent,2.0,4/11/2019,5/15/2019,False,0.0,0.0,0.0,0.0,0.0,,,,,,,,,,,187091.6459,77700000.0,3.3628910000000003,2050.0,2356.0,77700000.0,3.3628910000000003,2050.0,2356.0,8620850.0,15300000.0,5156208.0,10400000.0,,,,127000000.0,127000000.0,127000000.0,,,,-0.020945946,0.0,-0.020945946,,,,-0.009515862,0.0019694870000000002,-0.020966637,,,,No lift*,Sample size too small,No lift*,,,,No lift,No lift,No lift,,,,No Lift,No Lift,No,Google Helpfulness NA 2019 Q1-Q3 North America,Q1,Video,5002079.0,14344.0,12706663.0,1005537,Jeff,1005537 | Brand | BR | ESS01 | NA | US | 2019 | Helpfulness,"6380,6327",6327
17,22437524,"6380,6327",Other,3.0,3/14/2019,5/9/2019,False,0.0,0.0,0.0,0.0,0.0,,,,,,,,,,,187091.6459,77700000.0,1.238237,896.0,684.0,77700000.0,1.238237,896.0,684.0,8620850.0,15300000.0,5156208.0,10400000.0,,,,127000000.0,127000000.0,127000000.0,,,,0.06428571400000001,0.125,0.06428571400000001,,,,0.005811925,0.006731715,0.0035830429999999997,,,,No lift*,Sample size too small,No lift*,,,,No lift,No lift,No lift,,,,No Lift,No Lift,No,Google Helpfulness NA 2019 Q1-Q3 North America,Q1,Video,5002079.0,14344.0,12706663.0,1005537,Jeff,1005537 | Brand | BR | ESS01 | NA | US | 2019 | Helpfulness,"6380,6327",6327
18,22437524,"6380,6327",Favourability,4.0,3/14/2019,5/9/2019,False,0.0,0.0,0.0,0.0,0.0,,,,,,,,,,,187091.6459,77700000.0,1.2201950000000001,868.0,668.0,77700000.0,1.2201950000000001,868.0,668.0,8620850.0,15300000.0,5156208.0,10400000.0,,,,127000000.0,127000000.0,127000000.0,,,,0.012066365,0.375,0.012066365,,,,-0.052637526,-0.041089192999999996,-0.063980019,,,,No lift*,Sample size too small,No lift*,,,,Negative impact,No lift,Negative impact,,,,No Lift,No Lift,No,Google Helpfulness NA 2019 Q1-Q3 North America,Q1,Video,5002079.0,14344.0,12706663.0,1005537,Jeff,1005537 | Brand | BR | ESS01 | NA | US | 2019 | Helpfulness,"6380,6327",6327
19,22437524,"6380,6327",Other,5.0,3/14/2019,5/9/2019,False,0.0,0.0,0.0,0.0,0.0,,,,,,,,,,,187091.6459,77700000.0,1.1894069999999999,798.0,668.0,77700000.0,1.1894069999999999,798.0,668.0,8620850.0,15300000.0,5156208.0,10400000.0,,,,127000000.0,127000000.0,127000000.0,,,,0.047694754000000006,-0.214285714,0.047694754000000006,,,,-0.030824215,-0.007216215,-0.05299517,,,,No lift*,Sample size too small,No lift*,,,,No lift,No lift,Negative impact,,,,No Lift,No Lift,No,Google Helpfulness NA 2019 Q1-Q3 North America,Q1,Video,5002079.0,14344.0,12706663.0,1005537,Jeff,1005537 | Brand | BR | ESS01 | NA | US | 2019 | Helpfulness,"6380,6327",6327
20,22437524,"6380,6327",Other,0.0,3/14/2019,5/9/2019,False,0.0,0.0,0.0,0.0,0.0,,,,,,,,,,,187091.6459,77700000.0,2.048299,1546.0,1174.0,77700000.0,2.048299,1546.0,1174.0,8620850.0,15300000.0,5156208.0,10400000.0,,,,127000000.0,127000000.0,127000000.0,,,,-0.008749357,0.25,-0.008749357,,,,-0.022616774,-0.012462921,-0.031199578,,,,No lift,Sample size too small,No lift,,,,No lift,No lift,No lift,,,,No Lift,No Lift,No,Google Helpfulness NA 2019 Q1-Q3 North America,Q2,Display,13685899.0,11082.0,27478612.0,1005537,Jeff,1005537 | Brand | BR | ESS01 | NA | US | 2019 | Helpfulness,"6380,6327",6327
21,22437524,"6380,6327",Usage intent,1.0,3/14/2019,5/9/2019,False,0.0,0.0,0.0,0.0,0.0,,,,,,,,,,,187091.6459,77700000.0,3.08659,2038.0,1484.0,77700000.0,3.08659,2038.0,1484.0,8620850.0,15300000.0,5156208.0,10400000.0,,,,127000000.0,127000000.0,127000000.0,,,,-0.028306742000000003,0.333333333,-0.028306742000000003,,,,-0.006421238,-0.027823813,0.010828475,,,,No lift,Sample size too small,No lift,,,,No lift,No lift,No lift,,,,No Lift,No Lift,No,Google Helpfulness NA 2019 Q1-Q3 North America,Q2,Display,13685899.0,11082.0,27478612.0,1005537,Jeff,1005537 | Brand | BR | ESS01 | NA | US | 2019 | Helpfulness,"6380,6327",6327
22,22437524,"6380,6327",Usage intent,2.0,4/11/2019,5/15/2019,False,0.0,0.0,0.0,0.0,0.0,,,,,,,,,,,187091.6459,77700000.0,3.3628910000000003,2050.0,2356.0,77700000.0,3.3628910000000003,2050.0,2356.0,8620850.0,15300000.0,5156208.0,10400000.0,,,,127000000.0,127000000.0,127000000.0,,,,-0.020945946,0.0,-0.020945946,,,,-0.009515862,0.0019694870000000002,-0.020966637,,,,No lift*,Sample size too small,No lift*,,,,No lift,No lift,No lift,,,,No Lift,No Lift,No,Google Helpfulness NA 2019 Q1-Q3 North America,Q2,Display,13685899.0,11082.0,27478612.0,1005537,Jeff,1005537 | Brand | BR | ESS01 | NA | US | 2019 | Helpfulness,"6380,6327",6327
23,22437524,"6380,6327",Other,3.0,3/14/2019,5/9/2019,False,0.0,0.0,0.0,0.0,0.0,,,,,,,,,,,187091.6459,77700000.0,1.238237,896.0,684.0,77700000.0,1.238237,896.0,684.0,8620850.0,15300000.0,5156208.0,10400000.0,,,,127000000.0,127000000.0,127000000.0,,,,0.06428571400000001,0.125,0.06428571400000001,,,,0.005811925,0.006731715,0.0035830429999999997,,,,No lift*,Sample size too small,No lift*,,,,No lift,No lift,No lift,,,,No Lift,No Lift,No,Google Helpfulness NA 2019 Q1-Q3 North America,Q2,Display,13685899.0,11082.0,27478612.0,1005537,Jeff,1005537 | Brand | BR | ESS01 | NA | US | 2019 | Helpfulness,"6380,6327",6327
24,22437524,"6380,6327",Favourability,4.0,3/14/2019,5/9/2019,False,0.0,0.0,0.0,0.0,0.0,,,,,,,,,,,187091.6459,77700000.0,1.2201950000000001,868.0,668.0,77700000.0,1.2201950000000001,868.0,668.0,8620850.0,15300000.0,5156208.0,10400000.0,,,,127000000.0,127000000.0,127000000.0,,,,0.012066365,0.375,0.012066365,,,,-0.052637526,-0.041089192999999996,-0.063980019,,,,No lift*,Sample size too small,No lift*,,,,Negative impact,No lift,Negative impact,,,,No Lift,No Lift,No,Google Helpfulness NA 2019 Q1-Q3 North America,Q2,Display,13685899.0,11082.0,27478612.0,1005537,Jeff,1005537 | Brand | BR | ESS01 | NA | US | 2019 | Helpfulness,"6380,6327",6327
25,22437524,"6380,6327",Other,5.0,3/14/2019,5/9/2019,False,0.0,0.0,0.0,0.0,0.0,,,,,,,,,,,187091.6459,77700000.0,1.1894069999999999,798.0,668.0,77700000.0,1.1894069999999999,798.0,668.0,8620850.0,15300000.0,5156208.0,10400000.0,,,,127000000.0,127000000.0,127000000.0,,,,0.047694754000000006,-0.214285714,0.047694754000000006,,,,-0.030824215,-0.007216215,-0.05299517,,,,No lift*,Sample size too small,No lift*,,,,No lift,No lift,Negative impact,,,,No Lift,No Lift,No,Google Helpfulness NA 2019 Q1-Q3 North America,Q2,Display,13685899.0,11082.0,27478612.0,1005537,Jeff,1005537 | Brand | BR | ESS01 | NA | US | 2019 | Helpfulness,"6380,6327",6327
26,22437524,"6380,6327",Other,0.0,3/14/2019,5/9/2019,False,0.0,0.0,0.0,0.0,0.0,,,,,,,,,,,187091.6459,77700000.0,2.048299,1546.0,1174.0,77700000.0,2.048299,1546.0,1174.0,8620850.0,15300000.0,5156208.0,10400000.0,,,,127000000.0,127000000.0,127000000.0,,,,-0.008749357,0.25,-0.008749357,,,,-0.022616774,-0.012462921,-0.031199578,,,,No lift,Sample size too small,No lift,,,,No lift,No lift,No lift,,,,No Lift,No Lift,No,Google Helpfulness NA 2019 Q1-Q3 North America,Q2,Video,45295670.0,106869.0,68382127.0,1005537,Jeff,1005537 | Brand | BR | ESS01 | NA | US | 2019 | Helpfulness,"6380,6327",6327
27,22437524,"6380,6327",Usage intent,1.0,3/14/2019,5/9/2019,False,0.0,0.0,0.0,0.0,0.0,,,,,,,,,,,187091.6459,77700000.0,3.08659,2038.0,1484.0,77700000.0,3.08659,2038.0,1484.0,8620850.0,15300000.0,5156208.0,10400000.0,,,,127000000.0,127000000.0,127000000.0,,,,-0.028306742000000003,0.333333333,-0.028306742000000003,,,,-0.006421238,-0.027823813,0.010828475,,,,No lift,Sample size too small,No lift,,,,No lift,No lift,No lift,,,,No Lift,No Lift,No,Google Helpfulness NA 2019 Q1-Q3 North America,Q2,Video,45295670.0,106869.0,68382127.0,1005537,Jeff,1005537 | Brand | BR | ESS01 | NA | US | 2019 | Helpfulness,"6380,6327",6327
28,22437524,"6380,6327",Usage intent,2.0,4/11/2019,5/15/2019,False,0.0,0.0,0.0,0.0,0.0,,,,,,,,,,,187091.6459,77700000.0,3.3628910000000003,2050.0,2356.0,77700000.0,3.3628910000000003,2050.0,2356.0,8620850.0,15300000.0,5156208.0,10400000.0,,,,127000000.0,127000000.0,127000000.0,,,,-0.020945946,0.0,-0.020945946,,,,-0.009515862,0.0019694870000000002,-0.020966637,,,,No lift*,Sample size too small,No lift*,,,,No lift,No lift,No lift,,,,No Lift,No Lift,No,Google Helpfulness NA 2019 Q1-Q3 North America,Q2,Video,45295670.0,106869.0,68382127.0,1005537,Jeff,1005537 | Brand | BR | ESS01 | NA | US | 2019 | Helpfulness,"6380,6327",6327
29,22437524,"6380,6327",Other,3.0,3/14/2019,5/9/2019,False,0.0,0.0,0.0,0.0,0.0,,,,,,,,,,,187091.6459,77700000.0,1.238237,896.0,684.0,77700000.0,1.238237,896.0,684.0,8620850.0,15300000.0,5156208.0,10400000.0,,,,127000000.0,127000000.0,127000000.0,,,,0.06428571400000001,0.125,0.06428571400000001,,,,0.005811925,0.006731715,0.0035830429999999997,,,,No lift*,Sample size too small,No lift*,,,,No lift,No lift,No lift,,,,No Lift,No Lift,No,Google Helpfulness NA 2019 Q1-Q3 North America,Q2,Video,45295670.0,106869.0,68382127.0,1005537,Jeff,1005537 | Brand | BR | ESS01 | NA | US | 2019 | Helpfulness,"6380,6327",6327
30,22437524,"6380,6327",Favourability,4.0,3/14/2019,5/9/2019,False,0.0,0.0,0.0,0.0,0.0,,,,,,,,,,,187091.6459,77700000.0,1.2201950000000001,868.0,668.0,77700000.0,1.2201950000000001,868.0,668.0,8620850.0,15300000.0,5156208.0,10400000.0,,,,127000000.0,127000000.0,127000000.0,,,,0.012066365,0.375,0.012066365,,,,-0.052637526,-0.041089192999999996,-0.063980019,,,,No lift*,Sample size too small,No lift*,,,,Negative impact,No lift,Negative impact,,,,No Lift,No Lift,No,Google Helpfulness NA 2019 Q1-Q3 North America,Q2,Video,45295670.0,106869.0,68382127.0,1005537,Jeff,1005537 | Brand | BR | ESS01 | NA | US | 2019 | Helpfulness,"6380,6327",6327
31,22437524,"6380,6327",Other,5.0,3/14/2019,5/9/2019,False,0.0,0.0,0.0,0.0,0.0,,,,,,,,,,,187091.6459,77700000.0,1.1894069999999999,798.0,668.0,77700000.0,1.1894069999999999,798.0,668.0,8620850.0,15300000.0,5156208.0,10400000.0,,,,127000000.0,127000000.0,127000000.0,,,,0.047694754000000006,-0.214285714,0.047694754000000006,,,,-0.030824215,-0.007216215,-0.05299517,,,,No lift*,Sample size too small,No lift*,,,,No lift,No lift,Negative impact,,,,No Lift,No Lift,No,Google Helpfulness NA 2019 Q1-Q3 North America,Q2,Video,45295670.0,106869.0,68382127.0,1005537,Jeff,1005537 | Brand | BR | ESS01 | NA | US | 2019 | Helpfulness,"6380,6327",6327
32,22437524,"6380,6327",Other,0.0,3/14/2019,5/9/2019,False,0.0,0.0,0.0,0.0,0.0,,,,,,,,,,,187091.6459,77700000.0,2.048299,1546.0,1174.0,77700000.0,2.048299,1546.0,1174.0,8620850.0,15300000.0,5156208.0,10400000.0,,,,127000000.0,127000000.0,127000000.0,,,,-0.008749357,0.25,-0.008749357,,,,-0.022616774,-0.012462921,-0.031199578,,,,No lift,Sample size too small,No lift,,,,No lift,No lift,No lift,,,,No Lift,No Lift,No,Multi App NA Q2-Q3 2019 North America,Q2,Display,748929816.0,2850848.0,335075320.0,1006293,Marvin,1005537 | Brand | BR | ESS01 | NA | US | 2019 | Helpfulness,"6380,6327",6380
33,22437524,"6380,6327",Usage intent,1.0,3/14/2019,5/9/2019,False,0.0,0.0,0.0,0.0,0.0,,,,,,,,,,,187091.6459,77700000.0,3.08659,2038.0,1484.0,77700000.0,3.08659,2038.0,1484.0,8620850.0,15300000.0,5156208.0,10400000.0,,,,127000000.0,127000000.0,127000000.0,,,,-0.028306742000000003,0.333333333,-0.028306742000000003,,,,-0.006421238,-0.027823813,0.010828475,,,,No lift,Sample size too small,No lift,,,,No lift,No lift,No lift,,,,No Lift,No Lift,No,Multi App NA Q2-Q3 2019 North America,Q2,Display,748929816.0,2850848.0,335075320.0,1006293,Marvin,1005537 | Brand | BR | ESS01 | NA | US | 2019 | Helpfulness,"6380,6327",6380
34,22437524,"6380,6327",Usage intent,2.0,4/11/2019,5/15/2019,False,0.0,0.0,0.0,0.0,0.0,,,,,,,,,,,187091.6459,77700000.0,3.3628910000000003,2050.0,2356.0,77700000.0,3.3628910000000003,2050.0,2356.0,8620850.0,15300000.0,5156208.0,10400000.0,,,,127000000.0,127000000.0,127000000.0,,,,-0.020945946,0.0,-0.020945946,,,,-0.009515862,0.0019694870000000002,-0.020966637,,,,No lift*,Sample size too small,No lift*,,,,No lift,No lift,No lift,,,,No Lift,No Lift,No,Multi App NA Q2-Q3 2019 North America,Q2,Display,748929816.0,2850848.0,335075320.0,1006293,Marvin,1005537 | Brand | BR | ESS01 | NA | US | 2019 | Helpfulness,"6380,6327",6380
35,22437524,"6380,6327",Other,3.0,3/14/2019,5/9/2019,False,0.0,0.0,0.0,0.0,0.0,,,,,,,,,,,187091.6459,77700000.0,1.238237,896.0,684.0,77700000.0,1.238237,896.0,684.0,8620850.0,15300000.0,5156208.0,10400000.0,,,,127000000.0,127000000.0,127000000.0,,,,0.06428571400000001,0.125,0.06428571400000001,,,,0.005811925,0.006731715,0.0035830429999999997,,,,No lift*,Sample size too small,No lift*,,,,No lift,No lift,No lift,,,,No Lift,No Lift,No,Multi App NA Q2-Q3 2019 North America,Q2,Display,748929816.0,2850848.0,335075320.0,1006293,Marvin,1005537 | Brand | BR | ESS01 | NA | US | 2019 | Helpfulness,"6380,6327",6380
36,22437524,"6380,6327",Favourability,4.0,3/14/2019,5/9/2019,False,0.0,0.0,0.0,0.0,0.0,,,,,,,,,,,187091.6459,77700000.0,1.2201950000000001,868.0,668.0,77700000.0,1.2201950000000001,868.0,668.0,8620850.0,15300000.0,5156208.0,10400000.0,,,,127000000.0,127000000.0,127000000.0,,,,0.012066365,0.375,0.012066365,,,,-0.052637526,-0.041089192999999996,-0.063980019,,,,No lift*,Sample size too small,No lift*,,,,Negative impact,No lift,Negative impact,,,,No Lift,No Lift,No,Multi App NA Q2-Q3 2019 North America,Q2,Display,748929816.0,2850848.0,335075320.0,1006293,Marvin,1005537 | Brand | BR | ESS01 | NA | US | 2019 | Helpfulness,"6380,6327",6380
37,22437524,"6380,6327",Other,5.0,3/14/2019,5/9/2019,False,0.0,0.0,0.0,0.0,0.0,,,,,,,,,,,187091.6459,77700000.0,1.1894069999999999,798.0,668.0,77700000.0,1.1894069999999999,798.0,668.0,8620850.0,15300000.0,5156208.0,10400000.0,,,,127000000.0,127000000.0,127000000.0,,,,0.047694754000000006,-0.214285714,0.047694754000000006,,,,-0.030824215,-0.007216215,-0.05299517,,,,No lift*,Sample size too small,No lift*,,,,No lift,No lift,Negative impact,,,,No Lift,No Lift,No,Multi App NA Q2-Q3 2019 North America,Q2,Display,748929816.0,2850848.0,335075320.0,1006293,Marvin,1005537 | Brand | BR | ESS01 | NA | US | 2019 | Helpfulness,"6380,6327",6380
38,22437524,"6380,6327",Other,0.0,3/14/2019,5/9/2019,False,0.0,0.0,0.0,0.0,0.0,,,,,,,,,,,187091.6459,77700000.0,2.048299,1546.0,1174.0,77700000.0,2.048299,1546.0,1174.0,8620850.0,15300000.0,5156208.0,10400000.0,,,,127000000.0,127000000.0,127000000.0,,,,-0.008749357,0.25,-0.008749357,,,,-0.022616774,-0.012462921,-0.031199578,,,,No lift,Sample size too small,No lift,,,,No lift,No lift,No lift,,,,No Lift,No Lift,No,Multi App NA Q2-Q3 2019 North America,Q2,Social,94147607.0,1291082.0,35369465.0,1006293,Marvin,1005537 | Brand | BR | ESS01 | NA | US | 2019 | Helpfulness,"6380,6327",6380
39,22437524,"6380,6327",Usage intent,1.0,3/14/2019,5/9/2019,False,0.0,0.0,0.0,0.0,0.0,,,,,,,,,,,187091.6459,77700000.0,3.08659,2038.0,1484.0,77700000.0,3.08659,2038.0,1484.0,8620850.0,15300000.0,5156208.0,10400000.0,,,,127000000.0,127000000.0,127000000.0,,,,-0.028306742000000003,0.333333333,-0.028306742000000003,,,,-0.006421238,-0.027823813,0.010828475,,,,No lift,Sample size too small,No lift,,,,No lift,No lift,No lift,,,,No Lift,No Lift,No,Multi App NA Q2-Q3 2019 North America,Q2,Social,94147607.0,1291082.0,35369465.0,1006293,Marvin,1005537 | Brand | BR | ESS01 | NA | US | 2019 | Helpfulness,"6380,6327",6380
40,22437524,"6380,6327",Usage intent,2.0,4/11/2019,5/15/2019,False,0.0,0.0,0.0,0.0,0.0,,,,,,,,,,,187091.6459,77700000.0,3.3628910000000003,2050.0,2356.0,77700000.0,3.3628910000000003,2050.0,2356.0,8620850.0,15300000.0,5156208.0,10400000.0,,,,127000000.0,127000000.0,127000000.0,,,,-0.020945946,0.0,-0.020945946,,,,-0.009515862,0.0019694870000000002,-0.020966637,,,,No lift*,Sample size too small,No lift*,,,,No lift,No lift,No lift,,,,No Lift,No Lift,No,Multi App NA Q2-Q3 2019 North America,Q2,Social,94147607.0,1291082.0,35369465.0,1006293,Marvin,1005537 | Brand | BR | ESS01 | NA | US | 2019 | Helpfulness,"6380,6327",6380
41,22437524,"6380,6327",Other,3.0,3/14/2019,5/9/2019,False,0.0,0.0,0.0,0.0,0.0,,,,,,,,,,,187091.6459,77700000.0,1.238237,896.0,684.0,77700000.0,1.238237,896.0,684.0,8620850.0,15300000.0,5156208.0,10400000.0,,,,127000000.0,127000000.0,127000000.0,,,,0.06428571400000001,0.125,0.06428571400000001,,,,0.005811925,0.006731715,0.0035830429999999997,,,,No lift*,Sample size too small,No lift*,,,,No lift,No lift,No lift,,,,No Lift,No Lift,No,Multi App NA Q2-Q3 2019 North America,Q2,Social,94147607.0,1291082.0,35369465.0,1006293,Marvin,1005537 | Brand | BR | ESS01 | NA | US | 2019 | Helpfulness,"6380,6327",6380
42,22437524,"6380,6327",Favourability,4.0,3/14/2019,5/9/2019,False,0.0,0.0,0.0,0.0,0.0,,,,,,,,,,,187091.6459,77700000.0,1.2201950000000001,868.0,668.0,77700000.0,1.2201950000000001,868.0,668.0,8620850.0,15300000.0,5156208.0,10400000.0,,,,127000000.0,127000000.0,127000000.0,,,,0.012066365,0.375,0.012066365,,,,-0.052637526,-0.041089192999999996,-0.063980019,,,,No lift*,Sample size too small,No lift*,,,,Negative impact,No lift,Negative impact,,,,No Lift,No Lift,No,Multi App NA Q2-Q3 2019 North America,Q2,Social,94147607.0,1291082.0,35369465.0,1006293,Marvin,1005537 | Brand | BR | ESS01 | NA | US | 2019 | Helpfulness,"6380,6327",6380
43,22437524,"6380,6327",Other,5.0,3/14/2019,5/9/2019,False,0.0,0.0,0.0,0.0,0.0,,,,,,,,,,,187091.6459,77700000.0,1.1894069999999999,798.0,668.0,77700000.0,1.1894069999999999,798.0,668.0,8620850.0,15300000.0,5156208.0,10400000.0,,,,127000000.0,127000000.0,127000000.0,,,,0.047694754000000006,-0.214285714,0.047694754000000006,,,,-0.030824215,-0.007216215,-0.05299517,,,,No lift*,Sample size too small,No lift*,,,,No lift,No lift,Negative impact,,,,No Lift,No Lift,No,Multi App NA Q2-Q3 2019 North America,Q2,Social,94147607.0,1291082.0,35369465.0,1006293,Marvin,1005537 | Brand | BR | ESS01 | NA | US | 2019 | Helpfulness,"6380,6327",6380
44,22437524,"6380,6327",Other,0.0,3/14/2019,5/9/2019,False,0.0,0.0,0.0,0.0,0.0,,,,,,,,,,,187091.6459,77700000.0,2.048299,1546.0,1174.0,77700000.0,2.048299,1546.0,1174.0,8620850.0,15300000.0,5156208.0,10400000.0,,,,127000000.0,127000000.0,127000000.0,,,,-0.008749357,0.25,-0.008749357,,,,-0.022616774,-0.012462921,-0.031199578,,,,No lift,Sample size too small,No lift,,,,No lift,No lift,No lift,,,,No Lift,No Lift,No,Multi App NA Q2-Q3 2019 North America,Q2,Video,209775373.0,345039.0,320179353.0,1006293,Marvin,1005537 | Brand | BR | ESS01 | NA | US | 2019 | Helpfulness,"6380,6327",6380
45,22437524,"6380,6327",Usage intent,1.0,3/14/2019,5/9/2019,False,0.0,0.0,0.0,0.0,0.0,,,,,,,,,,,187091.6459,77700000.0,3.08659,2038.0,1484.0,77700000.0,3.08659,2038.0,1484.0,8620850.0,15300000.0,5156208.0,10400000.0,,,,127000000.0,127000000.0,127000000.0,,,,-0.028306742000000003,0.333333333,-0.028306742000000003,,,,-0.006421238,-0.027823813,0.010828475,,,,No lift,Sample size too small,No lift,,,,No lift,No lift,No lift,,,,No Lift,No Lift,No,Multi App NA Q2-Q3 2019 North America,Q2,Video,209775373.0,345039.0,320179353.0,1006293,Marvin,1005537 | Brand | BR | ESS01 | NA | US | 2019 | Helpfulness,"6380,6327",6380
46,22437524,"6380,6327",Usage intent,2.0,4/11/2019,5/15/2019,False,0.0,0.0,0.0,0.0,0.0,,,,,,,,,,,187091.6459,77700000.0,3.3628910000000003,2050.0,2356.0,77700000.0,3.3628910000000003,2050.0,2356.0,8620850.0,15300000.0,5156208.0,10400000.0,,,,127000000.0,127000000.0,127000000.0,,,,-0.020945946,0.0,-0.020945946,,,,-0.009515862,0.0019694870000000002,-0.020966637,,,,No lift*,Sample size too small,No lift*,,,,No lift,No lift,No lift,,,,No Lift,No Lift,No,Multi App NA Q2-Q3 2019 North America,Q2,Video,209775373.0,345039.0,320179353.0,1006293,Marvin,1005537 | Brand | BR | ESS01 | NA | US | 2019 | Helpfulness,"6380,6327",6380
47,22437524,"6380,6327",Other,3.0,3/14/2019,5/9/2019,False,0.0,0.0,0.0,0.0,0.0,,,,,,,,,,,187091.6459,77700000.0,1.238237,896.0,684.0,77700000.0,1.238237,896.0,684.0,8620850.0,15300000.0,5156208.0,10400000.0,,,,127000000.0,127000000.0,127000000.0,,,,0.06428571400000001,0.125,0.06428571400000001,,,,0.005811925,0.006731715,0.0035830429999999997,,,,No lift*,Sample size too small,No lift*,,,,No lift,No lift,No lift,,,,No Lift,No Lift,No,Multi App NA Q2-Q3 2019 North America,Q2,Video,209775373.0,345039.0,320179353.0,1006293,Marvin,1005537 | Brand | BR | ESS01 | NA | US | 2019 | Helpfulness,"6380,6327",6380
48,22437524,"6380,6327",Favourability,4.0,3/14/2019,5/9/2019,False,0.0,0.0,0.0,0.0,0.0,,,,,,,,,,,187091.6459,77700000.0,1.2201950000000001,868.0,668.0,77700000.0,1.2201950000000001,868.0,668.0,8620850.0,15300000.0,5156208.0,10400000.0,,,,127000000.0,127000000.0,127000000.0,,,,0.012066365,0.375,0.012066365,,,,-0.052637526,-0.041089192999999996,-0.063980019,,,,No lift*,Sample size too small,No lift*,,,,Negative impact,No lift,Negative impact,,,,No Lift,No Lift,No,Multi App NA Q2-Q3 2019 North America,Q2,Video,209775373.0,345039.0,320179353.0,1006293,Marvin,1005537 | Brand | BR | ESS01 | NA | US | 2019 | Helpfulness,"6380,6327",6380
49,22437524,"6380,6327",Other,5.0,3/14/2019,5/9/2019,False,0.0,0.0,0.0,0.0,0.0,,,,,,,,,,,187091.6459,77700000.0,1.1894069999999999,798.0,668.0,77700000.0,1.1894069999999999,798.0,668.0,8620850.0,15300000.0,5156208.0,10400000.0,,,,127000000.0,127000000.0,127000000.0,,,,0.047694754000000006,-0.214285714,0.047694754000000006,,,,-0.030824215,-0.007216215,-0.05299517,,,,No lift*,Sample size too small,No lift*,,,,No lift,No lift,Negative impact,,,,No Lift,No Lift,No,Multi App NA Q2-Q3 2019 North America,Q2,Video,209775373.0,345039.0,320179353.0,1006293,Marvin,1005537 | Brand | BR | ESS01 | NA | US | 2019 | Helpfulness,"6380,6327",6380
50,22443077,"6459,6460",Aided awareness,0.0,4/25/2019,6/13/2019,True,0.0,0.0,0.0,0.0,0.0,,,,,,,,,,,,,,,,0.0,0.0,0.0,0.0,,,,,,,,80600000.0,80600000.0,,,,,,,,,,,0.006102071,0.006102071,,,,,,,,,,,No lift,No lift,,,,,No Lift,No Lift,No,Pixel Bonito US 2019 Q2 2019 North America - Brand,Q2,Display,821496985.0,406195.0,508885163.0,1006649,Thomas,1006649 | Pixel | Brand + DR | ESS01 | NA | US | Q2 2019 | Bonito,"6459,6460",6459
51,22443077,"6459,6460",Understanding,4.0,4/25/2019,6/13/2019,False,0.0,0.0,0.0,0.0,0.0,,,,,,1389763.706,139000000.0,0.283443,28.0,21.0,,,,,,0.0,0.0,0.0,0.0,,,,,42400000.0,,,80600000.0,80600000.0,,,,,,,,0.25,,,0.18541666699999998,0.18541666699999998,,,,,,,,Sample size too small,,,Strong Significant lift,Strong Significant lift,,,,,MIA Device Level,14951330.83,Sucessful,Pixel Bonito US 2019 Q2 2019 North America - Brand,Q2,Display,821496985.0,406195.0,508885163.0,1006649,Thomas,1006649 | Pixel | Brand + DR | ESS01 | NA | US | Q2 2019 | Bonito,"6459,6460",6459
52,22443077,"6459,6460",Ad recall,6.0,4/25/2019,6/13/2019,False,0.0,0.0,0.0,0.0,0.0,,,,,,1389763.706,139000000.0,0.283443,28.0,15.0,,,,,,0.0,0.0,0.0,0.0,,,,,42400000.0,,,80600000.0,80600000.0,,,,,,,,0.5,,,0.12461502,0.12461502,,,,,,,,Sample size too small,,,Directional lift,Directional lift,,,,,MIA Device Level,10048505.49,Sucessful,Pixel Bonito US 2019 Q2 2019 North America - Brand,Q2,Display,821496985.0,406195.0,508885163.0,1006649,Thomas,1006649 | Pixel | Brand + DR | ESS01 | NA | US | Q2 2019 | Bonito,"6459,6460",6459
53,22443077,"6459,6460",Declared usage,7.0,4/25/2019,6/13/2019,False,0.0,0.0,0.0,0.0,0.0,,,,,,1389763.706,139000000.0,0.283443,28.0,15.0,,,,,,0.0,0.0,0.0,0.0,,,,,42400000.0,,,80600000.0,80600000.0,,,,,,,,-0.5,,,0.072196621,0.072196621,,,,,,,,Sample size too small,,,No lift,No lift,,,,,No Lift,No Lift,No,Pixel Bonito US 2019 Q2 2019 North America - Brand,Q2,Display,821496985.0,406195.0,508885163.0,1006649,Thomas,1006649 | Pixel | Brand + DR | ESS01 | NA | US | Q2 2019 | Bonito,"6459,6460",6459
54,22443077,"6459,6460",Aided awareness,0.0,4/25/2019,6/13/2019,True,0.0,0.0,0.0,0.0,0.0,,,,,,,,,,,,,,,,0.0,0.0,0.0,0.0,,,,,,,,80600000.0,80600000.0,,,,,,,,,,,0.006102071,0.006102071,,,,,,,,,,,No lift,No lift,,,,,No Lift,No Lift,No,Pixel Bonito US 2019 Q2 2019 North America - Brand,Q2,Social,53395219.0,352185.0,97000000.0,1006649,Thomas,1006649 | Pixel | Brand + DR | ESS01 | NA | US | Q2 2019 | Bonito,"6459,6460",6459
55,22443077,"6459,6460",Understanding,4.0,4/25/2019,6/13/2019,False,0.0,0.0,0.0,0.0,0.0,,,,,,1389763.706,139000000.0,0.283443,28.0,21.0,,,,,,0.0,0.0,0.0,0.0,,,,,42400000.0,,,80600000.0,80600000.0,,,,,,,,0.25,,,0.18541666699999998,0.18541666699999998,,,,,,,,Sample size too small,,,Strong Significant lift,Strong Significant lift,,,,,MIA Device Level,14951330.83,Sucessful,Pixel Bonito US 2019 Q2 2019 North America - Brand,Q2,Social,53395219.0,352185.0,97000000.0,1006649,Thomas,1006649 | Pixel | Brand + DR | ESS01 | NA | US | Q2 2019 | Bonito,"6459,6460",6459
56,22443077,"6459,6460",Ad recall,6.0,4/25/2019,6/13/2019,False,0.0,0.0,0.0,0.0,0.0,,,,,,1389763.706,139000000.0,0.283443,28.0,15.0,,,,,,0.0,0.0,0.0,0.0,,,,,42400000.0,,,80600000.0,80600000.0,,,,,,,,0.5,,,0.12461502,0.12461502,,,,,,,,Sample size too small,,,Directional lift,Directional lift,,,,,MIA Device Level,10048505.49,Sucessful,Pixel Bonito US 2019 Q2 2019 North America - Brand,Q2,Social,53395219.0,352185.0,97000000.0,1006649,Thomas,1006649 | Pixel | Brand + DR | ESS01 | NA | US | Q2 2019 | Bonito,"6459,6460",6459
57,22443077,"6459,6460",Declared usage,7.0,4/25/2019,6/13/2019,False,0.0,0.0,0.0,0.0,0.0,,,,,,1389763.706,139000000.0,0.283443,28.0,15.0,,,,,,0.0,0.0,0.0,0.0,,,,,42400000.0,,,80600000.0,80600000.0,,,,,,,,-0.5,,,0.072196621,0.072196621,,,,,,,,Sample size too small,,,No lift,No lift,,,,,No Lift,No Lift,No,Pixel Bonito US 2019 Q2 2019 North America - Brand,Q2,Social,53395219.0,352185.0,97000000.0,1006649,Thomas,1006649 | Pixel | Brand + DR | ESS01 | NA | US | Q2 2019 | Bonito,"6459,6460",6459
58,22443077,"6459,6460",Aided awareness,0.0,4/25/2019,6/13/2019,True,0.0,0.0,0.0,0.0,0.0,,,,,,,,,,,,,,,,0.0,0.0,0.0,0.0,,,,,,,,80600000.0,80600000.0,,,,,,,,,,,0.006102071,0.006102071,,,,,,,,,,,No lift,No lift,,,,,No Lift,No Lift,No,Pixel Bonito US 2019 Q2 2019 North America - Brand,Q2,Video,744714010.0,1056924.0,1661723995.0,1006649,Thomas,1006649 | Pixel | Brand + DR | ESS01 | NA | US | Q2 2019 | Bonito,"6459,6460",6459
59,22443077,"6459,6460",Understanding,4.0,4/25/2019,6/13/2019,False,0.0,0.0,0.0,0.0,0.0,,,,,,1389763.706,139000000.0,0.283443,28.0,21.0,,,,,,0.0,0.0,0.0,0.0,,,,,42400000.0,,,80600000.0,80600000.0,,,,,,,,0.25,,,0.18541666699999998,0.18541666699999998,,,,,,,,Sample size too small,,,Strong Significant lift,Strong Significant lift,,,,,MIA Device Level,14951330.83,Sucessful,Pixel Bonito US 2019 Q2 2019 North America - Brand,Q2,Video,744714010.0,1056924.0,1661723995.0,1006649,Thomas,1006649 | Pixel | Brand + DR | ESS01 | NA | US | Q2 2019 | Bonito,"6459,6460",6459
60,22443077,"6459,6460",Ad recall,6.0,4/25/2019,6/13/2019,False,0.0,0.0,0.0,0.0,0.0,,,,,,1389763.706,139000000.0,0.283443,28.0,15.0,,,,,,0.0,0.0,0.0,0.0,,,,,42400000.0,,,80600000.0,80600000.0,,,,,,,,0.5,,,0.12461502,0.12461502,,,,,,,,Sample size too small,,,Directional lift,Directional lift,,,,,MIA Device Level,10048505.49,Sucessful,Pixel Bonito US 2019 Q2 2019 North America - Brand,Q2,Video,744714010.0,1056924.0,1661723995.0,1006649,Thomas,1006649 | Pixel | Brand + DR | ESS01 | NA | US | Q2 2019 | Bonito,"6459,6460",6459
61,22443077,"6459,6460",Declared usage,7.0,4/25/2019,6/13/2019,False,0.0,0.0,0.0,0.0,0.0,,,,,,1389763.706,139000000.0,0.283443,28.0,15.0,,,,,,0.0,0.0,0.0,0.0,,,,,42400000.0,,,80600000.0,80600000.0,,,,,,,,-0.5,,,0.072196621,0.072196621,,,,,,,,Sample size too small,,,No lift,No lift,,,,,No Lift,No Lift,No,Pixel Bonito US 2019 Q2 2019 North America - Brand,Q2,Video,744714010.0,1056924.0,1661723995.0,1006649,Thomas,1006649 | Pixel | Brand + DR | ESS01 | NA | US | Q2 2019 | Bonito,"6459,6460",6459
62,22444142,,,,,,,,,,,,,,,,,,,,,,,,,,,,,,,,,,,,,,,,,,,,,,,,,,,,,,,,,,,,,,,,,,,,,,,Google Home NA 2019 Q2 2019 United States - Google Nest Brand,Q2,Display,92107662.0,70820.0,41362958.0,1006172,,1006947 | Home | DR | NA | US | Q2-Q3 2019 | V1,,6708
63,22444142,,,,,,,,,,,,,,,,,,,,,,,,,,,,,,,,,,,,,,,,,,,,,,,,,,,,,,,,,,,,,,,,,,,,,,,Google Home NA 2019 Q2 2019 United States - Google Nest Brand,Q2,Video,62536587.0,139316.0,204148023.0,1006172,,1006947 | Home | DR | NA | US | Q2-Q3 2019 | V1,,6708
64,22783112,,,,,,,,,,,,,,,,,,,,,,,,,,,,,,,,,,,,,,,,,,,,,,,,,,,,,,,,,,,,,,,,,,,,,,,Google Stadia NA 2019 Q2 2019 North America - Brand,Q2,Display,502809638.0,147182.0,94500000.0,1006903,Thomas,1006903 | Stadia | Brand + DR | ESS01 | Global | | FY 2019 | Stadia - NA - Launch Year,,6802
65,22783112,,,,,,,,,,,,,,,,,,,,,,,,,,,,,,,,,,,,,,,,,,,,,,,,,,,,,,,,,,,,,,,,,,,,,,,Google Stadia NA 2019 Q2 2019 North America - Brand,Q2,Video,127202861.0,101240.0,500773532.0,1006903,Thomas,1006903 | Stadia | Brand + DR | ESS01 | Global | | FY 2019 | Stadia - NA - Launch Year,,6802
66,22096007,,,,,,,,,,,,,,,,,,,,,,,,,,,,,,,,,,,,,,,,,,,,,,,,,,,,,,,,,,,,,,,,,,,,,,,Pixel US '18/19 Q1 2019 North America - Brand,Q1,Display,55560941.0,4210.0,60000000.0,1005584,,1005584 | Pixel | Brand + DR | ESS01 | NA | US | Q1 2019 | Pixel 3.0,,5815
67,22096007,,,,,,,,,,,,,,,,,,,,,,,,,,,,,,,,,,,,,,,,,,,,,,,,,,,,,,,,,,,,,,,,,,,,,,,Pixel US '18/19 Q1 2019 North America - Brand,Q1,Social,0.0,0.0,40000000.0,1005584,,1005584 | Pixel | Brand + DR | ESS01 | NA | US | Q1 2019 | Pixel 3.0,,5815
68,22096007,,,,,,,,,,,,,,,,,,,,,,,,,,,,,,,,,,,,,,,,,,,,,,,,,,,,,,,,,,,,,,,,,,,,,,,Pixel US '18/19 Q1 2019 North America - Brand,Q1,Video,61296665.0,242156.0,176460554.0,1005584,,1005584 | Pixel | Brand + DR | ESS01 | NA | US | Q1 2019 | Pixel 3.0,,5815
