dcm_campaign_id,olive_plan_id,questioncategory,question,study_start_date,study_end_date,primarygoal,dsk_campaign_cost,dsk_campaign_imps,dsk_study_cost,dsk_study_imps_exp,dsk_study_imps_con,mia_campaign_cost,mia_campaign_imps,mia_study_cost,mia_study_imps_exp,mia_study_imps_con,hyb_campaign_cost,hyb_campaign_imps,hyb_study_cost,hyb_study_imps_exp,hyb_study_imps_con,mbl_campaign_cost,mbl_campaign_imps,mbl_study_cost,mbl_study_imps_exp,mbl_study_imps_con,mwb_campaign_cost,mwb_campaign_imps,mwb_study_cost,mwb_study_imps_exp,mwb_study_imps_con,mobile_campaign_imps,mobile_study_cost,mobile_study_imps_exp,mobile_study_imps_con,dsk_campaign_reach,dsk_vid_campaign_reach,dsk_bnr_campaign_reach,mwb_campaign_reach,mwb_vid_campaign_reach,mwb_bnr_campaign_reach,mbl_campaign_reach,mbl_vid_campaign_reach,mbl_bnr_campaign_reach,mia_campaign_reach,mia_vid_campaign_reach,mia_bnr_campaign_reach,hyb_campaign_reach,hyb_vid_campaign_reach,hyb_bnr_campaign_reach,dsk_obsrvd_abs_lift,dsk_vid_obsrvd_abs_lift,dsk_bnr_obsrvd_abs_lift,mwb_obsrvd_abs_lift,mwb_vid_obsrvd_abs_lift,mwb_bnr_obsrvd_abs_lift,mbl_obsrvd_abs_lift,mbl_vid_obsrvd_abs_lift,mbl_bnr_obsrvd_abs_lift,mia_obsrvd_abs_lift,mia_vid_obsrvd_abs_lift,mia_bnr_obsrvd_abs_lift,hyb_obsrvd_abs_lift,hyb_vid_obsrvd_abs_lift,hyb_bnr_obsrvd_abs_lift,dsk_significance,dsk_vid_significance,dsk_bnr_significance,mwb_significance,mwb_vid_significance,mwb_bnr_significance,mbl_significance,mbl_vid_significance,mbl_bnr_significance,mia_significance,mia_vid_significance,mia_bnr_significance,hyb_significance,hyb_vid_significance,hyb_bnr_significance,desktop_route,mobile_route,hybrid_route,total_desktop_user,total_mobile_user,total_hybrid_user,success
20922446,"3846, 3955, 3844, 3793, 3845",Consideration,3.0,2018-04-10,2018-10-30,False,1540906.754795,1.10981367E8,11.945743,1755.0,10430.0,,,,,,,,,,,,,,,,,,,,,,,,,6673494.0,,1168261.0,,,,,,,,,,,,,0.0798319327731093,,0.266666666666667,,,,,,,,,,,,,Sample size too small,,Sample size too small,,,,,,,,,,,,,No Lift,,,No Lift,,,No
21703948,"4854, 4855, 5431, 5474","Favourability,Other",3.0,2018-10-15,2019-01-03,False,3341435.698691,8.58903451E8,7.587617,3980.0,1465.0,,,,,,,,,,,,,,,,,,,,,,,,,4.1457514E7,1.6308058E7,2.7240446E7,,,,,,,,,,,,,0.111111111111111,0.4,0.0451127819548872,,,,,,,,,,,,,Sample size too small,Sample size too small,Sample size too small,,,,,,,,,,,,,No Lift,,,No Lift,,,No
21703948,"4854, 4855, 5431, 5474","Other,Declared usage",6.0,2018-10-15,2019-01-03,False,3341435.698691,8.58903451E8,4.561716,2426.0,839.0,,,,,,,,,,,,,,,,,,,,,,,,,4.1457514E7,1.6308058E7,2.7240446E7,,,,,,,,,,,,,0.0285714285714285,-0.314285714285714,0.0833333333333333,,,,,,,,,,,,,Sample size too small,Sample size too small,Sample size too small,,,,,,,,,,,,,No Lift,,,No Lift,,,No
21703948,"4854, 4855, 5431, 5474","Other,Qualification",5.0,,,,,,,,,,,,,,,,,,,,,,,,,,,,,,,,,,,,,,,,,2.0482794E7,,,,,,,,,,,,,,,-0.0277777777777778,,,,,,,,,,,,,,,Sample size too small,,,,,,,,,,,,,No
20993681,"4291, 4470",Aided awareness,0.0,2018-07-10,2018-09-19,True,3505281.361233,6.03860822E8,381.831529,81750.0,104899.0,0.0,0.0,0.0,0.0,0.0,832042.571404,1.15998535E8,54.275133,10606.0,3582.0,,,,,,,,,,,0.0,0.0,0.0,0.0,4.0619766E7,8939276.0,3.8427735E7,,,,,,,1.19718458E8,1.19718458E8,1.19718458E8,1.3949259E7,,959311.0,0.0929120035110819,0.0659674063800277,0.0940012368583797,,,,,,,-0.0147247119078105,-0.0322723253757737,0.0187165775401069,-0.0397877984084881,,-0.0397877984084881,Strong Significant lift,Directional lift,Strong Significant lift,,,,,,,No lift,No lift,Sample size too small,Sample size too small,,Sample size too small,Desktop Level,No Lift,,3774063.8412113255,No Lift,,Sucessful
20993681,"4291, 4470",Consideration,1.0,2018-07-10,2018-09-19,False,3505281.361233,6.03860822E8,157.711763,36187.0,49569.0,0.0,0.0,0.0,0.0,0.0,832042.571404,1.15998535E8,24.832824,5020.0,2430.0,,,,,,,,,,,0.0,0.0,0.0,0.0,4.0619766E7,8939276.0,3.8427735E7,,,,,,,1.19718458E8,1.19718458E8,1.19718458E8,1.3949259E7,,959311.0,0.0692640692640693,0.0512551386337794,0.0700280112044818,,,,,,,0.0129107981220657,0.0268065268065268,0.0320855614973262,-0.10079575596817,,-0.10079575596817,Strong Significant lift,Directional lift,Strong Significant lift,,,,,,,No lift,No lift,Sample size too small,Sample size too small,,Sample size too small,Desktop Level,No Lift,,2813490.2857142873,No Lift,,Sucessful
20993681,"4291, 4470",Purchase intent,2.0,2018-07-10,2018-09-19,False,3505281.361233,6.03860822E8,100.466779,21896.0,31767.0,0.0,0.0,0.0,0.0,0.0,832042.571404,1.15998535E8,14.309911,2694.0,950.0,,,,,,,,,,,0.0,0.0,0.0,0.0,4.0619766E7,8939276.0,3.8427735E7,,,,,,,1.19718458E8,1.19718458E8,1.19718458E8,1.3949259E7,,959311.0,0.0214285714285714,0.0165356741859753,0.0151079136690647,,,,,,,0.0572006940427993,-0.0185185185185185,0.239388794567063,-0.0583554376657825,,-0.0583554376657825,No lift,No lift,No lift,,,,,,,No lift,No lift,Sample size too small,Sample size too small,,Sample size too small,No Lift,No Lift,,No Lift,No Lift,,No
20993681,"4291, 4470",Feature recall,3.0,2018-07-10,2018-09-19,False,3505281.361233,6.03860822E8,120.092328,25054.0,31866.0,0.0,0.0,0.0,0.0,0.0,832042.571404,1.15998535E8,28.329004,3516.0,1636.0,,,,,,,,,,,0.0,0.0,0.0,0.0,4.0619766E7,8939276.0,3.8427735E7,,,,,,,1.19718458E8,1.19718458E8,1.19718458E8,1.3949259E7,,959311.0,0.0739515198153136,0.0868778280542986,0.0680018630647415,,,,,,,-0.0315536226519849,-0.0253456221198157,0.126262626262626,0.0705128205128205,,0.0705128205128205,No lift,No lift,No lift,,,,,,,No lift,No lift,Sample size too small,Sample size too small,,Sample size too small,No Lift,No Lift,,No Lift,No Lift,,No
20993681,"4291, 4470",Other,4.0,2018-07-10,2018-09-19,False,3505281.361233,6.03860822E8,91.086631,20178.0,26402.0,0.0,0.0,0.0,0.0,0.0,832042.571404,1.15998535E8,19.121346,2412.0,1030.0,,,,,,,,,,,0.0,0.0,0.0,0.0,4.0619766E7,8939276.0,3.8427735E7,,,,,,,1.19718458E8,1.19718458E8,1.19718458E8,1.3949259E7,,959311.0,0.00504587155963303,0.0442307692307692,0.00555555555555555,,,,,,,-0.018695652173913,-0.0580327868852459,0.0297619047619048,-0.00395256916996048,,-0.00395256916996048,No lift,No lift,No lift,,,,,,,No lift,No lift*,Sample size too small,Sample size too small,,Sample size too small,No Lift,No Lift,,No Lift,No Lift,,No
20993681,"4291, 4470",Other,5.0,2018-07-10,2018-09-19,False,3505281.361233,6.03860822E8,66.954488,14624.0,23010.0,0.0,0.0,0.0,0.0,0.0,832042.571404,1.15998535E8,13.130029,2028.0,742.0,,,,,,,,,,,0.0,0.0,0.0,0.0,4.0619766E7,8939276.0,3.8427735E7,,,,,,,1.19718458E8,1.19718458E8,1.19718458E8,1.3949259E7,,959311.0,-0.0880178953510991,-0.0757020757020757,-0.0810996563573884,,,,,,,-0.041356988731719,0.0682158920539729,-0.1,-0.0757575757575757,,-0.0757575757575757,No lift,No lift,No lift,,,,,,,No lift,No lift*,Sample size too small,Sample size too small,,Sample size too small,No Lift,No Lift,,No Lift,No Lift,,No
20993681,"4291, 4470",Other,6.0,2018-07-10,2018-09-19,False,3505281.361233,6.03860822E8,66.655442,14564.0,22926.0,0.0,0.0,0.0,0.0,0.0,832042.571404,1.15998535E8,12.923884,1920.0,742.0,,,,,,,,,,,0.0,0.0,0.0,0.0,4.0619766E7,8939276.0,3.8427735E7,,,,,,,1.19718458E8,1.19718458E8,1.19718458E8,1.3949259E7,,959311.0,0.0,0.0,0.0,,,,,,,0.0,0.0,0.0,0.0,,0.0,No lift,No lift,No lift,,,,,,,No lift,No lift*,Sample size too small,Sample size too small,,Sample size too small,No Lift,No Lift,,No Lift,No Lift,,No
21344514,4637,Aided awareness,0.0,2018-07-31,2018-12-12,False,3931959.519713,7.8686262E8,116.250496,17612.0,18482.0,0.0,0.0,0.0,0.0,0.0,,,,,,,,,,,,,,,,0.0,0.0,0.0,0.0,8.4234495E7,2.7064391E7,7.1480496E7,,,,,,,1.9682888E8,1.9682888E8,1.9682888E8,,,,-0.0168955379405307,0.00173782349349494,-0.011443661971831,,,,,,,0.0326266902565399,0.0329131652661064,0.0205357142857143,,,,No lift,No lift,No lift,,,,,,,Strong Significant lift,Strong Significant lift,No lift,,,,No Lift,MIA Device Level,,No Lift,6421874.9013016615,,Sucessful
21344514,4637,Consideration,1.0,2018-07-31,2018-12-12,True,3931959.519713,7.8686262E8,64.136737,9675.0,9810.0,0.0,0.0,0.0,0.0,0.0,,,,,,,,,,,,,,,,0.0,0.0,0.0,0.0,8.4234495E7,2.7064391E7,7.1480496E7,,,,,,,1.9682888E8,1.9682888E8,1.9682888E8,,,,0.0188309285978542,0.0413400522583053,0.0481861888111888,,,,,,,0.0348988872985826,0.0377868361310142,-0.0473214285714286,,,,No lift,No lift,No lift,,,,,,,Strong Significant lift,Strong Significant lift,No lift,,,,No Lift,MIA Device Level,,No Lift,6869108.900226239,,Sucessful
21344514,4637,Consideration,2.0,2018-07-31,2018-12-12,False,3931959.519713,7.8686262E8,18.336541,2998.0,1608.0,0.0,0.0,0.0,0.0,0.0,,,,,,,,,,,,,,,,0.0,0.0,0.0,0.0,8.4234495E7,2.7064391E7,7.1480496E7,,,,,,,1.9682888E8,1.9682888E8,1.9682888E8,,,,0.0144927536231884,0.0858585858585859,0.0779220779220779,,,,,,,-0.141534391534392,-0.12962962962963,-0.5,,,,Sample size too small,Sample size too small,Sample size too small,,,,,,,Negative impact,Negative impact,Sample size too small,,,,No Lift,No Lift,,No Lift,No Lift,,No
21344514,4637,Consideration,3.0,2018-07-31,2018-12-12,False,3931959.519713,7.8686262E8,40.774922,6051.0,6173.0,0.0,0.0,0.0,0.0,0.0,,,,,,,,,,,,,,,,0.0,0.0,0.0,0.0,8.4234495E7,2.7064391E7,7.1480496E7,,,,,,,1.9682888E8,1.9682888E8,1.9682888E8,,,,0.00330996884735202,0.0511557408109132,-0.00888888888888895,,,,,,,0.00622842975120241,4.00119184437941E-4,0.144230769230769,,,,No lift,No lift,No lift,,,,,,,No lift,No lift,Sample size too small,,,,No Lift,No Lift,,No Lift,No Lift,,No
21344514,4637,Purchase intent,4.0,2018-07-31,2018-12-12,False,3931959.519713,7.8686262E8,41.180527,6055.0,5893.0,0.0,0.0,0.0,0.0,0.0,,,,,,,,,,,,,,,,0.0,0.0,0.0,0.0,8.4234495E7,2.7064391E7,7.1480496E7,,,,,,,1.9682888E8,1.9682888E8,1.9682888E8,,,,0.031861129422105,0.0408411214953271,0.0605042016806723,,,,,,,0.0106944280573417,0.00864191628218307,0.0613026819923372,,,,No lift,No lift,Directional lift,,,,,,,No lift,No lift,Sample size too small,,,,Desktop Channel Level,No Lift,,5430210.427246526,No Lift,,Sucessful
21344514,4637,Other,5.0,2018-07-31,2018-12-12,False,3931959.519713,7.8686262E8,52.160752,7886.0,7616.0,0.0,0.0,0.0,0.0,0.0,,,,,,,,,,,,,,,,0.0,0.0,0.0,0.0,8.4234495E7,2.7064391E7,7.1480496E7,,,,,,,1.9682888E8,1.9682888E8,1.9682888E8,,,,0.12962962962963,0.1724818959842,0.14594807238395,,,,,,,0.00373965575210683,0.00671860885275521,-0.0772413793103449,,,,Significant lift,Strong Significant lift,Significant lift,,,,,,,No lift,No lift,Sample size too small,,,,Desktop Level,No Lift,,10919286.388888922,No Lift,,Sucessful
21344514,4637,Feature recall,6.0,2018-07-31,2018-12-12,False,3931959.519713,7.8686262E8,42.286942,6270.0,7198.0,0.0,0.0,0.0,0.0,0.0,,,,,,,,,,,,,,,,0.0,0.0,0.0,0.0,8.4234495E7,2.7064391E7,7.1480496E7,,,,,,,1.9682888E8,1.9682888E8,1.9682888E8,,,,0.0440503432494279,0.0675954592363261,0.0379464285714285,,,,,,,0.135342465753425,0.138888888888889,-0.333333333333333,,,,No lift,No lift,No lift,,,,,,,Directional lift,Significant lift,Sample size too small,,,,No Lift,MIA Device Level,,No Lift,26639305.950685002,,Sucessful
21344514,4637,Other,7.0,2018-07-31,2018-12-12,False,3931959.519713,7.8686262E8,31.362259,5218.0,4931.0,0.0,0.0,0.0,0.0,0.0,,,,,,,,,,,,,,,,0.0,0.0,0.0,0.0,8.4234495E7,2.7064391E7,7.1480496E7,,,,,,,1.9682888E8,1.9682888E8,,,,,0.0605042016806723,0.0905489530277306,0.066984126984127,,,,,,,0.0972556571978816,0.0878411910669975,,,,,No lift,Significant lift,No lift*,,,,,,,Directional lift,Directional lift,,,,,Desktop Channel Level,MIA Device Level,,7238710.890335517,19142722.079922974,,Sucessful
21569847,"5832, 4685",Other,4.0,2018-12-11,2019-01-03,False,,,,,,0.0,0.0,0.0,0.0,0.0,,,,,,,,,,,,,,,,0.0,0.0,0.0,0.0,,,,,,,,,,4.0952685E7,4.0952685E7,,,,,,,,,,,,,,-0.0510871667671722,-0.0510871667671722,,,,,,,,,,,,,,Negative impact,Negative impact,,,,,,No Lift,,,No Lift,,No
21721200,4861,Qualification,5.0,2018-10-10,2019-01-01,False,488438.381849,2.70176523E8,16.292977,840.0,171.0,0.0,0.0,0.0,0.0,0.0,,,,,,,,,,,,,,,,0.0,0.0,0.0,0.0,1.7105408E7,,1.7105408E7,,,,,,,3.4544242E7,,,,,,0.333333333333333,,0.333333333333333,,,,,,,0.156521739130435,,,,,,Sample size too small,,Sample size too small,,,,,,,Sample size too small,,,,,,No Lift,No Lift,,No Lift,No Lift,,No
21721200,4861,Other,6.0,2018-10-12,2019-01-01,False,488438.381849,2.70176523E8,0.539971,582.0,476.0,0.0,0.0,0.0,0.0,0.0,,,,,,,,,,,,,,,,0.0,0.0,0.0,0.0,1.7105408E7,,1.7105408E7,,,,,,,3.3711366E7,,3.3711366E7,,,,-0.147058823529412,,-0.147058823529412,,,,,,,0.0245098039215686,,0.0245098039215686,,,,Sample size too small,,Sample size too small,,,,,,,No lift,,No lift,,,,No Lift,No Lift,,No Lift,No Lift,,No
21932440,4967,Other,1.0,2018-11-09,2018-12-03,False,,,,,,0.0,0.0,0.0,0.0,0.0,,,,,,,,,,,,,,,,0.0,0.0,0.0,0.0,,,,,,,,,,1.8417822E7,,1.8417822E7,,,,,,,,,,,,,0.0303536196691455,,0.0303536196691455,,,,,,,,,,,,,No lift,,No lift,,,,,No Lift,,,No Lift,,No
21932440,4967,Other,2.0,2018-11-09,2018-12-03,False,,,,,,0.0,0.0,0.0,0.0,0.0,,,,,,,,,,,,,,,,0.0,0.0,0.0,0.0,,,,,,,,,,1.8417822E7,,1.8417822E7,,,,,,,,,,,,,-0.00228908815357415,,-0.00228908815357415,,,,,,,,,,,,,No lift,,No lift,,,,,No Lift,,,No Lift,,No
21932440,4967,Usage intent,3.0,2018-11-09,2018-12-03,False,,,,,,0.0,0.0,0.0,0.0,0.0,,,,,,,,,,,,,,,,0.0,0.0,0.0,0.0,,,,,,,,,,1.8417822E7,,1.8417822E7,,,,,,,,,,,,,-0.0441698449021104,,-0.0441698449021104,,,,,,,,,,,,,Negative impact,,Negative impact,,,,,No Lift,,,No Lift,,No
21932440,4967,Demo,4.0,2018-11-09,2018-12-03,False,,,,,,0.0,0.0,0.0,0.0,0.0,,,,,,,,,,,,,,,,0.0,0.0,0.0,0.0,,,,,,,,,,1.8417822E7,,1.8417822E7,,,,,,,,,,,,,-0.0240680034626137,,-0.0240680034626137,,,,,,,,,,,,,No lift,,No lift,,,,,No Lift,,,No Lift,,No
21165315,4252,Aided awareness,0.0,2018-05-29,2018-07-16,False,,,,,,0.0,0.0,0.0,0.0,0.0,154052.621635,3.7287298E7,4.908199,1188.0,1156.0,,,,,,187829.829762,6.3916705E7,61.128495,21357.0,15066.0,6.3916705E7,61.128495,21357.0,15066.0,,,,4901488.0,,4901488.0,,,,7.2901313E7,7.2901313E7,7.2901313E7,3069321.0,,,,,,0.0478151452756806,,0.0478151452756806,,,,0.00587801514818442,0.0280088478097721,-2.64342087894609E-4,0.245689655172414,,,,,,No lift,,No lift,,,,No lift,No lift,No lift,Sample size too small,,,,No Lift,,,No Lift,,No
21165315,4252,Other,1.0,2018-05-29,2018-07-16,True,,,,,,0.0,0.0,0.0,0.0,0.0,154052.621635,3.7287298E7,2.412774,584.0,620.0,,,,,,187829.829762,6.3916705E7,29.209496,10110.0,8136.0,6.3916705E7,29.209496,10110.0,8136.0,,,,4901488.0,,4901488.0,,,,7.2901313E7,7.2901313E7,7.2901313E7,3069321.0,,,,,,0.0557230629195585,,0.0557230629195585,,,,-0.0145341831834454,-0.00845315755319515,-0.0172639842583567,0.113505747126437,,,,,,No lift,,No lift,,,,No lift,No lift,No lift,Sample size too small,,,,No Lift,,,No Lift,,No
21165315,4252,Feature recall,2.0,2018-05-29,2018-07-16,False,,,,,,0.0,0.0,0.0,0.0,0.0,154052.621635,3.7287298E7,2.561522,620.0,384.0,,,,,,187829.829762,6.3916705E7,47.050363,16806.0,9018.0,6.3916705E7,47.050363,16806.0,9018.0,,,,4901488.0,,4901488.0,,,,7.2901313E7,7.2901313E7,7.2901313E7,3069321.0,,,,,,0.0492535323913623,,0.0492535323913623,,,,-0.0203604253378703,-0.0283749952222605,-0.0151960446470474,0.166666666666667,,,,,,No lift,,No lift,,,,Negative impact,No lift,No lift,Sample size too small,,,,No Lift,,,No Lift,,No
21165315,4252,Other,3.0,2018-05-29,2018-07-16,False,,,,,,0.0,0.0,0.0,0.0,0.0,154052.621635,3.7287298E7,1.710433,414.0,224.0,,,,,,187829.829762,6.3916705E7,15.507161,5442.0,6024.0,6.3916705E7,15.507161,5442.0,6024.0,,,,4901488.0,,4901488.0,,,,7.2901313E7,7.2901313E7,7.2901313E7,3069321.0,,,,,,0.0910878112712975,,0.0910878112712975,,,,-0.0173075838037602,-0.00950271369119537,-0.0265235033217555,0.321428571428571,,,,,,Directional lift,,Directional lift,,,,No lift,No lift,Negative impact,Sample size too small,,,,MWB Device Level,,,446465.81389252946,,Sucessful
21165315,4252,Usage intent,4.0,2018-05-29,2018-07-16,False,,,,,,0.0,0.0,0.0,0.0,0.0,154052.621635,3.7287298E7,1.693908,410.0,176.0,,,,,,187829.829762,6.3916705E7,13.362917,4650.0,4122.0,6.3916705E7,13.362917,4650.0,4122.0,,,,4901488.0,,4901488.0,,,,7.2901313E7,7.2901313E7,7.2901313E7,3069321.0,,,,,,0.058252427184466,,0.058252427184466,,,,0.00257483030546141,-0.00775493800515009,0.00886602690089178,0.158653846153846,,,,,,No lift,,No lift,,,,No lift,No lift,No lift,Sample size too small,,,,No Lift,,,No Lift,,No
21165315,4252,Other,5.0,2018-05-29,2018-07-16,False,,,,,,0.0,0.0,0.0,0.0,0.0,154052.621635,3.7287298E7,1.79306,434.0,208.0,,,,,,187829.829762,6.3916705E7,18.372734,6339.0,4416.0,6.3916705E7,18.372734,6339.0,4416.0,,,,4901488.0,,4901488.0,,,,7.2901313E7,7.2901313E7,7.2901313E7,3069321.0,,,,,,0.0454268292682927,,0.0454268292682927,,,,-0.0116283296815481,-0.0310303981047206,-0.00989611809732094,0.05,,,,,,No lift,,No lift,,,,No lift,No lift,No lift,Sample size too small,,,,No Lift,,,No Lift,,No
21165315,4252,Declared usage,6.0,2018-05-29,2018-07-16,False,,,,,,0.0,0.0,0.0,0.0,0.0,154052.621635,3.7287298E7,1.660847,402.0,172.0,,,,,,187829.829762,6.3916705E7,11.623314,3984.0,3498.0,6.3916705E7,11.623314,3984.0,3498.0,,,,4901488.0,,4901488.0,,,,7.2901313E7,7.2901313E7,7.2901313E7,3069321.0,,,,,,-0.0158730158730158,,-0.0158730158730158,,,,-0.0079707993784911,0.00608207949971834,-0.0109497521710838,0.2,,,,,,No lift,,No lift,,,,No lift,No lift,No lift,Sample size too small,,,,No Lift,,,No Lift,,No
20922446,"3846, 3955, 3844, 3793, 3845",Aided awareness,0.0,2018-04-10,2018-10-30,False,1540906.754795,1.10981367E8,55.086255,7332.0,6946.0,,,,,,,,,,,,,,,,57663.363621,1.6166714E7,19.187442,5546.0,78.0,1.6166714E7,19.187442,5546.0,78.0,6673494.0,866428.0,1168261.0,1807349.0,266138.0,1533672.0,,,,,,,,,,0.0850556438791733,-0.333333333333333,-0.264705882352941,0.295238095238095,-0.333333333333333,0.304347826086956,,,,,,,,,,No lift*,Sample size too small,Sample size too small,Sample size too small,Sample size too small,Sample size too small,,,,,,,,,,No Lift,No Lift,,No Lift,No Lift,,No
20922446,"3846, 3955, 3844, 3793, 3845",Consideration,1.0,2018-04-10,2018-10-30,True,1540906.754795,1.10981367E8,33.107936,4398.0,5098.0,,,,,,,,,,,,,,,,57663.363621,1.6166714E7,12.842908,3713.0,102.0,1.6166714E7,12.842908,3713.0,102.0,6673494.0,866428.0,1168261.0,1807349.0,266138.0,1533672.0,,,,,,,,,,0.0794912559618442,-0.333333333333333,0.470588235294118,0.0666666666666667,1.0,-0.27536231884058,,,,,,,,,,No lift*,Sample size too small,Sample size too small,Sample size too small,Sample size too small,Sample size too small,,,,,,,,,,No Lift,No Lift,,No Lift,No Lift,,No
20922446,"3846, 3955, 3844, 3793, 3845",Consideration,2.0,2018-04-10,2018-10-30,False,1540906.754795,1.10981367E8,22.45877,2301.0,444.0,,,,,,,,,,,,,,,,57663.363621,1.6166714E7,5.528379,1601.0,60.0,1.6166714E7,5.528379,1601.0,60.0,6673494.0,,,1807349.0,,1533672.0,,,,,,,,,,0.383333333333333,,,-0.259259259259259,,-0.269230769230769,,,,,,,,,,Sample size too small,,,Sample size too small,,Sample size too small,,,,,,,,,,No Lift,No Lift,,No Lift,No Lift,,No
20922446,"3846, 3955, 3844, 3793, 3845",Other,4.0,2018-04-10,2018-10-30,False,1540906.754795,1.10981367E8,21.325546,2694.0,4102.0,,,,,,,,,,,,,,,,57663.363621,1.6166714E7,3.703711,1070.0,33.0,1.6166714E7,3.703711,1070.0,33.0,6673494.0,,1168261.0,1807349.0,,1533672.0,,,,,,,,,,0.175483870967742,,-0.0689655172413793,0.462962962962963,,0.5,,,,,,,,,,Sample size too small,,Sample size too small,Sample size too small,,Sample size too small,,,,,,,,,,No Lift,No Lift,,No Lift,No Lift,,No
20922446,"3846, 3955, 3844, 3793, 3845",Other,5.0,2018-04-10,2018-10-30,False,1540906.754795,1.10981367E8,20.866165,2607.0,4070.0,,,,,,,,,,,,,,,,57663.363621,1.6166714E7,3.485668,1007.0,33.0,1.6166714E7,3.485668,1007.0,33.0,6673494.0,,1168261.0,1807349.0,,1533672.0,,,,,,,,,,0.0603448275862069,,0.333333333333333,-0.153846153846154,,-0.14,,,,,,,,,,Sample size too small,,Sample size too small,Sample size too small,,Sample size too small,,,,,,,,,,No Lift,No Lift,,No Lift,No Lift,,No
22290676,"6130, 6477, 5811",Aided awareness,0.0,2019-02-13,2019-04-05,True,2217438.650349,5.35907629E8,0.313595,189.0,90.0,0.0,0.0,0.0,0.0,0.0,,,,,,,,,,,272366.244737,7.2182295E7,0.294876,36.0,420.0,7.2182295E7,0.294876,36.0,420.0,4.4291448E7,2.236125E7,2.604654E7,8678826.0,,7162250.0,,,,8.5176316E7,8.5176316E7,8.5176316E7,,,,-0.00845420638209696,-0.0196654148173438,0.00305555555555556,0.0294354838709677,,0.0476369268315577,,,,-0.00149630347650151,0.00431572901959845,-0.0106932489296091,,,,No lift,No lift,No lift,No lift,,No lift,,,,No lift,No lift,No lift,,,,No Lift,No Lift,,No Lift,No Lift,,No
22290676,"6130, 6477, 5811",Consideration,1.0,2019-02-13,2019-04-05,False,2217438.650349,5.35907629E8,0.239209,69.0,18.0,0.0,0.0,0.0,0.0,0.0,,,,,,,,,,,272366.244737,7.2182295E7,0.294876,36.0,240.0,7.2182295E7,0.294876,36.0,240.0,4.4291448E7,2.236125E7,2.604654E7,8678826.0,,7162250.0,,,,8.5176316E7,8.5176316E7,8.5176316E7,,,,-0.0589730971128609,-0.0505221755052217,-0.112623762376238,0.0651209677419355,,0.071666588445112,,,,0.0084382306402475,0.0160233918128655,-0.00374310861785472,,,,Negative impact,No lift,Negative impact,Directional lift,,Directional lift,,,,No lift,Significant lift,No lift,,,,No Lift,MWB Device Level,,No Lift,565173.5479838711,,Sucessful
22290676,"6130, 6477, 5811",Feature recall,2.0,2019-02-13,2019-04-05,False,2217438.650349,5.35907629E8,31.200741,6065.0,7377.0,0.0,0.0,0.0,0.0,0.0,,,,,,,,,,,272366.244737,7.2182295E7,0.049146,6.0,240.0,7.2182295E7,0.049146,6.0,240.0,4.4291448E7,2.236125E7,2.604654E7,8678826.0,,7162250.0,,,,8.5176316E7,8.5176316E7,8.5176316E7,,,,0.0297640653357532,0.072463768115942,-0.0166927490871153,0.0962253193960511,,0.0805616139585605,,,,0.00395901257568698,0.0142800844874758,-0.0127320224343995,,,,No lift,No lift,No lift,Directional lift,,Directional lift,,,,No lift,No lift,No lift,,,,No Lift,MWB Device Level,,No Lift,835122.8038327525,,Sucessful
22290676,"6130, 6477, 5811",Other,3.0,2019-02-13,2019-04-05,False,2217438.650349,5.35907629E8,22.589608,4321.0,4609.0,0.0,0.0,0.0,0.0,0.0,,,,,,,,,,,272366.244737,7.2182295E7,0.049146,6.0,60.0,7.2182295E7,0.049146,6.0,60.0,4.4291448E7,2.236125E7,2.604654E7,8678826.0,,7162250.0,,,,8.5176316E7,8.5176316E7,8.5176316E7,,,,0.0609396591432519,0.0451603412768461,0.0591093117408907,-0.00784313725490193,,-0.0200823520913097,,,,0.0113713876780079,0.00465479706267141,0.0221938050582552,,,,No lift,No lift,No lift,No lift,,No lift,,,,No lift,No lift,No lift,,,,No Lift,No Lift,,No Lift,No Lift,,No
21898668,"5467, 5021",Aided awareness,0.0,2018-11-07,2018-12-11,False,3553330.042947,6.06965874E8,67.463714,14888.0,13820.0,0.0,0.0,0.0,0.0,0.0,,,,,,,,,,,655048.343621,2.9696189E8,28.846502,11496.0,8130.0,2.9696189E8,28.846502,11496.0,8130.0,6.492541E7,1.5865737E7,5.5806977E7,4.2401667E7,884778.0,4.066918E7,,,,1.62040002E8,1.62040002E8,1.62040002E8,,,,0.0488901554732275,0.113824884792627,0.0474222746950019,0.0795807453416149,0.583333333333333,0.0705661792275966,,,,0.0576115634486085,0.239316239316239,0.0497316802368616,,,,No lift,Significant lift,No lift,Directional lift,Sample size too small,No lift,,,,Significant lift,Sample size too small,Directional lift,,,,Desktop Channel Level,MIA and MWB Device Level,,4452409.479366772,12709734.120022606,,Sucessful
21898668,"5467, 5021",Consideration,1.0,2018-11-07,2018-12-11,True,3553330.042947,6.06965874E8,40.490195,8824.0,7944.0,0.0,0.0,0.0,0.0,0.0,,,,,,,,,,,655048.343621,2.9696189E8,15.153528,5908.0,4664.0,2.9696189E8,15.153528,5908.0,4664.0,6.492541E7,1.5865737E7,5.5806977E7,4.2401667E7,884778.0,4.066918E7,,,,1.62040002E8,1.62040002E8,1.62040002E8,,,,-0.0352935632833852,0.063594470046083,-0.0323719313182915,-0.0263975155279503,-0.25,-0.0313460817397825,,,,-0.0248304916451531,0.047008547008547,-0.0284203059462127,,,,No lift,No lift,No lift,No lift,Sample size too small,No lift,,,,No lift,Sample size too small,No lift,,,,No Lift,No Lift,,No Lift,No Lift,,No
21898668,"5467, 5021",Consideration,2.0,2018-11-07,2018-12-11,False,3553330.042947,6.06965874E8,19.605231,4222.0,3294.0,0.0,0.0,0.0,0.0,0.0,,,,,,,,,,,655048.343621,2.9696189E8,4.348285,1144.0,1900.0,2.9696189E8,4.348285,1144.0,1900.0,6.492541E7,1.5865737E7,5.5806977E7,4.2401667E7,,4.066918E7,,,,1.62040002E8,1.62040002E8,1.62040002E8,,,,0.268398268398268,0.1875,0.26,-0.333333333333333,,-0.389705882352941,,,,-0.0431034482758621,-0.25,-0.0331384015594541,,,,Strong Significant lift*,Sample size too small,Strong Significant lift*,Sample size too small,,Sample size too small,,,,No lift,Sample size too small,No lift,,,,Desktop Level,No Lift,,17425867.619047593,No Lift,,Sucessful
21898668,"5467, 5021",Consideration,3.0,2018-11-07,2018-12-11,False,3553330.042947,6.06965874E8,21.38558,5010.0,4982.0,0.0,0.0,0.0,0.0,0.0,,,,,,,,,,,655048.343621,2.9696189E8,9.188973,3652.0,2690.0,2.9696189E8,9.188973,3652.0,2690.0,6.492541E7,1.5865737E7,5.5806977E7,4.2401667E7,884778.0,4.066918E7,,,,1.62040002E8,1.62040002E8,1.62040002E8,,,,0.0655073122679397,-0.00717360114777621,0.0847564832384566,-0.0326009922041106,0.333333333333333,-0.0585585585585585,,,,-5.46218487395E-4,0.094017094017094,-0.00397905759162298,,,,No lift,No lift*,Directional lift,No lift,Sample size too small,No lift,,,,No lift,Sample size too small,No lift,,,,Desktop Channel Level,No Lift,,4616188.641535917,No Lift,,Sucessful
21898668,"5467, 5021",Purchase intent,4.0,2018-11-07,2018-12-11,False,3553330.042947,6.06965874E8,21.989837,5084.0,4890.0,0.0,0.0,0.0,0.0,0.0,,,,,,,,,,,655048.343621,2.9696189E8,9.357745,3560.0,2908.0,2.9696189E8,9.357745,3560.0,2908.0,6.492541E7,1.5865737E7,5.5806977E7,4.2401667E7,884778.0,4.066918E7,,,,1.62040002E8,1.62040002E8,1.62040002E8,,,,0.032052271441066,0.168253968253968,0.0197701681766868,-0.037037037037037,-0.333333333333333,-0.0402097902097902,,,,-0.0296688269219335,-0.125,-0.0245270494523731,,,,No lift,Strong Significant lift*,No lift,No lift,Sample size too small,No lift,,,,No lift,Sample size too small,No lift,,,,Desktop Channel Level,No Lift,,3772786.530246298,No Lift,,Sucessful
21898668,"5467, 5021",Other,5.0,2018-11-07,2018-12-11,False,3553330.042947,6.06965874E8,25.912171,6424.0,5972.0,0.0,0.0,0.0,0.0,0.0,,,,,,,,,,,655048.343621,2.9696189E8,8.010773,3200.0,2244.0,2.9696189E8,8.010773,3200.0,2244.0,6.492541E7,1.5865737E7,5.5806977E7,4.2401667E7,884778.0,4.066918E7,,,,1.62040002E8,1.62040002E8,1.62040002E8,,,,-0.00738440303657695,0.0869104398516163,0.00928876797512629,0.0961205831480109,-0.1,0.110263929618768,,,,0.103915662650602,0.257142857142857,0.0970078139889461,,,,No lift,No lift*,No lift,No lift,Sample size too small,No lift,,,,Strong Significant lift,Sample size too small,Significant lift,,,,No Lift,MIA Device Level,,No Lift,16838494.18373487,,Sucessful
21898668,"5467, 5021",Feature recall,6.0,2018-11-07,2018-12-11,False,3553330.042947,6.06965874E8,32.79616,8082.0,6924.0,0.0,0.0,0.0,0.0,0.0,,,,,,,,,,,655048.343621,2.9696189E8,8.307277,3140.0,2558.0,2.9696189E8,8.307277,3140.0,2558.0,6.492541E7,1.5865737E7,5.5806977E7,4.2401667E7,884778.0,4.066918E7,,,,1.62040002E8,,1.62040002E8,,,,0.00711968276856534,0.130252100840336,0.0142857142857143,0.0928104575163399,-0.166666666666667,0.12737843551797,,,,0.0877525252525252,,0.0863329583802025,,,,No lift,No lift*,No lift,No lift*,Sample size too small,No lift*,,,,Directional lift,,Directional lift,,,,No Lift,MIA Device Level,,No Lift,14219419.367424233,,Sucessful
21898668,"5467, 5021",Demo,7.0,2018-11-07,2018-12-11,False,3553330.042947,6.06965874E8,17.956574,4396.0,3982.0,0.0,0.0,0.0,0.0,0.0,,,,,,,,,,,655048.343621,2.9696189E8,3.700572,1692.0,1554.0,2.9696189E8,3.700572,1692.0,1554.0,6.492541E7,1.5865737E7,5.5806977E7,4.2401667E7,884778.0,4.066918E7,,,,1.62040002E8,1.62040002E8,1.62040002E8,,,,0.11187571681785,0.211397058823529,0.107572079805814,0.0823232323232323,0.666666666666667,0.0588972431077694,,,,0.0719671834469446,-0.25,0.0818713450292398,,,,Significant lift,Significant lift*,Significant lift,No lift*,Sample size too small,No lift*,,,,No lift,Sample size too small,Directional lift,,,,Desktop Level,No Lift,,7263576.783442806,No Lift,,Sucessful
21898668,"5467, 5021",Other,8.0,2018-11-07,2018-12-11,False,3553330.042947,6.06965874E8,23.364424,5660.0,3894.0,0.0,0.0,0.0,0.0,0.0,,,,,,,,,,,655048.343621,2.9696189E8,3.778553,1660.0,1832.0,2.9696189E8,3.778553,1660.0,1832.0,6.492541E7,1.5865737E7,5.5806977E7,4.2401667E7,884778.0,4.066918E7,,,,1.62040002E8,,1.62040002E8,,,,0.104062015503876,0.283410138248848,0.0986032937252449,0.0447368421052632,0.333333333333333,0.0101010101010101,,,,0.00766283524904214,,0.00736095965103599,,,,Strong Significant lift,Sample size too small,Significant lift,No lift*,Sample size too small,No lift*,,,,No lift,,No lift,,,,Desktop Level,No Lift,,6756269.022015506,No Lift,,Sucessful
21864277,4950,Aided awareness,0.0,2018-10-29,2018-12-22,True,177547.702639,2.4018457E7,2.507542,552.0,216.0,,,,,,,,,,,,,,,,55632.913862,1.8274503E7,3.373547,1068.0,848.0,1.8274503E7,3.373547,1068.0,848.0,4053831.0,920796.0,3200008.0,2791757.0,1309985.0,1919882.0,,,,,,,,,,-0.0979020979020979,-0.1,0.0,-0.0294840294840295,-0.0324675324675325,0.00310559006211181,,,,,,,,,,Sample size too small,Sample size too small,Sample size too small,No lift*,Sample size too small,Sample size too small,,,,,,,,,,No Lift,No Lift,,No Lift,No Lift,,No
21864277,4950,Consideration,1.0,2018-10-29,2018-12-22,False,177547.702639,2.4018457E7,2.205948,504.0,192.0,,,,,,,,,,,,,,,,55632.913862,1.8274503E7,2.775298,884.0,784.0,1.8274503E7,2.775298,884.0,784.0,4053831.0,920796.0,3200008.0,2791757.0,1309985.0,1919882.0,,,,,,,,,,0.0699300699300699,-0.266666666666667,0.111111111111111,-0.0731319554848966,-0.12987012987013,0.0405797101449275,,,,,,,,,,Sample size too small,Sample size too small,Sample size too small,No lift*,Sample size too small,Sample size too small,,,,,,,,,,No Lift,No Lift,,No Lift,No Lift,,No
21864277,4950,Other,2.0,2018-10-29,2018-12-22,False,177547.702639,2.4018457E7,1.738596,408.0,244.0,,,,,,,,,,,,,,,,55632.913862,1.8274503E7,1.744279,572.0,784.0,1.8274503E7,1.744279,572.0,784.0,4053831.0,920796.0,3200008.0,2791757.0,1309985.0,1919882.0,,,,,,,,,,0.121212121212121,0.0,0.196428571428571,-0.0270967741935484,-0.0656565656565656,0.125,,,,,,,,,,Sample size too small,Sample size too small,Sample size too small,Sample size too small,Sample size too small,Sample size too small,,,,,,,,,,No Lift,No Lift,,No Lift,No Lift,,No
21864277,4950,Other,3.0,2018-10-29,2018-12-22,False,177547.702639,2.4018457E7,1.088459,280.0,116.0,,,,,,,,,,,,,,,,55632.913862,1.8274503E7,1.554295,508.0,592.0,1.8274503E7,1.554295,508.0,592.0,4053831.0,920796.0,3200008.0,2791757.0,1309985.0,1919882.0,,,,,,,,,,0.142857142857143,0.25,0.166666666666667,-0.0177133655394525,0.0208333333333333,-0.038961038961039,,,,,,,,,,Sample size too small,Sample size too small,Sample size too small,Sample size too small,Sample size too small,Sample size too small,,,,,,,,,,No Lift,No Lift,,No Lift,No Lift,,No
21864277,4950,Declared usage,4.0,2018-10-29,2018-12-22,False,,,,,,,,,,,,,,,,,,,,,55632.913862,1.8274503E7,1.526797,500.0,512.0,1.8274503E7,1.526797,500.0,512.0,,,,2791757.0,1309985.0,1919882.0,,,,,,,,,,,,,0.0928853754940711,0.0666666666666667,0.0714285714285714,,,,,,,,,,,,,Sample size too small,Sample size too small,Sample size too small,,,,,,,,,,,No Lift,,,No Lift,,No
21068913,4053,Aided awareness,0.0,2018-07-05,2018-09-08,True,152699.907082,1.80404511E8,3.98659,5550.0,4272.0,0.0,0.0,0.0,0.0,0.0,,,,,,,,,,,285413.889866,1.12846942E8,0.485357,216.0,1641.0,1.12846942E8,0.485357,216.0,1641.0,1.9382615E7,1171091.0,1.9349865E7,2.1050781E7,9650854.0,1.285231E7,,,,6.7034597E7,6.7034597E7,6.7034597E7,,,,0.0832358674463938,0.116071428571429,0.0807722616233255,0.188235294117647,0.136363636363636,0.555555555555556,,,,0.0419031684174856,0.0333556956930095,0.011719298245614,,,,Directional lift,Sample size too small,No lift,Sample size too small,Sample size too small,Sample size too small,,,,No lift,No lift,No lift,,,,Desktop Level,No Lift,,1613328.7729044843,No Lift,,Sucessful
21068913,4053,Consideration,1.0,2018-07-05,2018-09-08,False,152699.907082,1.80404511E8,3.001619,4173.0,3342.0,0.0,0.0,0.0,0.0,0.0,,,,,,,,,,,285413.889866,1.12846942E8,0.323029,138.0,741.0,1.12846942E8,0.323029,138.0,741.0,1.9382615E7,1171091.0,1.9349865E7,2.1050781E7,9650854.0,1.285231E7,,,,6.7034597E7,6.7034597E7,6.7034597E7,,,,0.0277777777777778,0.0178571428571428,0.0260233918128655,0.105882352941176,0.227272727272727,-0.333333333333333,,,,0.00556061700857657,-0.00181933238411641,-0.0499649122807017,,,,No lift,Sample size too small,No lift,Sample size too small,Sample size too small,Sample size too small,,,,No lift,No lift,No lift,,,,No Lift,No Lift,,No Lift,No Lift,,No
21068913,4053,Purchase intent,2.0,2018-07-05,2018-09-08,False,152699.907082,1.80404511E8,1.972134,2895.0,2667.0,0.0,0.0,0.0,0.0,0.0,,,,,,,,,,,285413.889866,1.12846942E8,0.230931,96.0,573.0,1.12846942E8,0.230931,96.0,573.0,1.9382615E7,1171091.0,1.9349865E7,2.1050781E7,9650854.0,1.285231E7,,,,6.7034597E7,6.7034597E7,6.7034597E7,,,,0.00797101449275361,0.0484848484848485,0.00647288715192965,-0.125,-0.0909090909090909,-0.25,,,,-0.0182583732057416,-0.0758783344176968,0.05,,,,No lift,Sample size too small,No lift,Sample size too small,Sample size too small,Sample size too small,,,,No lift,Negative impact,No lift,,,,No Lift,No Lift,,No Lift,No Lift,,No
21068913,4053,Other,3.0,2018-07-05,2018-09-08,False,152699.907082,1.80404511E8,1.87543,2733.0,2463.0,0.0,0.0,0.0,0.0,0.0,,,,,,,,,,,285413.889866,1.12846942E8,0.230931,96.0,261.0,1.12846942E8,0.230931,96.0,261.0,1.9382615E7,1171091.0,1.9349865E7,2.1050781E7,9650854.0,1.285231E7,,,,6.7034597E7,6.7034597E7,6.7034597E7,,,,0.0116279069767442,0.0181818181818182,0.0145006839945281,-0.119047619047619,-0.0416666666666666,0.0,,,,0.00842324151648477,0.0536515785469761,-0.053921568627451,,,,No lift,Sample size too small,No lift,Sample size too small,Sample size too small,Sample size too small,,,,No lift,No lift,No lift,,,,No Lift,No Lift,,No Lift,No Lift,,No
21068913,4053,Other,4.0,2018-07-05,2018-09-08,False,152699.907082,1.80404511E8,1.773178,2547.0,2418.0,0.0,0.0,0.0,0.0,0.0,,,,,,,,,,,285413.889866,1.12846942E8,0.205343,87.0,261.0,1.12846942E8,0.205343,87.0,261.0,1.9382615E7,1171091.0,1.9349865E7,2.1050781E7,9650854.0,1.285231E7,,,,6.7034597E7,6.7034597E7,6.7034597E7,,,,-0.00963855421686743,-0.0787878787878788,-0.0146341463414634,-0.392857142857143,-0.380952380952381,-0.625,,,,-0.0175741013243641,-0.0324062368310156,-0.00798149219201849,,,,No lift,Sample size too small,No lift,Sample size too small,Sample size too small,Sample size too small,,,,No lift,No lift,No lift,,,,No Lift,No Lift,,No Lift,No Lift,,No
21068913,4053,Feature recall,5.0,2018-07-05,2018-09-08,False,152699.907082,1.80404511E8,3.34387,5109.0,3957.0,0.0,0.0,0.0,0.0,0.0,,,,,,,,,,,285413.889866,1.12846942E8,0.294038,117.0,381.0,1.12846942E8,0.294038,117.0,381.0,1.9382615E7,1171091.0,1.9349865E7,2.1050781E7,9650854.0,,,,,6.7034597E7,6.7034597E7,6.7034597E7,,,,-0.00222374273007186,0.0857142857142857,-0.00693000693000695,0.119047619047619,0.111111111111111,,,,,-0.0323950699533644,-0.0140023031825796,-0.129597701149425,,,,No lift,Sample size too small,No lift,Sample size too small,Sample size too small,,,,,No lift,No lift,Negative impact,,,,No Lift,No Lift,,No Lift,No Lift,,No
21068913,4053,Demo,6.0,2018-07-05,2018-09-08,False,152699.907082,1.80404511E8,1.728027,2457.0,2310.0,0.0,0.0,0.0,0.0,0.0,,,,,,,,,,,285413.889866,1.12846942E8,0.129027,51.0,243.0,1.12846942E8,0.129027,51.0,243.0,1.9382615E7,1171091.0,1.9349865E7,2.1050781E7,9650854.0,,,,,6.7034597E7,6.7034597E7,6.7034597E7,,,,-0.125,-0.0571428571428572,-0.116588419405321,0.0641025641025641,0.166666666666667,,,,,0.014336917562724,0.0746213971665852,-0.0826023391812865,,,,No lift,Sample size too small,No lift,Sample size too small,Sample size too small,,,,,No lift,Directional lift,No lift,,,,No Lift,No Lift,,No Lift,No Lift,,No
21569847,"5832, 4685",Other,0.0,2018-12-11,2019-01-03,True,,,,,,0.0,0.0,0.0,0.0,0.0,,,,,,,,,,,194200.11538,1.62775E7,14.763702,440.0,4.0,1.62775E7,14.763702,440.0,4.0,,,,4456395.0,1261347.0,,,,,4.0952685E7,4.0952685E7,,,,,,,,0.257425742574257,0.257425742574257,,,,,-0.0406547119502231,-0.0406547119502231,,,,,,,,Sample size too small,Sample size too small,,,,,Negative impact,Negative impact,,,,,,No Lift,,,No Lift,,No
21569847,"5832, 4685",Other,1.0,2018-12-11,2019-01-03,False,,,,,,0.0,0.0,0.0,0.0,0.0,,,,,,,,,,,194200.11538,1.62775E7,14.763702,440.0,4.0,1.62775E7,14.763702,440.0,4.0,,,,4456395.0,1261347.0,,,,,4.0952685E7,4.0952685E7,,,,,,,,-0.0445544554455445,-0.0445544554455445,,,,,0.0108991589065537,0.0108991589065537,,,,,,,,Sample size too small,Sample size too small,,,,,No lift,No lift,,,,,,No Lift,,,No Lift,,No
21569847,"5832, 4685",Usage intent,2.0,2018-12-11,2019-01-03,False,,,,,,0.0,0.0,0.0,0.0,0.0,,,,,,,,,,,194200.11538,1.62775E7,2.867189,88.0,2.0,1.62775E7,2.867189,88.0,2.0,,,,4456395.0,1261347.0,,,,,4.0952685E7,4.0952685E7,,,,,,,,0.611111111111111,0.611111111111111,,,,,0.0284492152042921,0.0284492152042921,,,,,,,,Sample size too small,Sample size too small,,,,,Significant lift,Significant lift,,,,,,MIA Device Level,,,1165071.748758585,,Sucessful
21569847,"5832, 4685",Feature recall,3.0,2018-12-11,2019-01-03,False,,,,,,0.0,0.0,0.0,0.0,0.0,,,,,,,,,,,194200.11538,1.62775E7,1.06975,32.0,2.0,1.62775E7,1.06975,32.0,2.0,,,,4456395.0,1261347.0,,,,,4.0952685E7,4.0952685E7,,,,,,,,0.857142857142857,0.857142857142857,,,,,-0.0179075120444309,-0.0179075120444309,,,,,,,,Sample size too small,Sample size too small,,,,,No lift,No lift,,,,,,No Lift,,,No Lift,,No
22365048,6195,Consideration,0.0,2019-03-04,2019-04-20,True,361436.833155,5.2295185E7,2.700483,616.0,416.0,0.0,0.0,0.0,0.0,0.0,,,,,,,,,,,246440.880073,4.0318066E7,5.673584,816.0,2802.0,4.0318066E7,5.673584,816.0,2802.0,4389286.0,1178272.0,3878603.0,3875547.0,,3875547.0,,,,1.1324639E7,1.1324639E7,,,,,-0.333333333333333,-1.0,-0.333333333333333,0.046474358974359,,0.046474358974359,,,,0.0114514241123683,-0.0633152173913043,,,,,Sample size too small,Sample size too small,Sample size too small,No lift*,,No lift*,,,,No lift,No lift,,,,,No Lift,No Lift,,No Lift,No Lift,,No
22365048,6195,Other,1.0,2019-03-04,2019-04-20,False,361436.833155,5.2295185E7,1.717501,340.0,260.0,0.0,0.0,0.0,0.0,0.0,,,,,,,,,,,246440.880073,4.0318066E7,3.504804,522.0,1770.0,4.0318066E7,3.504804,522.0,1770.0,4389286.0,1178272.0,3878603.0,3875547.0,,3875547.0,,,,1.1324639E7,1.1324639E7,,,,,0.0833333333333333,0.5,0.0833333333333333,-0.0703616352201258,,-0.0703616352201258,,,,0.00105345298478346,-0.0301630434782609,,,,,Sample size too small,Sample size too small,Sample size too small,No lift*,,No lift*,,,,No lift,No lift,,,,,No Lift,No Lift,,No Lift,No Lift,,No
22365048,6195,Other,2.0,2019-03-04,2019-04-20,False,361436.833155,5.2295185E7,1.717501,340.0,204.0,0.0,0.0,0.0,0.0,0.0,,,,,,,,,,,246440.880073,4.0318066E7,2.592607,364.0,792.0,4.0318066E7,2.592607,364.0,792.0,4389286.0,1178272.0,3878603.0,3875547.0,,3875547.0,,,,1.1324639E7,1.1324639E7,,,,,-0.8,-1.0,-0.8,-0.118787878787879,,-0.118787878787879,,,,-0.0562162162162162,-0.0528420854507811,,,,,Sample size too small,Sample size too small,Sample size too small,Sample size too small,,Sample size too small,,,,No lift,No lift,,,,,No Lift,No Lift,,No Lift,No Lift,,No
22365048,6195,Qualification,3.0,2019-03-04,2019-04-20,False,,,,,,0.0,0.0,0.0,0.0,0.0,,,,,,,,,,,246440.880073,4.0318066E7,2.081229,296.0,612.0,4.0318066E7,2.081229,296.0,612.0,,,,3875547.0,,3875547.0,,,,1.1324639E7,1.1324639E7,,,,,,,,-0.0461538461538462,,-0.0461538461538462,,,,0.0678352322524102,0.0758145363408521,,,,,,,,Sample size too small,,Sample size too small,,,,Directional lift,Directional lift,,,,,,MIA Device Level,,,768209.5167397024,,Sucessful
21703948,"4854, 4855, 5431, 5474",Other,3.0,2018-10-15,2019-01-03,False,,,,,,0.0,0.0,0.0,0.0,0.0,230616.753684,2.90530709E8,0.013017,12.0,74.0,914034.973328,6.33311508E8,83.655034,57665.0,5447.0,,,,,,0.0,0.0,0.0,0.0,,,,,,,2.0482794E7,,2.0482794E7,1.33032161E8,1.33032161E8,1.33032161E8,2.1287558E7,,2.1287558E7,,,,,,,-0.368924889543446,,-0.368924889543446,0.011472323972324,0.0107905982905983,0.0111028867505552,-0.333333333333333,,-0.333333333333333,,,,,,,Sample size too small,,Sample size too small,No lift,No lift,No lift,Sample size too small,,Sample size too small,,No Lift,,,No Lift,,No
21703948,"4854, 4855, 5431, 5474",Other,5.0,2018-10-15,2019-01-03,False,,,,,,0.0,0.0,0.0,0.0,0.0,230616.753684,2.90530709E8,0.013017,12.0,74.0,914034.973328,6.33311508E8,26.615442,16495.0,200.0,,,,,,0.0,0.0,0.0,0.0,,,,,,,2.0482794E7,,2.0482794E7,1.33032161E8,1.33032161E8,1.33032161E8,2.1287558E7,,2.1287558E7,,,,,,,0.34,,0.34,0.040713706407137,-0.142857142857143,0.0507211538461538,0.666666666666667,,0.666666666666667,,,,,,,Sample size too small,,Sample size too small,No lift,Sample size too small,No lift,Sample size too small,,Sample size too small,,No Lift,,,No Lift,,No
21703948,"4854, 4855, 5431, 5474",Other,6.0,2018-10-15,2019-01-03,False,,,,,,0.0,0.0,0.0,0.0,0.0,230616.753684,2.90530709E8,0.013017,12.0,74.0,914034.973328,6.33311508E8,26.615442,16495.0,200.0,,,,,,0.0,0.0,0.0,0.0,,,,,,,2.0482794E7,,2.0482794E7,1.33032161E8,1.33032161E8,1.33032161E8,2.1287558E7,,2.1287558E7,,,,,,,0.24,,0.24,0.0558922558922559,0.0,0.0588125,-0.666666666666667,,-0.666666666666667,,,,,,,Sample size too small,,Sample size too small,No lift,Sample size too small,Directional lift,Sample size too small,,Sample size too small,,MIA Channel Level,,,,,No
21703948,"4854, 4855, 5431, 5474","Other,Favourability",3.0,2018-10-15,2019-01-03,False,,,,,,,,,,,,,,,,914034.973328,6.33311508E8,2.433033,1647.0,1235.0,,,,,,6.33311508E8,2.433033,1647.0,1235.0,,,,,,,2.0482794E7,,2.0482794E7,,,,,,,,,,,,,0.00714285714285717,,0.00714285714285717,,,,,,,,,,,,,No lift*,,No lift*,,,,,,,,No Lift,,,No Lift,,No
21703948,"4854, 4855, 5431, 5474","Qualification,Other",5.0,2018-10-15,2019-01-03,False,3341435.698691,8.58903451E8,4.610547,2494.0,917.0,,,,,,,,,,,914034.973328,6.33311508E8,0.653361,404.0,110.0,,,,,,6.33311508E8,0.653361,404.0,110.0,4.1457514E7,,2.7240446E7,,,,2.0482794E7,,,,,,,,,-0.244252873563218,,-0.2,,,,-0.0277777777777778,,,,,,,,,Sample size too small,,Sample size too small,,,,Sample size too small,,,,,,,,,No Lift,No Lift,,No Lift,No Lift,,No
21703948,"4854, 4855, 5431, 5474",Declared usage,6.0,2018-10-15,2019-01-03,False,,,,,,,,,,,,,,,,914034.973328,6.33311508E8,0.643828,396.0,110.0,,,,,,6.33311508E8,0.643828,396.0,110.0,,,,,,,2.0482794E7,,2.0482794E7,,,,,,,,,,,,,0.0416666666666667,,0.0416666666666667,,,,,,,,,,,,,Sample size too small,,Sample size too small,,,,,,,,No Lift,,,No Lift,,No
21703948,"4854, 4855, 5431, 5474",Aided awareness,0.0,2018-10-15,2019-01-03,False,3341435.698691,8.58903451E8,38.480469,17058.0,4250.0,0.0,0.0,0.0,0.0,0.0,230616.753684,2.90530709E8,0.036696,36.0,116.0,914034.973328,6.33311508E8,12.061708,8413.0,6398.0,,,,,,1.266623016E9,24.123416,16826.0,12796.0,4.1457514E7,1.6308058E7,2.7240446E7,,,,2.0482794E7,,2.0482794E7,1.33032161E8,1.33032161E8,1.33032161E8,2.1287558E7,,2.1287558E7,0.060919540229885,0.0642857142857143,0.025974025974026,,,,-0.0920972644376901,,-0.0920972644376901,0.00382150630204525,0.00968454034038307,0.00130673109396517,0.5,,0.5,Sample size too small,Sample size too small,Sample size too small,,,,No lift,,No lift,No lift,No lift,No lift,Sample size too small,,Sample size too small,No Lift,,,No Lift,,,No
21703948,"4854, 4855, 5431, 5474",Consideration,1.0,2018-10-15,2019-01-03,True,3341435.698691,8.58903451E8,22.285015,10114.0,2614.0,0.0,0.0,0.0,0.0,0.0,230616.753684,2.90530709E8,0.016571,16.0,110.0,914034.973328,6.33311508E8,8.032167,5351.0,3967.0,,,,,,1.266623016E9,16.064334,10702.0,7934.0,4.1457514E7,1.6308058E7,2.7240446E7,,,,2.0482794E7,,2.0482794E7,1.33032161E8,1.33032161E8,1.33032161E8,2.1287558E7,,2.1287558E7,0.109195402298851,0.15,0.0324675324675325,,,,0.00368248772504087,,0.00368248772504087,-9.25210428324719E-4,0.0233425906145411,-0.0108902917413556,-0.5,,-0.5,Sample size too small,Sample size too small,Sample size too small,,,,No lift,,No lift,No lift,No lift,No lift,Sample size too small,,Sample size too small,No Lift,,,No Lift,,,No
21703948,"4854, 4855, 5431, 5474",Purchase intent,2.0,2018-10-15,2019-01-03,False,3341435.698691,8.58903451E8,13.952436,6715.0,1775.0,0.0,0.0,0.0,0.0,0.0,230616.753684,2.90530709E8,0.016571,16.0,80.0,914034.973328,6.33311508E8,4.364752,3055.0,2398.0,,,,,,1.266623016E9,8.729504,6110.0,4796.0,4.1457514E7,1.6308058E7,2.7240446E7,,,,2.0482794E7,,2.0482794E7,1.33032161E8,1.33032161E8,1.33032161E8,2.1287558E7,,2.1287558E7,-0.0289648622981956,0.0740740740740741,-0.0733876945885841,,,,-0.0157535039962933,,-0.0157535039962933,-0.00729632014263781,-0.00501439463443956,-0.00867292116265,-0.25,,-0.25,Sample size too small,Sample size too small,Sample size too small,,,,No lift,,No lift,No lift,No lift,No lift,Sample size too small,,Sample size too small,No Lift,,,No Lift,,,No
21703948,"4854, 4855, 5431, 5474",Feature recall,4.0,2018-10-15,2019-01-03,False,3341435.698691,8.58903451E8,15.909595,7007.0,2473.0,0.0,0.0,0.0,0.0,0.0,230616.753684,2.90530709E8,0.026035,24.0,122.0,914034.973328,6.33311508E8,1.157121,699.0,222.0,,,,,,1.266623016E9,2.314242,1398.0,444.0,4.1457514E7,1.6308058E7,2.7240446E7,,,,2.0482794E7,,2.0482794E7,1.33032161E8,1.33032161E8,1.33032161E8,2.1287558E7,,2.1287558E7,-0.0606060606060607,0.4,-0.170634920634921,,,,-0.0256410256410257,,-0.0256410256410257,-0.0351173708920188,0.178571428571429,-0.0472810771318234,0.666666666666667,,0.666666666666667,Sample size too small,Sample size too small,Sample size too small,,,,Sample size too small,,Sample size too small,No lift,Sample size too small,No lift,Sample size too small,,Sample size too small,No Lift,,,No Lift,,,No
21721200,4861,Favourability,3.0,2018-10-10,2019-01-01,False,488438.381849,2.70176523E8,16.315555,852.0,210.0,0.0,0.0,0.0,0.0,0.0,,,,,,393458.447932,1.79073096E8,1.494796,806.0,6.0,,,,,,0.0,0.0,0.0,0.0,1.7105408E7,,1.7105408E7,,,,1.0443658E7,,1.0443658E7,3.4544242E7,,,,,,0.178571428571429,,0.178571428571429,,,,0.388888888888889,,0.388888888888889,0.193957115009747,,,,,,Sample size too small,,Sample size too small,,,,Sample size too small,,Sample size too small,Strong Significant lift*,,,,,,No Lift,MIA Device Level,,No Lift,6700101.518518533,,Sucessful
21721200,4861,Aided awareness,0.0,2018-10-10,2019-01-01,False,488438.381849,2.70176523E8,3.198713,2498.0,2344.0,0.0,0.0,0.0,0.0,0.0,,,,,,365868.858178,1.65739337E8,0.837122,645.0,928.0,,,,,,3.31478674E8,1.674244,1290.0,1856.0,1.7105408E7,,1.7105408E7,,,,1.0443658E7,,1.0443658E7,3.3711366E7,,3.3711366E7,,,,-0.0777027027027027,,-0.0777027027027027,,,,-0.8,,-0.8,-0.00276497695852529,,-0.00276497695852529,,,,No lift*,,No lift*,,,,Sample size too small,,Sample size too small,No lift,,No lift,,,,No Lift,,,No Lift,,,No
21721200,4861,Consideration,1.0,2018-10-10,2019-01-01,True,488438.381849,2.70176523E8,1.675732,1488.0,1119.0,0.0,0.0,0.0,0.0,0.0,,,,,,365868.858178,1.65739337E8,0.274483,195.0,370.0,,,,,,3.31478674E8,0.548966,390.0,740.0,1.7105408E7,,1.7105408E7,,,,1.0443658E7,,1.0443658E7,3.3711366E7,,3.3711366E7,,,,0.00675675675675674,,0.00675675675675674,,,,0.1,,0.1,-0.00714285714285715,,-0.00714285714285715,,,,No lift*,,No lift*,,,,Sample size too small,,Sample size too small,No lift,,No lift,,,,No Lift,,,No Lift,,,No
21721200,4861,Purchase intent,2.0,2018-10-10,2019-01-01,False,488438.381849,2.70176523E8,0.901293,839.0,639.0,0.0,0.0,0.0,0.0,0.0,,,,,,365868.858178,1.65739337E8,0.152825,120.0,188.0,,,,,,3.31478674E8,0.30565,240.0,376.0,1.7105408E7,,1.7105408E7,,,,1.0443658E7,,1.0443658E7,3.3711366E7,,3.3711366E7,,,,-0.0140692640692641,,-0.0140692640692641,,,,0.08,,0.08,-0.0282051282051282,,-0.0282051282051282,,,,Sample size too small,,Sample size too small,,,,Sample size too small,,Sample size too small,No lift,,No lift,,,,No Lift,,,No Lift,,,No
21721200,4861,Other,3.0,2018-10-12,2019-01-01,False,488438.381849,2.70176523E8,0.65524,744.0,528.0,0.0,0.0,0.0,0.0,0.0,,,,,,365868.858178,1.65739337E8,0.152825,120.0,176.0,,,,,,3.31478674E8,0.30565,240.0,352.0,1.7105408E7,,1.7105408E7,,,,9941439.0,,9941439.0,3.3711366E7,,3.3711366E7,,,,-0.00483091787439613,,-0.00483091787439613,,,,0.0,,0.0,-0.00660650982919755,,-0.00660650982919755,,,,Sample size too small,,Sample size too small,,,,Sample size too small,,Sample size too small,No lift,,No lift,,,,No Lift,,,No Lift,,,No
21721200,4861,Feature recall,4.0,2018-10-10,2019-01-01,False,488438.381849,2.70176523E8,0.701007,888.0,783.0,0.0,0.0,0.0,0.0,0.0,,,,,,365868.858178,1.65739337E8,0.152825,120.0,380.0,,,,,,3.31478674E8,0.30565,240.0,760.0,1.7105408E7,,1.7105408E7,,,,9941439.0,,9941439.0,3.3711366E7,,3.3711366E7,,,,0.115555555555556,,0.115555555555556,,,,-0.333333333333333,,-0.333333333333333,-0.0365384615384615,,-0.0365384615384615,,,,Sample size too small,,Sample size too small,,,,Sample size too small,,Sample size too small,No lift,,No lift,,,,No Lift,,,No Lift,,,No
21721200,4861,Other,5.0,2018-10-12,2019-01-01,False,488438.381849,2.70176523E8,0.539971,582.0,510.0,0.0,0.0,0.0,0.0,0.0,,,,,,365868.858178,1.65739337E8,0.152825,120.0,104.0,,,,,,3.31478674E8,0.30565,240.0,208.0,1.7105408E7,,1.7105408E7,,,,9941439.0,,9941439.0,3.3711366E7,,3.3711366E7,,,,-0.0823529411764706,,-0.0823529411764706,,,,0.166666666666667,,0.166666666666667,-0.0541549953314659,,-0.0541549953314659,,,,Sample size too small,,Sample size too small,,,,Sample size too small,,Sample size too small,No lift,,No lift,,,,No Lift,,,No Lift,,,No
21709687,"4971, 5088",Aided awareness,0.0,2018-10-12,2019-01-01,False,1255171.561701,4.95541097E8,37.609102,16799.0,34928.0,,,,,,,,,,,1238221.442272,4.65460611E8,4.128741,2765.0,480.0,,,,,,4.65460611E8,4.128741,2765.0,480.0,5.1955429E7,1.6549001E7,3.8283719E7,,,,8.5563451E7,,8.5563298E7,,,,,,,0.0725693225693226,0.0709219858156028,0.0725693225693226,,,,0.0512820512820512,,0.0512820512820512,,,,,,,Directional lift,No lift,Directional lift,,,,Sample size too small,,Sample size too small,,,,,,,Desktop Level,No Lift,,3770370.286328538,No Lift,,Sucessful
21709687,"4971, 5088",Consideration,1.0,2018-10-12,2019-01-01,True,1255171.561701,4.95541097E8,23.343154,12778.0,30622.0,,,,,,,,,,,1238221.442272,4.65460611E8,2.323066,1477.0,420.0,,,,,,4.65460611E8,2.323066,1477.0,420.0,5.1955429E7,1.6549001E7,3.8283719E7,,,,8.5563451E7,,8.5563298E7,,,,,,,0.0321165321165321,0.049645390070922,0.0321165321165321,,,,0.148717948717949,,0.148717948717949,,,,,,,No lift,No lift,No lift,,,,Sample size too small,,Sample size too small,,,,,,,No Lift,No Lift,,No Lift,No Lift,,No
21709687,"4971, 5088",Consideration,2.0,2018-10-12,2019-01-01,False,1255171.561701,4.95541097E8,5.532383,3130.0,3026.0,,,,,,,,,,,1238221.442272,4.65460611E8,1.935342,1718.0,432.0,,,,,,4.65460611E8,1.935342,1718.0,432.0,5.1955429E7,1.6549001E7,3.8283719E7,,,,8.5563451E7,,8.5563298E7,,,,,,,0.195804195804196,0.138888888888889,0.195804195804196,,,,-0.285714285714286,,-0.285714285714286,,,,,,,Sample size too small,Sample size too small,Sample size too small,,,,Sample size too small,,Sample size too small,,,,,,,No Lift,No Lift,,No Lift,No Lift,,No
21709687,"4971, 5088",Purchase intent,3.0,2018-10-12,2019-01-01,False,1255171.561701,4.95541097E8,19.616013,10645.0,16416.0,,,,,,,,,,,1238221.442272,4.65460611E8,0.78519,723.0,252.0,,,,,,4.65460611E8,0.78519,723.0,252.0,5.1955429E7,1.6549001E7,3.8283719E7,,,,8.5563451E7,,8.5563298E7,,,,,,,0.0622923588039867,0.0485914161467196,0.0622923588039867,,,,0.384615384615385,,0.384615384615385,,,,,,,Directional lift,No lift,Directional lift,,,,Sample size too small,,Sample size too small,,,,,,,Desktop Level,No Lift,,3236426.225083056,No Lift,,Sucessful
21709687,"4971, 5088",Declared usage,4.0,2018-10-12,2019-01-01,False,1255171.561701,4.95541097E8,17.456756,9207.0,14346.0,,,,,,,,,,,1238221.442272,4.65460611E8,0.824623,726.0,72.0,,,,,,4.65460611E8,0.824623,726.0,72.0,5.1955429E7,1.6549001E7,3.8283719E7,,,,8.5563451E7,,8.5563298E7,,,,,,,-0.00481283422459892,-0.00303030303030304,-0.00481283422459892,,,,0.3,,0.3,,,,,,,No lift,No lift,No lift,,,,Sample size too small,,Sample size too small,,,,,,,No Lift,No Lift,,No Lift,No Lift,,No
21709687,"4971, 5088",Declared usage,5.0,2018-10-12,2019-01-01,False,1255171.561701,4.95541097E8,16.626488,8684.0,10900.0,,,,,,,,,,,1238221.442272,4.65460611E8,0.691916,616.0,60.0,,,,,,4.65460611E8,0.691916,616.0,60.0,5.1955429E7,1.6549001E7,3.8283719E7,,,,8.5563451E7,,8.5563298E7,,,,,,,0.0707957342083676,0.0540818232766672,0.0707957342083676,,,,-0.125,,-0.125,,,,,,,No lift,No lift,No lift,,,,Sample size too small,,Sample size too small,,,,,,,No Lift,No Lift,,No Lift,No Lift,,No
21726219,"4784, 4785",Aided awareness,0.0,2018-10-05,2019-01-01,False,3011753.229726,2.293492447E9,53.848315,28440.0,41210.0,0.0,0.0,292.00175,249440.0,154132.0,,,,,,1769726.584275,1.760386156E9,25.559733,29673.0,10857.0,,,,,,3.520772312E9,343.121216,308786.0,175846.0,2.00995028E8,1.5504427E7,1.94159614E8,,,,7.7379753E7,,7.7377311E7,3.21232762E8,,,,,,-0.0236861686003252,-0.11963696369637,-0.00576331967213117,,,,0.086197021764032,,0.086197021764032,0.0254227941607826,,,,,,No lift,Negative impact,No lift,,,,No lift,,No lift,No lift,,,,,,No Lift,,,No Lift,,,No
21726219,"4784, 4785",Consideration,1.0,2018-10-05,2019-01-01,True,3011753.229726,2.293492447E9,37.551099,19296.0,25630.0,0.0,0.0,216.301379,177110.0,115286.0,,,,,,1769726.584275,1.760386156E9,16.912574,18303.0,9150.0,,,,,,3.520772312E9,250.126527,213716.0,133586.0,2.00995028E8,1.5504427E7,1.94159614E8,,,,7.7379753E7,,7.7377311E7,3.21232762E8,,,,,,-0.00955374668844627,-0.0308947561422809,0.0106983418367347,,,,-0.0330756013745705,,-0.0330756013745705,0.0153447831486211,,,,,,No lift,No lift,No lift,,,,No lift,,No lift,No lift,,,,,,No Lift,,,No Lift,,,No
21726219,"4784, 4785",Consideration,2.0,2018-10-05,2019-01-01,False,3011753.229726,2.293492447E9,20.378202,6830.0,10959.0,0.0,0.0,0.0,0.0,17398.0,,,,,,1769726.584275,1.760386156E9,3.606376,3261.0,2943.0,,,,,,3.520772312E9,7.212752,6522.0,23284.0,2.00995028E8,1.5504427E7,1.94159614E8,,,,7.7379753E7,,7.7377311E7,3.21232762E8,,,,,,-0.00496524329692161,0.00421052631578944,0.0196078431372549,,,,-0.166666666666667,,-0.166666666666667,0.0280303030303031,,,,,,No lift,Sample size too small,No lift,,,,Sample size too small,,Sample size too small,No lift,,,,,,No Lift,,,No Lift,,,No
21726219,"4784, 4785",Favourability,3.0,2018-10-05,2019-01-01,False,3011753.229726,2.293492447E9,19.770843,11682.0,14825.0,0.0,0.0,130.090437,114756.0,67390.0,,,,,,1769726.584275,1.760386156E9,12.275243,13578.0,5622.0,,,,,,3.520772312E9,154.640923,141912.0,78634.0,2.00995028E8,1.5504427E7,1.94159614E8,,,,7.7379753E7,,7.7377311E7,3.21232762E8,,,,,,0.0460426179604262,0.00725900116144018,0.0517612694011932,,,,0.0776836158192091,,0.0776836158192091,-0.027749811225774,,,,,,No lift,No lift,No lift,,,,No lift,,No lift,No lift,,,,,,No Lift,,,No Lift,,,No
21726219,"4784, 4785",Other,4.0,2018-10-05,2019-01-01,False,3011753.229726,2.293492447E9,8.972491,6354.0,5107.0,0.0,0.0,70.739137,57081.0,36790.0,,,,,,1769726.584275,1.760386156E9,6.746378,6567.0,2757.0,,,,,,3.520772312E9,84.231893,70215.0,42304.0,2.00995028E8,1.5504427E7,1.94159614E8,,,,7.7379753E7,,7.7377311E7,3.21232762E8,,,,,,-0.0397062484441125,-0.00304878048780488,-0.0357041251778094,,,,-0.0800865800865801,,-0.0800865800865801,-0.00968861467270798,,,,,,No lift,Sample size too small,No lift,,,,Sample size too small,,Sample size too small,No lift,,,,,,No Lift,,,No Lift,,,No
21726219,"4784, 4785",Declared usage,5.0,2018-10-05,2019-01-01,False,3011753.229726,2.293492447E9,19.420951,11120.0,14060.0,0.0,0.0,120.656687,104840.0,55693.0,,,,,,1769726.584275,1.760386156E9,11.242533,12414.0,5337.0,,,,,,3.520772312E9,143.141753,129668.0,66367.0,2.00995028E8,1.5504427E7,1.94159614E8,,,,7.7379753E7,,7.7377311E7,3.21232762E8,,,,,,0.0351762398966952,0.0151898734177216,0.0392254633092329,,,,0.0143956316703897,,0.0143956316703897,-0.0105738780161391,,,,,,No lift,No lift,No lift,,,,No lift,,No lift,No lift,,,,,,No Lift,,,No Lift,,,No
21709699,"4773, 4772, 4781, 3846",Aided awareness,0.0,2018-11-14,2019-01-02,False,2047013.387528,4.22139785E8,16.034878,4549.0,1956.0,0.0,0.0,0.0,0.0,0.0,,,,,,307390.344062,2.81017834E8,9.421132,5328.0,183.0,882628.729483,2.89204532E8,14.782417,6217.0,896.0,2.89204532E8,14.782417,6217.0,896.0,4.4282695E7,,4.1365709E7,3.8298883E7,,3.7209218E7,1.3710999E7,,1.3710999E7,1.38458713E8,1.38458713E8,1.38458713E8,,,,-0.0302521008403361,,-0.0143790849673203,0.0340676229508197,,0.0307348901098901,-0.125155925155925,,-0.125155925155925,0.0351595250387197,0.0827709801013472,0.0124024757895265,,,,Sample size too small,,Sample size too small,No lift,,No lift,Sample size too small,,Sample size too small,Significant lift,Strong Significant lift,No lift,,,,No Lift,MIA Device Level,,No Lift,4868142.586552405,,Sucessful
21709699,"4773, 4772, 4781, 3846",Consideration,1.0,2018-11-14,2019-01-02,True,2047013.387528,4.22139785E8,12.090766,3601.0,1338.0,0.0,0.0,0.0,0.0,0.0,,,,,,307390.344062,2.81017834E8,9.213844,5214.0,153.0,882628.729483,2.89204532E8,11.246607,4852.0,752.0,2.89204532E8,11.246607,4852.0,752.0,4.4282695E7,,4.1365709E7,3.8298883E7,,3.7209218E7,1.3710999E7,,1.3710999E7,1.38458713E8,1.38458713E8,1.38458713E8,,,,0.0428571428571429,,0.0666666666666667,-0.00486680327868852,,-0.00360576923076922,-0.046985446985447,,-0.046985446985447,0.0280825129477354,0.057051044370288,0.0266057117935219,,,,Sample size too small,,Sample size too small,No lift,,No lift,Sample size too small,,Sample size too small,Significant lift,Strong Significant lift,Directional lift,,,,No Lift,MIA Device Level,,No Lift,3888268.6005492797,,Sucessful
21709699,"4773, 4772, 4781, 3846",Purchase intent,2.0,2018-11-14,2019-01-02,False,2047013.387528,4.22139785E8,7.755586,2398.0,1170.0,0.0,0.0,0.0,0.0,0.0,,,,,,307390.344062,2.81017834E8,6.165004,3719.0,72.0,882628.729483,2.89204532E8,6.763589,3028.0,539.0,2.89204532E8,6.763589,3028.0,539.0,4.4282695E7,,4.1365709E7,3.8298883E7,,3.7209218E7,1.3710999E7,,1.3710999E7,1.38458713E8,1.38458713E8,1.38458713E8,,,,-0.00263157894736843,,-0.0109649122807018,0.0155155155155155,,0.0162509448223734,-0.0499001996007984,,-0.0499001996007984,0.0271724450408218,0.03837644742584,0.0278121376111326,,,,Sample size too small,,Sample size too small,No lift,,No lift,Sample size too small,,Sample size too small,Significant lift,Directional lift,Directional lift,,,,No Lift,MIA Device Level,,No Lift,3762261.769415419,,Sucessful
21709699,"4773, 4772, 4781, 3846",Favourability,3.0,2018-11-14,2019-01-02,False,2047013.387528,4.22139785E8,6.963868,2245.0,1086.0,0.0,0.0,0.0,0.0,0.0,,,,,,307390.344062,2.81017834E8,6.029313,3632.0,69.0,882628.729483,2.89204532E8,6.424584,2838.0,488.0,2.89204532E8,6.424584,2838.0,488.0,4.4282695E7,,4.1365709E7,3.8298883E7,,3.7209218E7,1.3710999E7,,1.3710999E7,1.38458713E8,1.38458713E8,1.38458713E8,,,,0.0808823529411765,,0.108056265984655,0.0343716433941998,,0.0343716433941998,0.00230680507497116,,0.00230680507497116,-0.0041518262448495,0.0221595884730704,0.00138317551252876,,,,Sample size too small,,Sample size too small,No lift*,,No lift*,Sample size too small,,Sample size too small,No lift,No lift,No lift,,,,No Lift,No Lift,,No Lift,No Lift,,No
21709699,"4773, 4772, 4781, 3846",Feature recall,4.0,2018-11-14,2019-01-02,False,2047013.387528,4.22139785E8,9.736667,2711.0,432.0,0.0,0.0,0.0,0.0,0.0,,,,,,307390.344062,2.81017834E8,8.320124,5087.0,78.0,882628.729483,2.89204532E8,9.166356,3513.0,389.0,2.89204532E8,9.166356,3513.0,389.0,4.4282695E7,,4.1365709E7,3.8298883E7,,3.7209218E7,1.3710999E7,,1.3710999E7,1.38458713E8,1.38458713E8,1.38458713E8,,,,0.134206219312602,,0.134206219312602,-0.00945945945945947,,-0.00945945945945947,0.0829103214890017,,0.0829103214890017,0.0573555094240148,0.101507687714584,0.0568433146632199,,,,Sample size too small,,Sample size too small,Sample size too small,,Sample size too small,Sample size too small,,Sample size too small,Strong Significant lift,Strong Significant lift,Significant lift,,,,No Lift,MIA Device Level,,No Lift,7941370.018308461,,Sucessful
21709699,"4773, 4772, 4781, 3846",Declared usage,5.0,2018-11-14,2019-01-02,False,2047013.387528,4.22139785E8,4.784216,1348.0,360.0,0.0,0.0,0.0,0.0,0.0,,,,,,307390.344062,2.81017834E8,3.160404,1933.0,21.0,882628.729483,2.89204532E8,4.3402,1562.0,185.0,2.89204532E8,4.3402,1562.0,185.0,4.4282695E7,,4.1365709E7,3.8298883E7,,3.7209218E7,1.3710999E7,,1.3710999E7,1.38458713E8,1.38458713E8,1.38458713E8,,,,-0.115942028985507,,-0.115942028985507,-0.025,,-0.025,-0.0833333333333334,,-0.0833333333333334,0.0490475133504812,0.157905138339921,-0.0157488305072706,,,,Sample size too small,,Sample size too small,Sample size too small,,Sample size too small,Sample size too small,,Sample size too small,Strong Significant lift,Strong Significant lift,No lift,,,,No Lift,MIA Device Level,,No Lift,6791055.574357945,,Sucessful
