,DCM_Id,Olive_Plan_Id,questioncategory,question,study_start_date,study_end_date,primarygoal,dsk_campaign_cost,dsk_campaign_imps,dsk_study_cost,dsk_study_imps_exp,dsk_study_imps_con,dsk_campaign_reach,dsk_vid_campaign_reach,dsk_bnr_campaign_reach,dsk_obsrvd_abs_lift,dsk_vid_obsrvd_abs_lift,dsk_bnr_obsrvd_abs_lift,dsk_significance,dsk_vid_significance,dsk_bnr_significance,desktop_route,total_desktop_user,success,Olive Plan Name,Quarter,Channel,Impressions,Clicks,Spend,Mrf_Id,MMG,DCM_Campaign_Name,map,olive
0,22290676,"6130,6477,5811",Aided awareness,0.0,2/13/2019,4/5/2019,True,2217438.65,536000000.0,0.31359499999999996,189.0,90.0,44300000.0,22400000.0,26000000.0,-0.008454206,-0.019665415,0.0030555559999999996,No lift,No lift,No lift,No Lift,No Lift,No,Project Fi NA Q1 2019 United States - Brand,Q1,Display,196999026.0,196608.0,132141332.0,1006296,Marvin,1006296 + 1004502 | Google Fi | Brand + DR | ESS01 | NA | United States | Q1 2019 | Re-Brand,"6130,6477,5811",6130
1,22290676,"6130,6477,5811",Consideration,1.0,2/13/2019,4/5/2019,False,2217438.65,536000000.0,0.239209,69.0,18.0,44300000.0,22400000.0,26000000.0,-0.058973097,-0.050522175999999995,-0.11262376199999999,Negative impact,No lift,Negative impact,No Lift,No Lift,Sucessful,Project Fi NA Q1 2019 United States - Brand,Q1,Display,196999026.0,196608.0,132141332.0,1006296,Marvin,1006296 + 1004502 | Google Fi | Brand + DR | ESS01 | NA | United States | Q1 2019 | Re-Brand,"6130,6477,5811",6130
2,22290676,"6130,6477,5811",Feature recall,2.0,2/13/2019,4/5/2019,False,2217438.65,536000000.0,31.200740999999997,6065.0,7377.0,44300000.0,22400000.0,26000000.0,0.029764065,0.072463768,-0.016692749,No lift,No lift,No lift,No Lift,No Lift,Sucessful,Project Fi NA Q1 2019 United States - Brand,Q1,Display,196999026.0,196608.0,132141332.0,1006296,Marvin,1006296 + 1004502 | Google Fi | Brand + DR | ESS01 | NA | United States | Q1 2019 | Re-Brand,"6130,6477,5811",6130
3,22290676,"6130,6477,5811",Other,3.0,2/13/2019,4/5/2019,False,2217438.65,536000000.0,22.589608,4321.0,4609.0,44300000.0,22400000.0,26000000.0,0.06093965900000001,0.045160341,0.059109312000000004,No lift,No lift,No lift,No Lift,No Lift,No,Project Fi NA Q1 2019 United States - Brand,Q1,Display,196999026.0,196608.0,132141332.0,1006296,Marvin,1006296 + 1004502 | Google Fi | Brand + DR | ESS01 | NA | United States | Q1 2019 | Re-Brand,"6130,6477,5811",6130
4,22290676,"6130,6477,5811",Aided awareness,0.0,2/13/2019,4/5/2019,True,2217438.65,536000000.0,0.31359499999999996,189.0,90.0,44300000.0,22400000.0,26000000.0,-0.008454206,-0.019665415,0.0030555559999999996,No lift,No lift,No lift,No Lift,No Lift,No,Project Fi NA Q1 2019 United States - Brand,Q1,Video,324995175.0,887437.0,562316398.0,1006296,Marvin,1006296 + 1004502 | Google Fi | Brand + DR | ESS01 | NA | United States | Q1 2019 | Re-Brand,"6130,6477,5811",6130
5,22290676,"6130,6477,5811",Consideration,1.0,2/13/2019,4/5/2019,False,2217438.65,536000000.0,0.239209,69.0,18.0,44300000.0,22400000.0,26000000.0,-0.058973097,-0.050522175999999995,-0.11262376199999999,Negative impact,No lift,Negative impact,No Lift,No Lift,Sucessful,Project Fi NA Q1 2019 United States - Brand,Q1,Video,324995175.0,887437.0,562316398.0,1006296,Marvin,1006296 + 1004502 | Google Fi | Brand + DR | ESS01 | NA | United States | Q1 2019 | Re-Brand,"6130,6477,5811",6130
6,22290676,"6130,6477,5811",Feature recall,2.0,2/13/2019,4/5/2019,False,2217438.65,536000000.0,31.200740999999997,6065.0,7377.0,44300000.0,22400000.0,26000000.0,0.029764065,0.072463768,-0.016692749,No lift,No lift,No lift,No Lift,No Lift,Sucessful,Project Fi NA Q1 2019 United States - Brand,Q1,Video,324995175.0,887437.0,562316398.0,1006296,Marvin,1006296 + 1004502 | Google Fi | Brand + DR | ESS01 | NA | United States | Q1 2019 | Re-Brand,"6130,6477,5811",6130
7,22290676,"6130,6477,5811",Other,3.0,2/13/2019,4/5/2019,False,2217438.65,536000000.0,22.589608,4321.0,4609.0,44300000.0,22400000.0,26000000.0,0.06093965900000001,0.045160341,0.059109312000000004,No lift,No lift,No lift,No Lift,No Lift,No,Project Fi NA Q1 2019 United States - Brand,Q1,Video,324995175.0,887437.0,562316398.0,1006296,Marvin,1006296 + 1004502 | Google Fi | Brand + DR | ESS01 | NA | United States | Q1 2019 | Re-Brand,"6130,6477,5811",6130
8,22437524,"6380,6327",Other,0.0,3/14/2019,5/9/2019,False,271669.6036,49000000.0,1.573783,170.0,232.0,8620850.0,4826769.0,3793696.0,0.074489123,0.07838827799999999,0.06097561,No lift*,No lift*,No lift*,No Lift,No Lift,No,Google Helpfulness NA 2019 Q1-Q3 North America,Q1,Display,2630138.0,2617.0,24646177.0,1005537,Jeff,1005537 | Brand | BR | ESS01 | NA | US | 2019 | Helpfulness,"6380,6327",6327
9,22437524,"6380,6327",Usage intent,1.0,3/14/2019,5/9/2019,False,271669.6036,49000000.0,4.147611,448.0,232.0,8620850.0,4826769.0,3793696.0,-0.006591958,-0.061538462,0.0054200540000000005,No lift*,No lift*,No lift*,No Lift,No Lift,No,Google Helpfulness NA 2019 Q1-Q3 North America,Q1,Display,2630138.0,2617.0,24646177.0,1005537,Jeff,1005537 | Brand | BR | ESS01 | NA | US | 2019 | Helpfulness,"6380,6327",6327
10,22437524,"6380,6327",Usage intent,2.0,4/11/2019,5/15/2019,False,271669.6036,49000000.0,3.323674,370.0,1184.0,8620850.0,4826769.0,3793696.0,0.12016718900000001,0.093189964,0.128787879,Sample size too small,Sample size too small,Sample size too small,No Lift,No Lift,No,Google Helpfulness NA 2019 Q1-Q3 North America,Q1,Display,2630138.0,2617.0,24646177.0,1005537,Jeff,1005537 | Brand | BR | ESS01 | NA | US | 2019 | Helpfulness,"6380,6327",6327
11,22437524,"6380,6327",Other,3.0,3/14/2019,5/9/2019,False,271669.6036,49000000.0,1.123637,128.0,232.0,8620850.0,4826769.0,3793696.0,0.0,-0.002873563,0.025,Sample size too small,Sample size too small,Sample size too small,No Lift,No Lift,No,Google Helpfulness NA 2019 Q1-Q3 North America,Q1,Display,2630138.0,2617.0,24646177.0,1005537,Jeff,1005537 | Brand | BR | ESS01 | NA | US | 2019 | Helpfulness,"6380,6327",6327
12,22437524,"6380,6327",Favourability,4.0,3/14/2019,5/9/2019,False,271669.6036,49000000.0,1.090619,124.0,232.0,8620850.0,4826769.0,3793696.0,0.079022989,0.077639752,0.055472264,Sample size too small,Sample size too small,Sample size too small,No Lift,No Lift,No,Google Helpfulness NA 2019 Q1-Q3 North America,Q1,Display,2630138.0,2617.0,24646177.0,1005537,Jeff,1005537 | Brand | BR | ESS01 | NA | US | 2019 | Helpfulness,"6380,6327",6327
13,22437524,"6380,6327",Other,5.0,3/14/2019,5/9/2019,False,271669.6036,49000000.0,1.090619,124.0,232.0,8620850.0,4826769.0,3793696.0,-0.14285714300000002,-0.15136876,-0.121118012,Sample size too small,Sample size too small,Sample size too small,No Lift,No Lift,No,Google Helpfulness NA 2019 Q1-Q3 North America,Q1,Display,2630138.0,2617.0,24646177.0,1005537,Jeff,1005537 | Brand | BR | ESS01 | NA | US | 2019 | Helpfulness,"6380,6327",6327
14,22437524,"6380,6327",Other,0.0,3/14/2019,5/9/2019,False,271669.6036,49000000.0,1.573783,170.0,232.0,8620850.0,4826769.0,3793696.0,0.074489123,0.07838827799999999,0.06097561,No lift*,No lift*,No lift*,No Lift,No Lift,No,Google Helpfulness NA 2019 Q1-Q3 North America,Q1,Video,5002079.0,14344.0,12706663.0,1005537,Jeff,1005537 | Brand | BR | ESS01 | NA | US | 2019 | Helpfulness,"6380,6327",6327
15,22437524,"6380,6327",Usage intent,1.0,3/14/2019,5/9/2019,False,271669.6036,49000000.0,4.147611,448.0,232.0,8620850.0,4826769.0,3793696.0,-0.006591958,-0.061538462,0.0054200540000000005,No lift*,No lift*,No lift*,No Lift,No Lift,No,Google Helpfulness NA 2019 Q1-Q3 North America,Q1,Video,5002079.0,14344.0,12706663.0,1005537,Jeff,1005537 | Brand | BR | ESS01 | NA | US | 2019 | Helpfulness,"6380,6327",6327
16,22437524,"6380,6327",Usage intent,2.0,4/11/2019,5/15/2019,False,271669.6036,49000000.0,3.323674,370.0,1184.0,8620850.0,4826769.0,3793696.0,0.12016718900000001,0.093189964,0.128787879,Sample size too small,Sample size too small,Sample size too small,No Lift,No Lift,No,Google Helpfulness NA 2019 Q1-Q3 North America,Q1,Video,5002079.0,14344.0,12706663.0,1005537,Jeff,1005537 | Brand | BR | ESS01 | NA | US | 2019 | Helpfulness,"6380,6327",6327
17,22437524,"6380,6327",Other,3.0,3/14/2019,5/9/2019,False,271669.6036,49000000.0,1.123637,128.0,232.0,8620850.0,4826769.0,3793696.0,0.0,-0.002873563,0.025,Sample size too small,Sample size too small,Sample size too small,No Lift,No Lift,No,Google Helpfulness NA 2019 Q1-Q3 North America,Q1,Video,5002079.0,14344.0,12706663.0,1005537,Jeff,1005537 | Brand | BR | ESS01 | NA | US | 2019 | Helpfulness,"6380,6327",6327
18,22437524,"6380,6327",Favourability,4.0,3/14/2019,5/9/2019,False,271669.6036,49000000.0,1.090619,124.0,232.0,8620850.0,4826769.0,3793696.0,0.079022989,0.077639752,0.055472264,Sample size too small,Sample size too small,Sample size too small,No Lift,No Lift,No,Google Helpfulness NA 2019 Q1-Q3 North America,Q1,Video,5002079.0,14344.0,12706663.0,1005537,Jeff,1005537 | Brand | BR | ESS01 | NA | US | 2019 | Helpfulness,"6380,6327",6327
19,22437524,"6380,6327",Other,5.0,3/14/2019,5/9/2019,False,271669.6036,49000000.0,1.090619,124.0,232.0,8620850.0,4826769.0,3793696.0,-0.14285714300000002,-0.15136876,-0.121118012,Sample size too small,Sample size too small,Sample size too small,No Lift,No Lift,No,Google Helpfulness NA 2019 Q1-Q3 North America,Q1,Video,5002079.0,14344.0,12706663.0,1005537,Jeff,1005537 | Brand | BR | ESS01 | NA | US | 2019 | Helpfulness,"6380,6327",6327
20,22437524,"6380,6327",Other,0.0,3/14/2019,5/9/2019,False,271669.6036,49000000.0,1.573783,170.0,232.0,8620850.0,4826769.0,3793696.0,0.074489123,0.07838827799999999,0.06097561,No lift*,No lift*,No lift*,No Lift,No Lift,No,Google Helpfulness NA 2019 Q1-Q3 North America,Q2,Display,13685899.0,11082.0,27478612.0,1005537,Jeff,1005537 | Brand | BR | ESS01 | NA | US | 2019 | Helpfulness,"6380,6327",6327
21,22437524,"6380,6327",Usage intent,1.0,3/14/2019,5/9/2019,False,271669.6036,49000000.0,4.147611,448.0,232.0,8620850.0,4826769.0,3793696.0,-0.006591958,-0.061538462,0.0054200540000000005,No lift*,No lift*,No lift*,No Lift,No Lift,No,Google Helpfulness NA 2019 Q1-Q3 North America,Q2,Display,13685899.0,11082.0,27478612.0,1005537,Jeff,1005537 | Brand | BR | ESS01 | NA | US | 2019 | Helpfulness,"6380,6327",6327
22,22437524,"6380,6327",Usage intent,2.0,4/11/2019,5/15/2019,False,271669.6036,49000000.0,3.323674,370.0,1184.0,8620850.0,4826769.0,3793696.0,0.12016718900000001,0.093189964,0.128787879,Sample size too small,Sample size too small,Sample size too small,No Lift,No Lift,No,Google Helpfulness NA 2019 Q1-Q3 North America,Q2,Display,13685899.0,11082.0,27478612.0,1005537,Jeff,1005537 | Brand | BR | ESS01 | NA | US | 2019 | Helpfulness,"6380,6327",6327
23,22437524,"6380,6327",Other,3.0,3/14/2019,5/9/2019,False,271669.6036,49000000.0,1.123637,128.0,232.0,8620850.0,4826769.0,3793696.0,0.0,-0.002873563,0.025,Sample size too small,Sample size too small,Sample size too small,No Lift,No Lift,No,Google Helpfulness NA 2019 Q1-Q3 North America,Q2,Display,13685899.0,11082.0,27478612.0,1005537,Jeff,1005537 | Brand | BR | ESS01 | NA | US | 2019 | Helpfulness,"6380,6327",6327
24,22437524,"6380,6327",Favourability,4.0,3/14/2019,5/9/2019,False,271669.6036,49000000.0,1.090619,124.0,232.0,8620850.0,4826769.0,3793696.0,0.079022989,0.077639752,0.055472264,Sample size too small,Sample size too small,Sample size too small,No Lift,No Lift,No,Google Helpfulness NA 2019 Q1-Q3 North America,Q2,Display,13685899.0,11082.0,27478612.0,1005537,Jeff,1005537 | Brand | BR | ESS01 | NA | US | 2019 | Helpfulness,"6380,6327",6327
25,22437524,"6380,6327",Other,5.0,3/14/2019,5/9/2019,False,271669.6036,49000000.0,1.090619,124.0,232.0,8620850.0,4826769.0,3793696.0,-0.14285714300000002,-0.15136876,-0.121118012,Sample size too small,Sample size too small,Sample size too small,No Lift,No Lift,No,Google Helpfulness NA 2019 Q1-Q3 North America,Q2,Display,13685899.0,11082.0,27478612.0,1005537,Jeff,1005537 | Brand | BR | ESS01 | NA | US | 2019 | Helpfulness,"6380,6327",6327
26,22437524,"6380,6327",Other,0.0,3/14/2019,5/9/2019,False,271669.6036,49000000.0,1.573783,170.0,232.0,8620850.0,4826769.0,3793696.0,0.074489123,0.07838827799999999,0.06097561,No lift*,No lift*,No lift*,No Lift,No Lift,No,Google Helpfulness NA 2019 Q1-Q3 North America,Q2,Video,45295670.0,106869.0,68382127.0,1005537,Jeff,1005537 | Brand | BR | ESS01 | NA | US | 2019 | Helpfulness,"6380,6327",6327
27,22437524,"6380,6327",Usage intent,1.0,3/14/2019,5/9/2019,False,271669.6036,49000000.0,4.147611,448.0,232.0,8620850.0,4826769.0,3793696.0,-0.006591958,-0.061538462,0.0054200540000000005,No lift*,No lift*,No lift*,No Lift,No Lift,No,Google Helpfulness NA 2019 Q1-Q3 North America,Q2,Video,45295670.0,106869.0,68382127.0,1005537,Jeff,1005537 | Brand | BR | ESS01 | NA | US | 2019 | Helpfulness,"6380,6327",6327
28,22437524,"6380,6327",Usage intent,2.0,4/11/2019,5/15/2019,False,271669.6036,49000000.0,3.323674,370.0,1184.0,8620850.0,4826769.0,3793696.0,0.12016718900000001,0.093189964,0.128787879,Sample size too small,Sample size too small,Sample size too small,No Lift,No Lift,No,Google Helpfulness NA 2019 Q1-Q3 North America,Q2,Video,45295670.0,106869.0,68382127.0,1005537,Jeff,1005537 | Brand | BR | ESS01 | NA | US | 2019 | Helpfulness,"6380,6327",6327
29,22437524,"6380,6327",Other,3.0,3/14/2019,5/9/2019,False,271669.6036,49000000.0,1.123637,128.0,232.0,8620850.0,4826769.0,3793696.0,0.0,-0.002873563,0.025,Sample size too small,Sample size too small,Sample size too small,No Lift,No Lift,No,Google Helpfulness NA 2019 Q1-Q3 North America,Q2,Video,45295670.0,106869.0,68382127.0,1005537,Jeff,1005537 | Brand | BR | ESS01 | NA | US | 2019 | Helpfulness,"6380,6327",6327
30,22437524,"6380,6327",Favourability,4.0,3/14/2019,5/9/2019,False,271669.6036,49000000.0,1.090619,124.0,232.0,8620850.0,4826769.0,3793696.0,0.079022989,0.077639752,0.055472264,Sample size too small,Sample size too small,Sample size too small,No Lift,No Lift,No,Google Helpfulness NA 2019 Q1-Q3 North America,Q2,Video,45295670.0,106869.0,68382127.0,1005537,Jeff,1005537 | Brand | BR | ESS01 | NA | US | 2019 | Helpfulness,"6380,6327",6327
31,22437524,"6380,6327",Other,5.0,3/14/2019,5/9/2019,False,271669.6036,49000000.0,1.090619,124.0,232.0,8620850.0,4826769.0,3793696.0,-0.14285714300000002,-0.15136876,-0.121118012,Sample size too small,Sample size too small,Sample size too small,No Lift,No Lift,No,Google Helpfulness NA 2019 Q1-Q3 North America,Q2,Video,45295670.0,106869.0,68382127.0,1005537,Jeff,1005537 | Brand | BR | ESS01 | NA | US | 2019 | Helpfulness,"6380,6327",6327
32,22437524,"6380,6327",Other,0.0,3/14/2019,5/9/2019,False,271669.6036,49000000.0,1.573783,170.0,232.0,8620850.0,4826769.0,3793696.0,0.074489123,0.07838827799999999,0.06097561,No lift*,No lift*,No lift*,No Lift,No Lift,No,Multi App NA Q2-Q3 2019 North America,Q2,Display,748929816.0,2850848.0,335075320.0,1006293,Marvin,1005537 | Brand | BR | ESS01 | NA | US | 2019 | Helpfulness,"6380,6327",6380
33,22437524,"6380,6327",Usage intent,1.0,3/14/2019,5/9/2019,False,271669.6036,49000000.0,4.147611,448.0,232.0,8620850.0,4826769.0,3793696.0,-0.006591958,-0.061538462,0.0054200540000000005,No lift*,No lift*,No lift*,No Lift,No Lift,No,Multi App NA Q2-Q3 2019 North America,Q2,Display,748929816.0,2850848.0,335075320.0,1006293,Marvin,1005537 | Brand | BR | ESS01 | NA | US | 2019 | Helpfulness,"6380,6327",6380
34,22437524,"6380,6327",Usage intent,2.0,4/11/2019,5/15/2019,False,271669.6036,49000000.0,3.323674,370.0,1184.0,8620850.0,4826769.0,3793696.0,0.12016718900000001,0.093189964,0.128787879,Sample size too small,Sample size too small,Sample size too small,No Lift,No Lift,No,Multi App NA Q2-Q3 2019 North America,Q2,Display,748929816.0,2850848.0,335075320.0,1006293,Marvin,1005537 | Brand | BR | ESS01 | NA | US | 2019 | Helpfulness,"6380,6327",6380
35,22437524,"6380,6327",Other,3.0,3/14/2019,5/9/2019,False,271669.6036,49000000.0,1.123637,128.0,232.0,8620850.0,4826769.0,3793696.0,0.0,-0.002873563,0.025,Sample size too small,Sample size too small,Sample size too small,No Lift,No Lift,No,Multi App NA Q2-Q3 2019 North America,Q2,Display,748929816.0,2850848.0,335075320.0,1006293,Marvin,1005537 | Brand | BR | ESS01 | NA | US | 2019 | Helpfulness,"6380,6327",6380
36,22437524,"6380,6327",Favourability,4.0,3/14/2019,5/9/2019,False,271669.6036,49000000.0,1.090619,124.0,232.0,8620850.0,4826769.0,3793696.0,0.079022989,0.077639752,0.055472264,Sample size too small,Sample size too small,Sample size too small,No Lift,No Lift,No,Multi App NA Q2-Q3 2019 North America,Q2,Display,748929816.0,2850848.0,335075320.0,1006293,Marvin,1005537 | Brand | BR | ESS01 | NA | US | 2019 | Helpfulness,"6380,6327",6380
37,22437524,"6380,6327",Other,5.0,3/14/2019,5/9/2019,False,271669.6036,49000000.0,1.090619,124.0,232.0,8620850.0,4826769.0,3793696.0,-0.14285714300000002,-0.15136876,-0.121118012,Sample size too small,Sample size too small,Sample size too small,No Lift,No Lift,No,Multi App NA Q2-Q3 2019 North America,Q2,Display,748929816.0,2850848.0,335075320.0,1006293,Marvin,1005537 | Brand | BR | ESS01 | NA | US | 2019 | Helpfulness,"6380,6327",6380
38,22437524,"6380,6327",Other,0.0,3/14/2019,5/9/2019,False,271669.6036,49000000.0,1.573783,170.0,232.0,8620850.0,4826769.0,3793696.0,0.074489123,0.07838827799999999,0.06097561,No lift*,No lift*,No lift*,No Lift,No Lift,No,Multi App NA Q2-Q3 2019 North America,Q2,Social,94147607.0,1291082.0,35369465.0,1006293,Marvin,1005537 | Brand | BR | ESS01 | NA | US | 2019 | Helpfulness,"6380,6327",6380
39,22437524,"6380,6327",Usage intent,1.0,3/14/2019,5/9/2019,False,271669.6036,49000000.0,4.147611,448.0,232.0,8620850.0,4826769.0,3793696.0,-0.006591958,-0.061538462,0.0054200540000000005,No lift*,No lift*,No lift*,No Lift,No Lift,No,Multi App NA Q2-Q3 2019 North America,Q2,Social,94147607.0,1291082.0,35369465.0,1006293,Marvin,1005537 | Brand | BR | ESS01 | NA | US | 2019 | Helpfulness,"6380,6327",6380
40,22437524,"6380,6327",Usage intent,2.0,4/11/2019,5/15/2019,False,271669.6036,49000000.0,3.323674,370.0,1184.0,8620850.0,4826769.0,3793696.0,0.12016718900000001,0.093189964,0.128787879,Sample size too small,Sample size too small,Sample size too small,No Lift,No Lift,No,Multi App NA Q2-Q3 2019 North America,Q2,Social,94147607.0,1291082.0,35369465.0,1006293,Marvin,1005537 | Brand | BR | ESS01 | NA | US | 2019 | Helpfulness,"6380,6327",6380
41,22437524,"6380,6327",Other,3.0,3/14/2019,5/9/2019,False,271669.6036,49000000.0,1.123637,128.0,232.0,8620850.0,4826769.0,3793696.0,0.0,-0.002873563,0.025,Sample size too small,Sample size too small,Sample size too small,No Lift,No Lift,No,Multi App NA Q2-Q3 2019 North America,Q2,Social,94147607.0,1291082.0,35369465.0,1006293,Marvin,1005537 | Brand | BR | ESS01 | NA | US | 2019 | Helpfulness,"6380,6327",6380
42,22437524,"6380,6327",Favourability,4.0,3/14/2019,5/9/2019,False,271669.6036,49000000.0,1.090619,124.0,232.0,8620850.0,4826769.0,3793696.0,0.079022989,0.077639752,0.055472264,Sample size too small,Sample size too small,Sample size too small,No Lift,No Lift,No,Multi App NA Q2-Q3 2019 North America,Q2,Social,94147607.0,1291082.0,35369465.0,1006293,Marvin,1005537 | Brand | BR | ESS01 | NA | US | 2019 | Helpfulness,"6380,6327",6380
43,22437524,"6380,6327",Other,5.0,3/14/2019,5/9/2019,False,271669.6036,49000000.0,1.090619,124.0,232.0,8620850.0,4826769.0,3793696.0,-0.14285714300000002,-0.15136876,-0.121118012,Sample size too small,Sample size too small,Sample size too small,No Lift,No Lift,No,Multi App NA Q2-Q3 2019 North America,Q2,Social,94147607.0,1291082.0,35369465.0,1006293,Marvin,1005537 | Brand | BR | ESS01 | NA | US | 2019 | Helpfulness,"6380,6327",6380
44,22437524,"6380,6327",Other,0.0,3/14/2019,5/9/2019,False,271669.6036,49000000.0,1.573783,170.0,232.0,8620850.0,4826769.0,3793696.0,0.074489123,0.07838827799999999,0.06097561,No lift*,No lift*,No lift*,No Lift,No Lift,No,Multi App NA Q2-Q3 2019 North America,Q2,Video,209775373.0,345039.0,320179353.0,1006293,Marvin,1005537 | Brand | BR | ESS01 | NA | US | 2019 | Helpfulness,"6380,6327",6380
45,22437524,"6380,6327",Usage intent,1.0,3/14/2019,5/9/2019,False,271669.6036,49000000.0,4.147611,448.0,232.0,8620850.0,4826769.0,3793696.0,-0.006591958,-0.061538462,0.0054200540000000005,No lift*,No lift*,No lift*,No Lift,No Lift,No,Multi App NA Q2-Q3 2019 North America,Q2,Video,209775373.0,345039.0,320179353.0,1006293,Marvin,1005537 | Brand | BR | ESS01 | NA | US | 2019 | Helpfulness,"6380,6327",6380
46,22437524,"6380,6327",Usage intent,2.0,4/11/2019,5/15/2019,False,271669.6036,49000000.0,3.323674,370.0,1184.0,8620850.0,4826769.0,3793696.0,0.12016718900000001,0.093189964,0.128787879,Sample size too small,Sample size too small,Sample size too small,No Lift,No Lift,No,Multi App NA Q2-Q3 2019 North America,Q2,Video,209775373.0,345039.0,320179353.0,1006293,Marvin,1005537 | Brand | BR | ESS01 | NA | US | 2019 | Helpfulness,"6380,6327",6380
47,22437524,"6380,6327",Other,3.0,3/14/2019,5/9/2019,False,271669.6036,49000000.0,1.123637,128.0,232.0,8620850.0,4826769.0,3793696.0,0.0,-0.002873563,0.025,Sample size too small,Sample size too small,Sample size too small,No Lift,No Lift,No,Multi App NA Q2-Q3 2019 North America,Q2,Video,209775373.0,345039.0,320179353.0,1006293,Marvin,1005537 | Brand | BR | ESS01 | NA | US | 2019 | Helpfulness,"6380,6327",6380
48,22437524,"6380,6327",Favourability,4.0,3/14/2019,5/9/2019,False,271669.6036,49000000.0,1.090619,124.0,232.0,8620850.0,4826769.0,3793696.0,0.079022989,0.077639752,0.055472264,Sample size too small,Sample size too small,Sample size too small,No Lift,No Lift,No,Multi App NA Q2-Q3 2019 North America,Q2,Video,209775373.0,345039.0,320179353.0,1006293,Marvin,1005537 | Brand | BR | ESS01 | NA | US | 2019 | Helpfulness,"6380,6327",6380
49,22437524,"6380,6327",Other,5.0,3/14/2019,5/9/2019,False,271669.6036,49000000.0,1.090619,124.0,232.0,8620850.0,4826769.0,3793696.0,-0.14285714300000002,-0.15136876,-0.121118012,Sample size too small,Sample size too small,Sample size too small,No Lift,No Lift,No,Multi App NA Q2-Q3 2019 North America,Q2,Video,209775373.0,345039.0,320179353.0,1006293,Marvin,1005537 | Brand | BR | ESS01 | NA | US | 2019 | Helpfulness,"6380,6327",6380
50,22443077,"6459,6460",Aided awareness,0.0,4/25/2019,6/13/2019,True,,,,,,,,,,,,,,,,,No,Pixel Bonito US 2019 Q2 2019 North America - Brand,Q2,Display,821496985.0,406195.0,508885163.0,1006649,Thomas,1006649 | Pixel | Brand + DR | ESS01 | NA | US | Q2 2019 | Bonito,"6459,6460",6459
51,22443077,"6459,6460",Understanding,4.0,4/25/2019,6/13/2019,False,,,,,,,,,,,,,,,,,Sucessful,Pixel Bonito US 2019 Q2 2019 North America - Brand,Q2,Display,821496985.0,406195.0,508885163.0,1006649,Thomas,1006649 | Pixel | Brand + DR | ESS01 | NA | US | Q2 2019 | Bonito,"6459,6460",6459
52,22443077,"6459,6460",Ad recall,6.0,4/25/2019,6/13/2019,False,,,,,,,,,,,,,,,,,Sucessful,Pixel Bonito US 2019 Q2 2019 North America - Brand,Q2,Display,821496985.0,406195.0,508885163.0,1006649,Thomas,1006649 | Pixel | Brand + DR | ESS01 | NA | US | Q2 2019 | Bonito,"6459,6460",6459
53,22443077,"6459,6460",Declared usage,7.0,4/25/2019,6/13/2019,False,,,,,,,,,,,,,,,,,No,Pixel Bonito US 2019 Q2 2019 North America - Brand,Q2,Display,821496985.0,406195.0,508885163.0,1006649,Thomas,1006649 | Pixel | Brand + DR | ESS01 | NA | US | Q2 2019 | Bonito,"6459,6460",6459
54,22443077,"6459,6460",Aided awareness,0.0,4/25/2019,6/13/2019,True,,,,,,,,,,,,,,,,,No,Pixel Bonito US 2019 Q2 2019 North America - Brand,Q2,Social,53395219.0,352185.0,97000000.0,1006649,Thomas,1006649 | Pixel | Brand + DR | ESS01 | NA | US | Q2 2019 | Bonito,"6459,6460",6459
55,22443077,"6459,6460",Understanding,4.0,4/25/2019,6/13/2019,False,,,,,,,,,,,,,,,,,Sucessful,Pixel Bonito US 2019 Q2 2019 North America - Brand,Q2,Social,53395219.0,352185.0,97000000.0,1006649,Thomas,1006649 | Pixel | Brand + DR | ESS01 | NA | US | Q2 2019 | Bonito,"6459,6460",6459
56,22443077,"6459,6460",Ad recall,6.0,4/25/2019,6/13/2019,False,,,,,,,,,,,,,,,,,Sucessful,Pixel Bonito US 2019 Q2 2019 North America - Brand,Q2,Social,53395219.0,352185.0,97000000.0,1006649,Thomas,1006649 | Pixel | Brand + DR | ESS01 | NA | US | Q2 2019 | Bonito,"6459,6460",6459
57,22443077,"6459,6460",Declared usage,7.0,4/25/2019,6/13/2019,False,,,,,,,,,,,,,,,,,No,Pixel Bonito US 2019 Q2 2019 North America - Brand,Q2,Social,53395219.0,352185.0,97000000.0,1006649,Thomas,1006649 | Pixel | Brand + DR | ESS01 | NA | US | Q2 2019 | Bonito,"6459,6460",6459
58,22443077,"6459,6460",Aided awareness,0.0,4/25/2019,6/13/2019,True,,,,,,,,,,,,,,,,,No,Pixel Bonito US 2019 Q2 2019 North America - Brand,Q2,Video,744714010.0,1056924.0,1661723995.0,1006649,Thomas,1006649 | Pixel | Brand + DR | ESS01 | NA | US | Q2 2019 | Bonito,"6459,6460",6459
59,22443077,"6459,6460",Understanding,4.0,4/25/2019,6/13/2019,False,,,,,,,,,,,,,,,,,Sucessful,Pixel Bonito US 2019 Q2 2019 North America - Brand,Q2,Video,744714010.0,1056924.0,1661723995.0,1006649,Thomas,1006649 | Pixel | Brand + DR | ESS01 | NA | US | Q2 2019 | Bonito,"6459,6460",6459
60,22443077,"6459,6460",Ad recall,6.0,4/25/2019,6/13/2019,False,,,,,,,,,,,,,,,,,Sucessful,Pixel Bonito US 2019 Q2 2019 North America - Brand,Q2,Video,744714010.0,1056924.0,1661723995.0,1006649,Thomas,1006649 | Pixel | Brand + DR | ESS01 | NA | US | Q2 2019 | Bonito,"6459,6460",6459
61,22443077,"6459,6460",Declared usage,7.0,4/25/2019,6/13/2019,False,,,,,,,,,,,,,,,,,No,Pixel Bonito US 2019 Q2 2019 North America - Brand,Q2,Video,744714010.0,1056924.0,1661723995.0,1006649,Thomas,1006649 | Pixel | Brand + DR | ESS01 | NA | US | Q2 2019 | Bonito,"6459,6460",6459
62,22444142,,,,,,,,,,,,,,,,,,,,,,,,Google Home NA 2019 Q2 2019 United States - Google Nest Brand,Q2,Display,92107662.0,70820.0,41362958.0,1006172,,1006947 | Home | DR | NA | US | Q2-Q3 2019 | V1,,6708
63,22444142,,,,,,,,,,,,,,,,,,,,,,,,Google Home NA 2019 Q2 2019 United States - Google Nest Brand,Q2,Video,62536587.0,139316.0,204148023.0,1006172,,1006947 | Home | DR | NA | US | Q2-Q3 2019 | V1,,6708
64,22783112,,,,,,,,,,,,,,,,,,,,,,,,Google Stadia NA 2019 Q2 2019 North America - Brand,Q2,Display,502809638.0,147182.0,94500000.0,1006903,Thomas,1006903 | Stadia | Brand + DR | ESS01 | Global | | FY 2019 | Stadia - NA - Launch Year,,6802
65,22783112,,,,,,,,,,,,,,,,,,,,,,,,Google Stadia NA 2019 Q2 2019 North America - Brand,Q2,Video,127202861.0,101240.0,500773532.0,1006903,Thomas,1006903 | Stadia | Brand + DR | ESS01 | Global | | FY 2019 | Stadia - NA - Launch Year,,6802
66,22096007,,,,,,,,,,,,,,,,,,,,,,,,Pixel US '18/19 Q1 2019 North America - Brand,Q1,Display,55560941.0,4210.0,60000000.0,1005584,,1005584 | Pixel | Brand + DR | ESS01 | NA | US | Q1 2019 | Pixel 3.0,,5815
67,22096007,,,,,,,,,,,,,,,,,,,,,,,,Pixel US '18/19 Q1 2019 North America - Brand,Q1,Social,0.0,0.0,40000000.0,1005584,,1005584 | Pixel | Brand + DR | ESS01 | NA | US | Q1 2019 | Pixel 3.0,,5815
68,22096007,,,,,,,,,,,,,,,,,,,,,,,,Pixel US '18/19 Q1 2019 North America - Brand,Q1,Video,61296665.0,242156.0,176460554.0,1005584,,1005584 | Pixel | Brand + DR | ESS01 | NA | US | Q1 2019 | Pixel 3.0,,5815
