dcm_campaign_id,olive_plan_id,questioncategory,question,study_start_date,study_end_date,primarygoal,dsk_campaign_cost,dsk_campaign_imps,dsk_study_cost,dsk_study_imps_exp,dsk_study_imps_con,mia_campaign_cost,mia_campaign_imps,mia_study_cost,mia_study_imps_exp,mia_study_imps_con,hyb_campaign_cost,hyb_campaign_imps,hyb_study_cost,hyb_study_imps_exp,hyb_study_imps_con,mbl_campaign_cost,mbl_campaign_imps,mbl_study_cost,mbl_study_imps_exp,mbl_study_imps_con,mwb_campaign_cost,mwb_campaign_imps,mwb_study_cost,mwb_study_imps_exp,mwb_study_imps_con,mobile_campaign_imps,mobile_study_cost,mobile_study_imps_exp,mobile_study_imps_con,dsk_campaign_reach,dsk_vid_campaign_reach,dsk_bnr_campaign_reach,mwb_campaign_reach,mwb_vid_campaign_reach,mwb_bnr_campaign_reach,mbl_campaign_reach,mbl_vid_campaign_reach,mbl_bnr_campaign_reach,mia_campaign_reach,mia_vid_campaign_reach,mia_bnr_campaign_reach,hyb_campaign_reach,hyb_vid_campaign_reach,hyb_bnr_campaign_reach,dsk_obsrvd_abs_lift,dsk_vid_obsrvd_abs_lift,dsk_bnr_obsrvd_abs_lift,mwb_obsrvd_abs_lift,mwb_vid_obsrvd_abs_lift,mwb_bnr_obsrvd_abs_lift,mbl_obsrvd_abs_lift,mbl_vid_obsrvd_abs_lift,mbl_bnr_obsrvd_abs_lift,mia_obsrvd_abs_lift,mia_vid_obsrvd_abs_lift,mia_bnr_obsrvd_abs_lift,hyb_obsrvd_abs_lift,hyb_vid_obsrvd_abs_lift,hyb_bnr_obsrvd_abs_lift,dsk_significance,dsk_vid_significance,dsk_bnr_significance,mwb_significance,mwb_vid_significance,mwb_bnr_significance,mbl_significance,mbl_vid_significance,mbl_bnr_significance,mia_significance,mia_vid_significance,mia_bnr_significance,hyb_significance,hyb_vid_significance,hyb_bnr_significance,desktop_route,mobile_route,hybrid_route,total_desktop_user,total_mobile_user,total_hybrid_user,success
20922446,"3846, 3955, 3844, 3793, 3845",Aided awareness,0,4/10/2018,10/30/2018,FALSE,1540906.755,1.11E+08,55.086255,7332,6946,,,,,,,,,,,,,,,,57663.36362,1.62E+07,19.187442,5546,78,1.62E+07,19.187442,5546,78,6673494,866428,1168261,1807349,266138,1533672,,,,,,,,,,0.085055644,-0.333333333,-0.264705882,0.295238095,-0.333333333,0.304347826,,,,,,,,,,No lift*,Sample size too small,Sample size too small,Sample size too small,Sample size too small,Sample size too small,,,,,,,,,,No Lift,No Lift,,No Lift,No Lift,,No
20922446,"3846, 3955, 3844, 3793, 3845",Consideration,1,4/10/2018,10/30/2018,TRUE,1540906.755,1.11E+08,33.107936,4398,5098,,,,,,,,,,,,,,,,57663.36362,1.62E+07,12.842908,3713,102,1.62E+07,12.842908,3713,102,6673494,866428,1168261,1807349,266138,1533672,,,,,,,,,,0.079491256,-0.333333333,0.470588235,0.066666667,1,-0.275362319,,,,,,,,,,No lift*,Sample size too small,Sample size too small,Sample size too small,Sample size too small,Sample size too small,,,,,,,,,,No Lift,No Lift,,No Lift,No Lift,,No
20922446,"3846, 3955, 3844, 3793, 3845",Consideration,2,4/10/2018,10/30/2018,FALSE,1540906.755,1.11E+08,22.45877,2301,444,,,,,,,,,,,,,,,,57663.36362,1.62E+07,5.528379,1601,60,1.62E+07,5.528379,1601,60,6673494,,,1807349,,1533672,,,,,,,,,,0.383333333,,,-0.259259259,,-0.269230769,,,,,,,,,,Sample size too small,,,Sample size too small,,Sample size too small,,,,,,,,,,No Lift,No Lift,,No Lift,No Lift,,No
20922446,"3846, 3955, 3844, 3793, 3845",Consideration,3,4/10/2018,10/30/2018,FALSE,1540906.755,1.11E+08,11.945743,1755,10430,,,,,,,,,,,,,,,,,,,,,,,,,6673494,,1168261,,,,,,,,,,,,,0.079831933,,0.266666667,,,,,,,,,,,,,Sample size too small,,Sample size too small,,,,,,,,,,,,,No Lift,,,No Lift,,,No
20922446,"3846, 3955, 3844, 3793, 3845",Other,4,4/10/2018,10/30/2018,FALSE,1540906.755,1.11E+08,21.325546,2694,4102,,,,,,,,,,,,,,,,57663.36362,1.62E+07,3.703711,1070,33,1.62E+07,3.703711,1070,33,6673494,,1168261,1807349,,1533672,,,,,,,,,,0.175483871,,-0.068965517,0.462962963,,0.5,,,,,,,,,,Sample size too small,,Sample size too small,Sample size too small,,Sample size too small,,,,,,,,,,No Lift,No Lift,,No Lift,No Lift,,No
20922446,"3846, 3955, 3844, 3793, 3845",Other,5,4/10/2018,10/30/2018,FALSE,1540906.755,1.11E+08,20.866165,2607,4070,,,,,,,,,,,,,,,,57663.36362,1.62E+07,3.485668,1007,33,1.62E+07,3.485668,1007,33,6673494,,1168261,1807349,,1533672,,,,,,,,,,0.060344828,,0.333333333,-0.153846154,,-0.14,,,,,,,,,,Sample size too small,,Sample size too small,Sample size too small,,Sample size too small,,,,,,,,,,No Lift,No Lift,,No Lift,No Lift,,No
21317111,5549,Aided awareness,0,11/27/2018,1/1/2019,TRUE,334656.2509,7.81E+07,18.261693,1346,160,,,,,,,,,,,,,,,,280474.7892,7.00E+07,22.411728,3956,3502,7.00E+07,22.411728,3956,3502,1.06E+07,,1.04E+07,1.13E+07,,1.11E+07,,,,,,,,,,-0.355072464,,-0.357142857,0.084615385,,0.093399751,,,,,,,,,,Sample size too small,,Sample size too small,No lift,,No lift,,,,,,,,,,No Lift,No Lift,,No Lift,No Lift,,No
21317111,5549,Aided awareness,1,11/27/2018,1/1/2019,FALSE,334656.2509,7.81E+07,6.93285,505,46,,,,,,,,,,,,,,,,280474.7892,7.00E+07,8.573486,1898,1785,7.00E+07,8.573486,1898,1785,1.06E+07,,1.04E+07,1.13E+07,,1.11E+07,,,,,,,,,,0.101449275,,0.095238095,-0.012307692,,-0.003380181,,,,,,,,,,Sample size too small,,Sample size too small,No lift,,No lift,,,,,,,,,,No Lift,No Lift,,No Lift,No Lift,,No
21317111,5549,Consideration,2,11/27/2018,1/1/2019,FALSE,334656.2509,7.81E+07,4.450045,339,34,,,,,,,,,,,,,,,,280474.7892,7.00E+07,6.119307,1044,1098,7.00E+07,6.119307,1044,1098,1.06E+07,,1.04E+07,1.13E+07,,1.11E+07,,,,,,,,,,-0.185714286,,-0.169230769,-0.03442029,,-0.003787879,,,,,,,,,,Sample size too small,,Sample size too small,No lift*,,No lift*,,,,,,,,,,No Lift,No Lift,,No Lift,No Lift,,No
21317111,5549,Other,3,11/27/2018,1/1/2019,FALSE,334656.2509,7.81E+07,4.42452,327,34,,,,,,,,,,,,,,,,280474.7892,7.00E+07,5.136397,894,692,7.00E+07,5.136397,894,692,1.06E+07,,1.04E+07,1.13E+07,,1.11E+07,,,,,,,,,,-0.169230769,,-0.15,0.140087555,,0.160184575,,,,,,,,,,Sample size too small,,Sample size too small,Directional lift*,,Significant lift*,,,,,,,,,,No Lift,MWB Device Level,,No Lift,1584489.706,,Sucessful
21317111,5549,Understanding,4,11/27/2018,1/1/2019,FALSE,334656.2509,7.81E+07,9.144823,565,34,,,,,,,,,,,,,,,,280474.7892,7.00E+07,7.933193,1074,932,7.00E+07,7.933193,1074,932,1.06E+07,,1.04E+07,1.13E+07,,1.11E+07,,,,,,,,,,-0.25,,-0.25,0.035087719,,0.044891641,,,,,,,,,,Sample size too small,,Sample size too small,No lift*,,No lift*,,,,,,,,,,No Lift,No Lift,,No Lift,No Lift,,No
21317111,5549,Other,5,11/27/2018,1/1/2019,FALSE,334656.2509,7.81E+07,0.632217,186,20,,,,,,,,,,,,,,,,280474.7892,7.00E+07,4.414491,752,530,7.00E+07,4.414491,752,530,1.06E+07,,1.04E+07,1.13E+07,,1.11E+07,,,,,,,,,,-0.366666667,,-0.366666667,0,,-0.009191176,,,,,,,,,,Sample size too small,,Sample size too small,No lift*,,No lift*,,,,,,,,,,No Lift,No Lift,,No Lift,No Lift,,No
21335537,"4689, 4410",Consideration,2,8/24/2018,12/12/2018,FALSE,532292.0469,2.35E+08,0.323121,225,330,,,,,,,,,,,,,,,,78404.11154,4.14E+07,0.296039,144,66,4.14E+07,0.296039,144,66,2.73E+07,,2.73E+07,8107293,,8107293,,,,,,,,,,-0.714285714,,-0.714285714,-0.466666667,,-0.466666667,,,,,,,,,,Sample size too small,,Sample size too small,Sample size too small,,Sample size too small,,,,,,,,,,No Lift,No Lift,,No Lift,No Lift,,No
21335537,"4689, 4410",Other,4,8/24/2018,12/12/2018,FALSE,532292.0469,2.35E+08,0.880187,279,228,,,,,,,,,,,,,,,,78404.11154,4.14E+07,0.118888,72,78,4.14E+07,0.118888,72,78,2.73E+07,,2.73E+07,8107293,,8107293,,,,,,,,,,0.06993007,,0.06993007,0.333333333,,0.333333333,,,,,,,,,,Sample size too small,,Sample size too small,Sample size too small,,Sample size too small,,,,,,,,,,No Lift,No Lift,,No Lift,No Lift,,No
21371495,4231,Other,0,7/11/2018,10/15/2018,TRUE,653562.0326,1.24E+08,7.542437,2552,2232,,,,,,,,,,,,,,,,403448.8386,1.68E+08,0.433235,261,693,1.68E+08,0.433235,261,693,1.05E+07,,8842636,1.61E+07,,8493728,,,,,,,,,,0.09047619,,0.098039216,0,,0,,,,,,,,,,Sample size too small,,Sample size too small,Sample size too small,,Sample size too small,,,,,,,,,,No Lift,No Lift,,No Lift,No Lift,,No
21371495,4231,Other,1,7/11/2018,10/15/2018,FALSE,653562.0326,1.24E+08,6.704081,2152,2178,,,,,,,,,,,,,,,,403448.8386,1.68E+08,0.433235,261,507,1.68E+08,0.433235,261,507,1.05E+07,,8842636,1.61E+07,,8493728,,,,,,,,,,0.009022556,,0.012383901,0.166666667,,0.166666667,,,,,,,,,,Sample size too small,,Sample size too small,Sample size too small,,Sample size too small,,,,,,,,,,No Lift,No Lift,,No Lift,No Lift,,No
21371495,4231,Feature recall,2,7/11/2018,10/15/2018,FALSE,653562.0326,1.24E+08,7.202487,2402,2034,,,,,,,,,,,,,,,,403448.8386,1.68E+08,0.095569,72,252,1.68E+08,0.095569,72,252,1.05E+07,,8842636,1.61E+07,,8493728,,,,,,,,,,0.095959596,,0.100694444,-0.5,,-0.5,,,,,,,,,,Sample size too small,,Sample size too small,Sample size too small,,Sample size too small,,,,,,,,,,No Lift,No Lift,,No Lift,No Lift,,No
21371495,4231,Other,3,7/11/2018,10/15/2018,FALSE,653562.0326,1.24E+08,4.935682,1384,1944,,,,,,,,,,,,,,,,,,,,,,,,,1.05E+07,,8842636,,,,,,,,,,,,,0.123732252,,0.132352941,,,,,,,,,,,,,Sample size too small,,Sample size too small,,,,,,,,,,,,,No Lift,,,No Lift,,,No
21703948,"4854, 4855, 5431, 5474","Favourability,Other",3,10/15/2018,1/3/2019,FALSE,3341435.699,8.59E+08,7.587617,3980,1465,,,,,,,,,,,,,,,,,,,,,,,,,4.15E+07,1.63E+07,2.72E+07,,,,,,,,,,,,,0.111111111,0.4,0.045112782,,,,,,,,,,,,,Sample size too small,Sample size too small,Sample size too small,,,,,,,,,,,,,No Lift,,,No Lift,,,No
21703948,"4854, 4855, 5431, 5474","Qualification,Other",5,10/15/2018,1/3/2019,FALSE,3341435.699,8.59E+08,4.610547,2494,917,,,,,,,,,,,914034.9733,6.33E+08,0.653361,404,110,,,,,,6.33E+08,0.653361,404,110,4.15E+07,,2.72E+07,,,,2.05E+07,,,,,,,,,-0.244252874,,-0.2,,,,-0.027777778,,,,,,,,,Sample size too small,,Sample size too small,,,,Sample size too small,,,,,,,,,No Lift,No Lift,,No Lift,No Lift,,No
21703948,"4854, 4855, 5431, 5474","Other,Declared usage",6,10/15/2018,1/3/2019,FALSE,3341435.699,8.59E+08,4.561716,2426,839,,,,,,,,,,,,,,,,,,,,,,,,,4.15E+07,1.63E+07,2.72E+07,,,,,,,,,,,,,0.028571429,-0.314285714,0.083333333,,,,,,,,,,,,,Sample size too small,Sample size too small,Sample size too small,,,,,,,,,,,,,No Lift,,,No Lift,,,No
21864277,4950,Aided awareness,0,10/29/2018,12/22/2018,TRUE,177547.7026,2.40E+07,2.507542,552,216,,,,,,,,,,,,,,,,55632.91386,1.83E+07,3.373547,1068,848,1.83E+07,3.373547,1068,848,4053831,920796,3200008,2791757,1309985,1919882,,,,,,,,,,-0.097902098,-0.1,0,-0.029484029,-0.032467532,0.00310559,,,,,,,,,,Sample size too small,Sample size too small,Sample size too small,No lift*,Sample size too small,Sample size too small,,,,,,,,,,No Lift,No Lift,,No Lift,No Lift,,No
21864277,4950,Consideration,1,10/29/2018,12/22/2018,FALSE,177547.7026,2.40E+07,2.205948,504,192,,,,,,,,,,,,,,,,55632.91386,1.83E+07,2.775298,884,784,1.83E+07,2.775298,884,784,4053831,920796,3200008,2791757,1309985,1919882,,,,,,,,,,0.06993007,-0.266666667,0.111111111,-0.073131955,-0.12987013,0.04057971,,,,,,,,,,Sample size too small,Sample size too small,Sample size too small,No lift*,Sample size too small,Sample size too small,,,,,,,,,,No Lift,No Lift,,No Lift,No Lift,,No
21864277,4950,Other,2,10/29/2018,12/22/2018,FALSE,177547.7026,2.40E+07,1.738596,408,244,,,,,,,,,,,,,,,,55632.91386,1.83E+07,1.744279,572,784,1.83E+07,1.744279,572,784,4053831,920796,3200008,2791757,1309985,1919882,,,,,,,,,,0.121212121,0,0.196428571,-0.027096774,-0.065656566,0.125,,,,,,,,,,Sample size too small,Sample size too small,Sample size too small,Sample size too small,Sample size too small,Sample size too small,,,,,,,,,,No Lift,No Lift,,No Lift,No Lift,,No
21864277,4950,Other,3,10/29/2018,12/22/2018,FALSE,177547.7026,2.40E+07,1.088459,280,116,,,,,,,,,,,,,,,,55632.91386,1.83E+07,1.554295,508,592,1.83E+07,1.554295,508,592,4053831,920796,3200008,2791757,1309985,1919882,,,,,,,,,,0.142857143,0.25,0.166666667,-0.017713366,0.020833333,-0.038961039,,,,,,,,,,Sample size too small,Sample size too small,Sample size too small,Sample size too small,Sample size too small,Sample size too small,,,,,,,,,,No Lift,No Lift,,No Lift,No Lift,,No
21864277,4950,Declared usage,4,10/29/2018,12/22/2018,FALSE,,,,,,,,,,,,,,,,,,,,,55632.91386,1.83E+07,1.526797,500,512,1.83E+07,1.526797,500,512,,,,2791757,1309985,1919882,,,,,,,,,,,,,0.092885375,0.066666667,0.071428571,,,,,,,,,,,,,Sample size too small,Sample size too small,Sample size too small,,,,,,,,,,,No Lift,,,No Lift,,No
22180754,"6377, 6647, 5778",Aided awareness,0,1/28/2019,5/22/2019,FALSE,932322.108,9.53E+07,1.699767,179,60,,,,,,707495.2016,4.28E+07,2.524242,282,418,,,,,,46040.04808,4944374,29.519969,3272,3338,4944374,29.519969,3272,3338,1.30E+07,,1.16E+07,783786,,774954,,,,,,,1.04E+07,,6257702,0.111111111,,0.125,0.054131054,,0.054131054,,,,,,,-0.145299145,,-0.145299145,Sample size too small,,Sample size too small,No lift*,,No lift*,,,,,,,Sample size too small,,Sample size too small,No Lift,No Lift,,No Lift,No Lift,,No
22180754,"6377, 6647, 5778",Other,1,1/28/2019,5/22/2019,TRUE,932322.108,9.53E+07,1.624908,173,60,,,,,,707495.2016,4.28E+07,1.813803,162,352,,,,,,46040.04808,4944374,24.653101,2744,2666,4944374,24.653101,2744,2666,1.30E+07,,,783786,,774954,,,,,,,1.04E+07,4766829,6257702,0.111111111,,,-0.015669516,,-0.015669516,,,,,,,0.260683761,0.5,0.260683761,Sample size too small,,,No lift*,,No lift*,,,,,,,Sample size too small,Sample size too small,Sample size too small,No Lift,No Lift,,No Lift,No Lift,,No
22180754,"6377, 6647, 5778",Other,2,1/28/2019,5/22/2019,FALSE,932322.108,9.53E+07,1.624908,173,60,,,,,,707495.2016,4.28E+07,1.420928,114,244,,,,,,46040.04808,4944374,13.476121,1628,1606,4944374,13.476121,1628,1606,1.30E+07,,1.16E+07,783786,,774954,,,,,,,1.04E+07,4766829,6257702,0.333333333,,0.25,-0.074712644,,-0.074712644,,,,,,,0.208333333,0.5,0.208333333,Sample size too small,,Sample size too small,Sample size too small,,Sample size too small,,,,,,,Sample size too small,Sample size too small,Sample size too small,No Lift,No Lift,,No Lift,No Lift,,No
22180754,"6377, 6647, 5778",Other,3,1/28/2019,5/22/2019,FALSE,932322.108,9.53E+07,1.114378,116,60,,,,,,707495.2016,4.28E+07,0.695308,84,180,,,,,,46040.04808,4944374,13.401527,1604,1454,4944374,13.401527,1604,1454,1.30E+07,,1.16E+07,783786,,774954,,,,,,,1.04E+07,,6257702,0.25,,0.142857143,0.093681917,,0.093681917,,,,,,,-0.222222222,,-0.222222222,Sample size too small,,Sample size too small,Sample size too small,,Sample size too small,,,,,,,Sample size too small,,Sample size too small,No Lift,No Lift,,No Lift,No Lift,,No
20993681,"4291, 4470",Aided awareness,0,7/10/2018,9/19/2018,TRUE,3505281.361,6.04E+08,381.831529,81750,104899,0,0,0,0,0,832042.5714,1.16E+08,54.275133,10606,3582,,,,,,,,,,,0,0,0,0,4.06E+07,8939276,3.84E+07,,,,,,,1.20E+08,1.20E+08,1.20E+08,1.39E+07,,959311,0.092912004,0.065967406,0.094001237,,,,,,,-0.014724712,-0.032272325,0.018716578,-0.039787798,,-0.039787798,Strong Significant lift,Directional lift,Strong Significant lift,,,,,,,No lift,No lift,Sample size too small,Sample size too small,,Sample size too small,Desktop Level,No Lift,,3774063.841,No Lift,,Sucessful
20993681,"4291, 4470",Consideration,1,7/10/2018,9/19/2018,FALSE,3505281.361,6.04E+08,157.711763,36187,49569,0,0,0,0,0,832042.5714,1.16E+08,24.832824,5020,2430,,,,,,,,,,,0,0,0,0,4.06E+07,8939276,3.84E+07,,,,,,,1.20E+08,1.20E+08,1.20E+08,1.39E+07,,959311,0.069264069,0.051255139,0.070028011,,,,,,,0.012910798,0.026806527,0.032085561,-0.100795756,,-0.100795756,Strong Significant lift,Directional lift,Strong Significant lift,,,,,,,No lift,No lift,Sample size too small,Sample size too small,,Sample size too small,Desktop Level,No Lift,,2813490.286,No Lift,,Sucessful
20993681,"4291, 4470",Purchase intent,2,7/10/2018,9/19/2018,FALSE,3505281.361,6.04E+08,100.466779,21896,31767,0,0,0,0,0,832042.5714,1.16E+08,14.309911,2694,950,,,,,,,,,,,0,0,0,0,4.06E+07,8939276,3.84E+07,,,,,,,1.20E+08,1.20E+08,1.20E+08,1.39E+07,,959311,0.021428571,0.016535674,0.015107914,,,,,,,0.057200694,-0.018518519,0.239388795,-0.058355438,,-0.058355438,No lift,No lift,No lift,,,,,,,No lift,No lift,Sample size too small,Sample size too small,,Sample size too small,No Lift,No Lift,,No Lift,No Lift,,No
20993681,"4291, 4470",Feature recall,3,7/10/2018,9/19/2018,FALSE,3505281.361,6.04E+08,120.092328,25054,31866,0,0,0,0,0,832042.5714,1.16E+08,28.329004,3516,1636,,,,,,,,,,,0,0,0,0,4.06E+07,8939276,3.84E+07,,,,,,,1.20E+08,1.20E+08,1.20E+08,1.39E+07,,959311,0.07395152,0.086877828,0.068001863,,,,,,,-0.031553623,-0.025345622,0.126262626,0.070512821,,0.070512821,No lift,No lift,No lift,,,,,,,No lift,No lift,Sample size too small,Sample size too small,,Sample size too small,No Lift,No Lift,,No Lift,No Lift,,No
20993681,"4291, 4470",Other,4,7/10/2018,9/19/2018,FALSE,3505281.361,6.04E+08,91.086631,20178,26402,0,0,0,0,0,832042.5714,1.16E+08,19.121346,2412,1030,,,,,,,,,,,0,0,0,0,4.06E+07,8939276,3.84E+07,,,,,,,1.20E+08,1.20E+08,1.20E+08,1.39E+07,,959311,0.005045872,0.044230769,0.005555556,,,,,,,-0.018695652,-0.058032787,0.029761905,-0.003952569,,-0.003952569,No lift,No lift,No lift,,,,,,,No lift,No lift*,Sample size too small,Sample size too small,,Sample size too small,No Lift,No Lift,,No Lift,No Lift,,No
20993681,"4291, 4470",Other,5,7/10/2018,9/19/2018,FALSE,3505281.361,6.04E+08,66.954488,14624,23010,0,0,0,0,0,832042.5714,1.16E+08,13.130029,2028,742,,,,,,,,,,,0,0,0,0,4.06E+07,8939276,3.84E+07,,,,,,,1.20E+08,1.20E+08,1.20E+08,1.39E+07,,959311,-0.088017895,-0.075702076,-0.081099656,,,,,,,-0.041356989,0.068215892,-0.1,-0.075757576,,-0.075757576,No lift,No lift,No lift,,,,,,,No lift,No lift*,Sample size too small,Sample size too small,,Sample size too small,No Lift,No Lift,,No Lift,No Lift,,No
20993681,"4291, 4470",Other,6,7/10/2018,9/19/2018,FALSE,3505281.361,6.04E+08,66.655442,14564,22926,0,0,0,0,0,832042.5714,1.16E+08,12.923884,1920,742,,,,,,,,,,,0,0,0,0,4.06E+07,8939276,3.84E+07,,,,,,,1.20E+08,1.20E+08,1.20E+08,1.39E+07,,959311,0,0,0,,,,,,,0,0,0,0,,0,No lift,No lift,No lift,,,,,,,No lift,No lift*,Sample size too small,Sample size too small,,Sample size too small,No Lift,No Lift,,No Lift,No Lift,,No
21068913,4053,Aided awareness,0,7/5/2018,9/8/2018,TRUE,152699.9071,1.80E+08,3.98659,5550,4272,0,0,0,0,0,,,,,,,,,,,285413.8899,1.13E+08,0.485357,216,1641,1.13E+08,0.485357,216,1641,1.94E+07,1171091,1.93E+07,2.11E+07,9650854,1.29E+07,,,,6.70E+07,6.70E+07,6.70E+07,,,,0.083235867,0.116071429,0.080772262,0.188235294,0.136363636,0.555555556,,,,0.041903168,0.033355696,0.011719298,,,,Directional lift,Sample size too small,No lift,Sample size too small,Sample size too small,Sample size too small,,,,No lift,No lift,No lift,,,,Desktop Level,No Lift,,1613328.773,No Lift,,Sucessful
21068913,4053,Consideration,1,7/5/2018,9/8/2018,FALSE,152699.9071,1.80E+08,3.001619,4173,3342,0,0,0,0,0,,,,,,,,,,,285413.8899,1.13E+08,0.323029,138,741,1.13E+08,0.323029,138,741,1.94E+07,1171091,1.93E+07,2.11E+07,9650854,1.29E+07,,,,6.70E+07,6.70E+07,6.70E+07,,,,0.027777778,0.017857143,0.026023392,0.105882353,0.227272727,-0.333333333,,,,0.005560617,-0.001819332,-0.049964912,,,,No lift,Sample size too small,No lift,Sample size too small,Sample size too small,Sample size too small,,,,No lift,No lift,No lift,,,,No Lift,No Lift,,No Lift,No Lift,,No
21068913,4053,Purchase intent,2,7/5/2018,9/8/2018,FALSE,152699.9071,1.80E+08,1.972134,2895,2667,0,0,0,0,0,,,,,,,,,,,285413.8899,1.13E+08,0.230931,96,573,1.13E+08,0.230931,96,573,1.94E+07,1171091,1.93E+07,2.11E+07,9650854,1.29E+07,,,,6.70E+07,6.70E+07,6.70E+07,,,,0.007971014,0.048484848,0.006472887,-0.125,-0.090909091,-0.25,,,,-0.018258373,-0.075878334,0.05,,,,No lift,Sample size too small,No lift,Sample size too small,Sample size too small,Sample size too small,,,,No lift,Negative impact,No lift,,,,No Lift,No Lift,,No Lift,No Lift,,No
21068913,4053,Other,3,7/5/2018,9/8/2018,FALSE,152699.9071,1.80E+08,1.87543,2733,2463,0,0,0,0,0,,,,,,,,,,,285413.8899,1.13E+08,0.230931,96,261,1.13E+08,0.230931,96,261,1.94E+07,1171091,1.93E+07,2.11E+07,9650854,1.29E+07,,,,6.70E+07,6.70E+07,6.70E+07,,,,0.011627907,0.018181818,0.014500684,-0.119047619,-0.041666667,0,,,,0.008423242,0.053651579,-0.053921569,,,,No lift,Sample size too small,No lift,Sample size too small,Sample size too small,Sample size too small,,,,No lift,No lift,No lift,,,,No Lift,No Lift,,No Lift,No Lift,,No
21068913,4053,Other,4,7/5/2018,9/8/2018,FALSE,152699.9071,1.80E+08,1.773178,2547,2418,0,0,0,0,0,,,,,,,,,,,285413.8899,1.13E+08,0.205343,87,261,1.13E+08,0.205343,87,261,1.94E+07,1171091,1.93E+07,2.11E+07,9650854,1.29E+07,,,,6.70E+07,6.70E+07,6.70E+07,,,,-0.009638554,-0.078787879,-0.014634146,-0.392857143,-0.380952381,-0.625,,,,-0.017574101,-0.032406237,-0.007981492,,,,No lift,Sample size too small,No lift,Sample size too small,Sample size too small,Sample size too small,,,,No lift,No lift,No lift,,,,No Lift,No Lift,,No Lift,No Lift,,No
21068913,4053,Feature recall,5,7/5/2018,9/8/2018,FALSE,152699.9071,1.80E+08,3.34387,5109,3957,0,0,0,0,0,,,,,,,,,,,285413.8899,1.13E+08,0.294038,117,381,1.13E+08,0.294038,117,381,1.94E+07,1171091,1.93E+07,2.11E+07,9650854,,,,,6.70E+07,6.70E+07,6.70E+07,,,,-0.002223743,0.085714286,-0.006930007,0.119047619,0.111111111,,,,,-0.03239507,-0.014002303,-0.129597701,,,,No lift,Sample size too small,No lift,Sample size too small,Sample size too small,,,,,No lift,No lift,Negative impact,,,,No Lift,No Lift,,No Lift,No Lift,,No
21068913,4053,Demo,6,7/5/2018,9/8/2018,FALSE,152699.9071,1.80E+08,1.728027,2457,2310,0,0,0,0,0,,,,,,,,,,,285413.8899,1.13E+08,0.129027,51,243,1.13E+08,0.129027,51,243,1.94E+07,1171091,1.93E+07,2.11E+07,9650854,,,,,6.70E+07,6.70E+07,6.70E+07,,,,-0.125,-0.057142857,-0.116588419,0.064102564,0.166666667,,,,,0.014336918,0.074621397,-0.082602339,,,,No lift,Sample size too small,No lift,Sample size too small,Sample size too small,,,,,No lift,Directional lift,No lift,,,,No Lift,No Lift,,No Lift,No Lift,,No
21165315,4252,Aided awareness,0,5/29/2018,7/16/2018,FALSE,,,,,,0,0,0,0,0,154052.6216,3.73E+07,4.908199,1188,1156,,,,,,187829.8298,6.39E+07,61.128495,21357,15066,6.39E+07,61.128495,21357,15066,,,,4901488,,4901488,,,,7.29E+07,7.29E+07,7.29E+07,3069321,,,,,,0.047815145,,0.047815145,,,,0.005878015,0.028008848,-2.64E-04,0.245689655,,,,,,No lift,,No lift,,,,No lift,No lift,No lift,Sample size too small,,,,No Lift,,,No Lift,,No
21165315,4252,Other,1,5/29/2018,7/16/2018,TRUE,,,,,,0,0,0,0,0,154052.6216,3.73E+07,2.412774,584,620,,,,,,187829.8298,6.39E+07,29.209496,10110,8136,6.39E+07,29.209496,10110,8136,,,,4901488,,4901488,,,,7.29E+07,7.29E+07,7.29E+07,3069321,,,,,,0.055723063,,0.055723063,,,,-0.014534183,-0.008453158,-0.017263984,0.113505747,,,,,,No lift,,No lift,,,,No lift,No lift,No lift,Sample size too small,,,,No Lift,,,No Lift,,No
21165315,4252,Feature recall,2,5/29/2018,7/16/2018,FALSE,,,,,,0,0,0,0,0,154052.6216,3.73E+07,2.561522,620,384,,,,,,187829.8298,6.39E+07,47.050363,16806,9018,6.39E+07,47.050363,16806,9018,,,,4901488,,4901488,,,,7.29E+07,7.29E+07,7.29E+07,3069321,,,,,,0.049253532,,0.049253532,,,,-0.020360425,-0.028374995,-0.015196045,0.166666667,,,,,,No lift,,No lift,,,,Negative impact,No lift,No lift,Sample size too small,,,,No Lift,,,No Lift,,No
21165315,4252,Other,3,5/29/2018,7/16/2018,FALSE,,,,,,0,0,0,0,0,154052.6216,3.73E+07,1.710433,414,224,,,,,,187829.8298,6.39E+07,15.507161,5442,6024,6.39E+07,15.507161,5442,6024,,,,4901488,,4901488,,,,7.29E+07,7.29E+07,7.29E+07,3069321,,,,,,0.091087811,,0.091087811,,,,-0.017307584,-0.009502714,-0.026523503,0.321428571,,,,,,Directional lift,,Directional lift,,,,No lift,No lift,Negative impact,Sample size too small,,,,MWB Device Level,,,446465.8139,,Sucessful
21165315,4252,Usage intent,4,5/29/2018,7/16/2018,FALSE,,,,,,0,0,0,0,0,154052.6216,3.73E+07,1.693908,410,176,,,,,,187829.8298,6.39E+07,13.362917,4650,4122,6.39E+07,13.362917,4650,4122,,,,4901488,,4901488,,,,7.29E+07,7.29E+07,7.29E+07,3069321,,,,,,0.058252427,,0.058252427,,,,0.00257483,-0.007754938,0.008866027,0.158653846,,,,,,No lift,,No lift,,,,No lift,No lift,No lift,Sample size too small,,,,No Lift,,,No Lift,,No
21165315,4252,Other,5,5/29/2018,7/16/2018,FALSE,,,,,,0,0,0,0,0,154052.6216,3.73E+07,1.79306,434,208,,,,,,187829.8298,6.39E+07,18.372734,6339,4416,6.39E+07,18.372734,6339,4416,,,,4901488,,4901488,,,,7.29E+07,7.29E+07,7.29E+07,3069321,,,,,,0.045426829,,0.045426829,,,,-0.01162833,-0.031030398,-0.009896118,0.05,,,,,,No lift,,No lift,,,,No lift,No lift,No lift,Sample size too small,,,,No Lift,,,No Lift,,No
21165315,4252,Declared usage,6,5/29/2018,7/16/2018,FALSE,,,,,,0,0,0,0,0,154052.6216,3.73E+07,1.660847,402,172,,,,,,187829.8298,6.39E+07,11.623314,3984,3498,6.39E+07,11.623314,3984,3498,,,,4901488,,4901488,,,,7.29E+07,7.29E+07,7.29E+07,3069321,,,,,,-0.015873016,,-0.015873016,,,,-0.007970799,0.006082079,-0.010949752,0.2,,,,,,No lift,,No lift,,,,No lift,No lift,No lift,Sample size too small,,,,No Lift,,,No Lift,,No
21317111,4348,Aided awareness,0,6/26/2018,9/17/2018,TRUE,575475.8292,2.07E+08,66.617218,37973,89595,0,0,0,0,0,,,,,,,,,,,352218.4995,1.62E+08,149.195494,85026,115832,1.62E+08,149.195494,85026,115832,1.62E+07,,1.51E+07,1.42E+07,,1.35E+07,,,,3.23E+07,,3.23E+07,,,,0.037207186,,0.034049779,0.009609171,,0.009609171,,,,0.009554063,,0.009554063,,,,No lift,,No lift,No lift,,No lift,,,,No lift,,No lift,,,,No Lift,No Lift,,No Lift,No Lift,,No
21317111,4348,Aided awareness,1,6/26/2018,9/17/2018,FALSE,575475.8292,2.07E+08,21.462962,12690,32857,0,0,0,0,0,,,,,,,,,,,352218.4995,1.62E+08,52.086492,30860,45964,1.62E+08,52.086492,30860,45964,1.62E+07,,1.51E+07,1.42E+07,,1.35E+07,,,,3.23E+07,,3.23E+07,,,,-0.032624255,,-0.032619867,0.004199878,,0.004199878,,,,0.026796337,,0.026796337,,,,No lift,,No lift,No lift,,No lift,,,,No lift,,No lift,,,,No Lift,No Lift,,No Lift,No Lift,,No
21317111,4348,Consideration,2,6/26/2018,9/17/2018,FALSE,575475.8292,2.07E+08,17.826456,10300,26166,0,0,0,0,0,,,,,,,,,,,352218.4995,1.62E+08,39.362481,22321,29196,1.62E+08,39.362481,22321,29196,1.62E+07,,1.51E+07,1.42E+07,,1.35E+07,,,,3.23E+07,,3.23E+07,,,,0.013747213,,0.01394636,0.037373737,,0.037373737,,,,0.012341458,,0.012341458,,,,No lift,,No lift,Directional lift,,Directional lift,,,,No lift,,No lift,,,,No Lift,MWB Device Level,,No Lift,529100.4859,,Sucessful
21317111,4348,Other,3,6/26/2018,9/17/2018,FALSE,575475.8292,2.07E+08,15.791546,8887,24504,0,0,0,0,0,,,,,,,,,,,352218.4995,1.62E+08,35.018221,19354,25376,1.62E+08,35.018221,19354,25376,1.62E+07,,1.51E+07,1.42E+07,,1.35E+07,,,,3.23E+07,,3.23E+07,,,,-0.037529445,,-0.037565967,-6.77E-04,,-6.77E-04,,,,0.037593918,,0.037593918,,,,No lift,,No lift,No lift,,No lift,,,,Directional lift,,Directional lift,,,,No Lift,MIA Device Level,,No Lift,1213207.816,,Sucessful
21317111,4348,Understanding,4,6/26/2018,9/17/2018,FALSE,575475.8292,2.07E+08,20.288345,11129,28124,0,0,0,0,0,,,,,,,,,,,352218.4995,1.62E+08,47.628517,26149,33104,1.62E+08,47.628517,26149,33104,1.62E+07,,1.51E+07,1.42E+07,,1.35E+07,,,,3.23E+07,,3.23E+07,,,,0.002389673,,0.002299784,-0.002690051,,-0.002690051,,,,0.007509158,,0.007509158,,,,No lift,,No lift,No lift,,No lift,,,,No lift,,No lift,,,,No Lift,No Lift,,No Lift,No Lift,,No
21317111,4348,Other,5,6/26/2018,9/17/2018,FALSE,575475.8292,2.07E+08,14.86689,8210,21122,0,0,0,0,0,,,,,,,,,,,352218.4995,1.62E+08,31.942901,17309,21988,1.62E+08,31.942901,17309,21988,1.62E+07,,1.51E+07,1.42E+07,,1.35E+07,,,,3.23E+07,,3.23E+07,,,,-0.007918003,,-0.007800618,-0.032722643,,-0.032722643,,,,-0.001144394,,-0.001144394,,,,No lift,,No lift,No lift,,No lift,,,,No lift,,No lift,,,,No Lift,No Lift,,No Lift,No Lift,,No
21344514,4637,Aided awareness,0,7/31/2018,12/12/2018,FALSE,3931959.52,7.87E+08,116.250496,17612,18482,0,0,0,0,0,,,,,,,,,,,,,,,,0,0,0,0,8.42E+07,2.71E+07,7.15E+07,,,,,,,1.97E+08,1.97E+08,1.97E+08,,,,-0.016895538,0.001737823,-0.011443662,,,,,,,0.03262669,0.032913165,0.020535714,,,,No lift,No lift,No lift,,,,,,,Strong Significant lift,Strong Significant lift,No lift,,,,No Lift,MIA Device Level,,No Lift,6421874.901,,Sucessful
21344514,4637,Consideration,1,7/31/2018,12/12/2018,TRUE,3931959.52,7.87E+08,64.136737,9675,9810,0,0,0,0,0,,,,,,,,,,,,,,,,0,0,0,0,8.42E+07,2.71E+07,7.15E+07,,,,,,,1.97E+08,1.97E+08,1.97E+08,,,,0.018830929,0.041340052,0.048186189,,,,,,,0.034898887,0.037786836,-0.047321429,,,,No lift,No lift,No lift,,,,,,,Strong Significant lift,Strong Significant lift,No lift,,,,No Lift,MIA Device Level,,No Lift,6869108.9,,Sucessful
21344514,4637,Consideration,2,7/31/2018,12/12/2018,FALSE,3931959.52,7.87E+08,18.336541,2998,1608,0,0,0,0,0,,,,,,,,,,,,,,,,0,0,0,0,8.42E+07,2.71E+07,7.15E+07,,,,,,,1.97E+08,1.97E+08,1.97E+08,,,,0.014492754,0.085858586,0.077922078,,,,,,,-0.141534392,-0.12962963,-0.5,,,,Sample size too small,Sample size too small,Sample size too small,,,,,,,Negative impact,Negative impact,Sample size too small,,,,No Lift,No Lift,,No Lift,No Lift,,No
21344514,4637,Consideration,3,7/31/2018,12/12/2018,FALSE,3931959.52,7.87E+08,40.774922,6051,6173,0,0,0,0,0,,,,,,,,,,,,,,,,0,0,0,0,8.42E+07,2.71E+07,7.15E+07,,,,,,,1.97E+08,1.97E+08,1.97E+08,,,,0.003309969,0.051155741,-0.008888889,,,,,,,0.00622843,4.00E-04,0.144230769,,,,No lift,No lift,No lift,,,,,,,No lift,No lift,Sample size too small,,,,No Lift,No Lift,,No Lift,No Lift,,No
21344514,4637,Purchase intent,4,7/31/2018,12/12/2018,FALSE,3931959.52,7.87E+08,41.180527,6055,5893,0,0,0,0,0,,,,,,,,,,,,,,,,0,0,0,0,8.42E+07,2.71E+07,7.15E+07,,,,,,,1.97E+08,1.97E+08,1.97E+08,,,,0.031861129,0.040841121,0.060504202,,,,,,,0.010694428,0.008641916,0.061302682,,,,No lift,No lift,Directional lift,,,,,,,No lift,No lift,Sample size too small,,,,Desktop Channel Level,No Lift,,5430210.427,No Lift,,Sucessful
21344514,4637,Other,5,7/31/2018,12/12/2018,FALSE,3931959.52,7.87E+08,52.160752,7886,7616,0,0,0,0,0,,,,,,,,,,,,,,,,0,0,0,0,8.42E+07,2.71E+07,7.15E+07,,,,,,,1.97E+08,1.97E+08,1.97E+08,,,,0.12962963,0.172481896,0.145948072,,,,,,,0.003739656,0.006718609,-0.077241379,,,,Significant lift,Strong Significant lift,Significant lift,,,,,,,No lift,No lift,Sample size too small,,,,Desktop Level,No Lift,,10919286.39,No Lift,,Sucessful
21344514,4637,Feature recall,6,7/31/2018,12/12/2018,FALSE,3931959.52,7.87E+08,42.286942,6270,7198,0,0,0,0,0,,,,,,,,,,,,,,,,0,0,0,0,8.42E+07,2.71E+07,7.15E+07,,,,,,,1.97E+08,1.97E+08,1.97E+08,,,,0.044050343,0.067595459,0.037946429,,,,,,,0.135342466,0.138888889,-0.333333333,,,,No lift,No lift,No lift,,,,,,,Directional lift,Significant lift,Sample size too small,,,,No Lift,MIA Device Level,,No Lift,26639305.95,,Sucessful
21344514,4637,Other,7,7/31/2018,12/12/2018,FALSE,3931959.52,7.87E+08,31.362259,5218,4931,0,0,0,0,0,,,,,,,,,,,,,,,,0,0,0,0,8.42E+07,2.71E+07,7.15E+07,,,,,,,1.97E+08,1.97E+08,,,,,0.060504202,0.090548953,0.066984127,,,,,,,0.097255657,0.087841191,,,,,No lift,Significant lift,No lift*,,,,,,,Directional lift,Directional lift,,,,,Desktop Channel Level,MIA Device Level,,7238710.89,19142722.08,,Sucessful
21569847,"5832, 4685",Other,0,12/11/2018,1/3/2019,TRUE,,,,,,0,0,0,0,0,,,,,,,,,,,194200.1154,1.63E+07,14.763702,440,4,1.63E+07,14.763702,440,4,,,,4456395,1261347,,,,,4.10E+07,4.10E+07,,,,,,,,0.257425743,0.257425743,,,,,-0.040654712,-0.040654712,,,,,,,,Sample size too small,Sample size too small,,,,,Negative impact,Negative impact,,,,,,No Lift,,,No Lift,,No
21569847,"5832, 4685",Other,1,12/11/2018,1/3/2019,FALSE,,,,,,0,0,0,0,0,,,,,,,,,,,194200.1154,1.63E+07,14.763702,440,4,1.63E+07,14.763702,440,4,,,,4456395,1261347,,,,,4.10E+07,4.10E+07,,,,,,,,-0.044554455,-0.044554455,,,,,0.010899159,0.010899159,,,,,,,,Sample size too small,Sample size too small,,,,,No lift,No lift,,,,,,No Lift,,,No Lift,,No
21569847,"5832, 4685",Usage intent,2,12/11/2018,1/3/2019,FALSE,,,,,,0,0,0,0,0,,,,,,,,,,,194200.1154,1.63E+07,2.867189,88,2,1.63E+07,2.867189,88,2,,,,4456395,1261347,,,,,4.10E+07,4.10E+07,,,,,,,,0.611111111,0.611111111,,,,,0.028449215,0.028449215,,,,,,,,Sample size too small,Sample size too small,,,,,Significant lift,Significant lift,,,,,,MIA Device Level,,,1165071.749,,Sucessful
21569847,"5832, 4685",Feature recall,3,12/11/2018,1/3/2019,FALSE,,,,,,0,0,0,0,0,,,,,,,,,,,194200.1154,1.63E+07,1.06975,32,2,1.63E+07,1.06975,32,2,,,,4456395,1261347,,,,,4.10E+07,4.10E+07,,,,,,,,0.857142857,0.857142857,,,,,-0.017907512,-0.017907512,,,,,,,,Sample size too small,Sample size too small,,,,,No lift,No lift,,,,,,No Lift,,,No Lift,,No
21569847,"5832, 4685",Other,4,12/11/2018,1/3/2019,FALSE,,,,,,0,0,0,0,0,,,,,,,,,,,,,,,,0,0,0,0,,,,,,,,,,4.10E+07,4.10E+07,,,,,,,,,,,,,,-0.051087167,-0.051087167,,,,,,,,,,,,,,Negative impact,Negative impact,,,,,,No Lift,,,No Lift,,No
21662229,4788,Aided awareness,0,9/11/2018,11/5/2018,FALSE,2666258.48,1.60E+09,191.532946,91079,45521,0,0,0,0,0,,,,,,,,,,,833371.1112,7.83E+08,75.356611,74270,18553,7.83E+08,75.356611,74270,18553,1.18E+08,1.31E+07,1.11E+08,7.36E+07,710880,7.31E+07,,,,2.12E+08,2.12E+08,,,,,0.009194975,-0.013281892,0.015507996,0.006315071,0.269230769,0.00462963,,,,-0.01929008,-0.01967525,,,,,No lift,No lift,No lift,No lift,Sample size too small,No lift,,,,No lift,No lift,,,,,No Lift,No Lift,,No Lift,No Lift,,No
21662229,4788,Usage intent,1,9/11/2018,11/5/2018,TRUE,2666258.48,1.60E+09,52.922153,25011,12820,0,0,0,0,0,,,,,,,,,,,833371.1112,7.83E+08,26.709193,26730,6220,7.83E+08,26.709193,26730,6220,1.18E+08,1.31E+07,1.11E+08,7.36E+07,710880,7.31E+07,,,,2.12E+08,2.12E+08,,,,,0.007706861,0.041719051,0.003748172,-0.035130905,0.192307692,-0.037328717,,,,-0.011534398,-0.01774489,,,,,No lift,No lift,No lift,No lift,Sample size too small,No lift,,,,No lift,No lift,,,,,No Lift,No Lift,,No Lift,No Lift,,No
21662229,4788,Other,2,9/11/2018,11/5/2018,FALSE,2666258.48,1.60E+09,48.478438,22041,10932,0,0,0,0,0,,,,,,,,,,,833371.1112,7.83E+08,18.141416,17957,4479,7.83E+08,18.141416,17957,4479,1.18E+08,1.31E+07,1.11E+08,7.36E+07,710880,7.31E+07,,,,2.12E+08,2.12E+08,,,,,0.023470103,-0.017482517,0.034250818,-0.010422109,0.545454545,-0.013187109,,,,-0.040975828,-0.045039168,,,,,No lift,No lift,No lift,No lift,Sample size too small,No lift,,,,Negative impact,Negative impact,,,,,No Lift,No Lift,,No Lift,No Lift,,No
21662229,4788,Other,3,9/11/2018,11/5/2018,FALSE,2666258.48,1.60E+09,45.640131,20482,10350,0,0,0,0,0,,,,,,,,,,,833371.1112,7.83E+08,16.324842,16025,4053,7.83E+08,16.324842,16025,4053,1.18E+08,1.31E+07,1.11E+08,7.36E+07,710880,7.31E+07,,,,2.12E+08,2.12E+08,,,,,0.010486419,-0.021576663,0.018487178,-0.046540328,0.2,-0.048950811,,,,0.00989011,0.001896671,,,,,No lift,No lift,No lift,No lift,Sample size too small,No lift,,,,No lift,No lift,,,,,No Lift,No Lift,,No Lift,No Lift,,No
21662229,4788,Declared usage,4,9/11/2018,11/5/2018,FALSE,2666258.48,1.60E+09,43.525246,19994,10251,0,0,0,0,0,,,,,,,,,,,833371.1112,7.83E+08,15.732415,15359,3771,7.83E+08,15.732415,15359,3771,1.18E+08,1.31E+07,1.11E+08,7.36E+07,710880,7.31E+07,,,,2.12E+08,2.12E+08,,,,,-0.023390482,-0.051703508,-0.019922807,-5.70E-04,0.3,-0.002756503,,,,-0.044609367,-0.049972971,,,,,No lift,No lift,No lift,No lift,Sample size too small,No lift,,,,Negative impact,Negative impact,,,,,No Lift,No Lift,,No Lift,No Lift,,No
21662229,4788,Declared usage,5,9/11/2018,11/5/2018,FALSE,2666258.48,1.60E+09,42.778383,19551,10137,0,0,0,0,0,,,,,,,,,,,833371.1112,7.83E+08,15.50853,15107,3696,7.83E+08,15.50853,15107,3696,1.18E+08,1.31E+07,1.11E+08,7.36E+07,710880,7.31E+07,,,,2.12E+08,2.12E+08,,,,,-0.007094062,-0.09569378,0.010570042,-0.064905149,0.1,-0.064986376,,,,-0.007264302,-0.022950137,,,,,No lift,Negative impact,No lift,No lift,Sample size too small,No lift,,,,No lift,No lift,,,,,No Lift,No Lift,,No Lift,No Lift,,No
21662229,4788,Qualification,6,9/11/2018,11/5/2018,FALSE,2666258.48,1.60E+09,41.043775,19134,10092,0,0,0,0,0,,,,,,,,,,,833371.1112,7.83E+08,15.062316,14621,3591,7.83E+08,15.062316,14621,3591,1.18E+08,1.31E+07,1.11E+08,7.36E+07,710880,7.31E+07,,,,2.12E+08,2.12E+08,,,,,0,0,0,0,0,0,,,,0,0,,,,,No lift,No lift,No lift,No lift,Sample size too small,No lift,,,,No lift,No lift,,,,,No Lift,No Lift,,No Lift,No Lift,,No
21721200,4861,Qualification,5,10/10/2018,1/1/2019,FALSE,488438.3818,2.70E+08,16.292977,840,171,0,0,0,0,0,,,,,,,,,,,,,,,,0,0,0,0,1.71E+07,,1.71E+07,,,,,,,3.45E+07,,,,,,0.333333333,,0.333333333,,,,,,,0.156521739,,,,,,Sample size too small,,Sample size too small,,,,,,,Sample size too small,,,,,,No Lift,No Lift,,No Lift,No Lift,,No
21721200,4861,Other,6,10/12/2018,1/1/2019,FALSE,488438.3818,2.70E+08,0.539971,582,476,0,0,0,0,0,,,,,,,,,,,,,,,,0,0,0,0,1.71E+07,,1.71E+07,,,,,,,3.37E+07,,3.37E+07,,,,-0.147058824,,-0.147058824,,,,,,,0.024509804,,0.024509804,,,,Sample size too small,,Sample size too small,,,,,,,No lift,,No lift,,,,No Lift,No Lift,,No Lift,No Lift,,No
21898668,"5467, 5021",Aided awareness,0,11/7/2018,12/11/2018,FALSE,3553330.043,6.07E+08,67.463714,14888,13820,0,0,0,0,0,,,,,,,,,,,655048.3436,2.97E+08,28.846502,11496,8130,2.97E+08,28.846502,11496,8130,6.49E+07,1.59E+07,5.58E+07,4.24E+07,884778,4.07E+07,,,,1.62E+08,1.62E+08,1.62E+08,,,,0.048890155,0.113824885,0.047422275,0.079580745,0.583333333,0.070566179,,,,0.057611563,0.239316239,0.04973168,,,,No lift,Significant lift,No lift,Directional lift,Sample size too small,No lift,,,,Significant lift,Sample size too small,Directional lift,,,,Desktop Channel Level,MIA and MWB Device Level,,4452409.479,12709734.12,,Sucessful
21898668,"5467, 5021",Consideration,1,11/7/2018,12/11/2018,TRUE,3553330.043,6.07E+08,40.490195,8824,7944,0,0,0,0,0,,,,,,,,,,,655048.3436,2.97E+08,15.153528,5908,4664,2.97E+08,15.153528,5908,4664,6.49E+07,1.59E+07,5.58E+07,4.24E+07,884778,4.07E+07,,,,1.62E+08,1.62E+08,1.62E+08,,,,-0.035293563,0.06359447,-0.032371931,-0.026397516,-0.25,-0.031346082,,,,-0.024830492,0.047008547,-0.028420306,,,,No lift,No lift,No lift,No lift,Sample size too small,No lift,,,,No lift,Sample size too small,No lift,,,,No Lift,No Lift,,No Lift,No Lift,,No
21898668,"5467, 5021",Consideration,2,11/7/2018,12/11/2018,FALSE,3553330.043,6.07E+08,19.605231,4222,3294,0,0,0,0,0,,,,,,,,,,,655048.3436,2.97E+08,4.348285,1144,1900,2.97E+08,4.348285,1144,1900,6.49E+07,1.59E+07,5.58E+07,4.24E+07,,4.07E+07,,,,1.62E+08,1.62E+08,1.62E+08,,,,0.268398268,0.1875,0.26,-0.333333333,,-0.389705882,,,,-0.043103448,-0.25,-0.033138402,,,,Strong Significant lift*,Sample size too small,Strong Significant lift*,Sample size too small,,Sample size too small,,,,No lift,Sample size too small,No lift,,,,Desktop Level,No Lift,,17425867.62,No Lift,,Sucessful
21898668,"5467, 5021",Consideration,3,11/7/2018,12/11/2018,FALSE,3553330.043,6.07E+08,21.38558,5010,4982,0,0,0,0,0,,,,,,,,,,,655048.3436,2.97E+08,9.188973,3652,2690,2.97E+08,9.188973,3652,2690,6.49E+07,1.59E+07,5.58E+07,4.24E+07,884778,4.07E+07,,,,1.62E+08,1.62E+08,1.62E+08,,,,0.065507312,-0.007173601,0.084756483,-0.032600992,0.333333333,-0.058558559,,,,-5.46E-04,0.094017094,-0.003979058,,,,No lift,No lift*,Directional lift,No lift,Sample size too small,No lift,,,,No lift,Sample size too small,No lift,,,,Desktop Channel Level,No Lift,,4616188.642,No Lift,,Sucessful
21898668,"5467, 5021",Purchase intent,4,11/7/2018,12/11/2018,FALSE,3553330.043,6.07E+08,21.989837,5084,4890,0,0,0,0,0,,,,,,,,,,,655048.3436,2.97E+08,9.357745,3560,2908,2.97E+08,9.357745,3560,2908,6.49E+07,1.59E+07,5.58E+07,4.24E+07,884778,4.07E+07,,,,1.62E+08,1.62E+08,1.62E+08,,,,0.032052271,0.168253968,0.019770168,-0.037037037,-0.333333333,-0.04020979,,,,-0.029668827,-0.125,-0.024527049,,,,No lift,Strong Significant lift*,No lift,No lift,Sample size too small,No lift,,,,No lift,Sample size too small,No lift,,,,Desktop Channel Level,No Lift,,3772786.53,No Lift,,Sucessful
21898668,"5467, 5021",Other,5,11/7/2018,12/11/2018,FALSE,3553330.043,6.07E+08,25.912171,6424,5972,0,0,0,0,0,,,,,,,,,,,655048.3436,2.97E+08,8.010773,3200,2244,2.97E+08,8.010773,3200,2244,6.49E+07,1.59E+07,5.58E+07,4.24E+07,884778,4.07E+07,,,,1.62E+08,1.62E+08,1.62E+08,,,,-0.007384403,0.08691044,0.009288768,0.096120583,-0.1,0.11026393,,,,0.103915663,0.257142857,0.097007814,,,,No lift,No lift*,No lift,No lift,Sample size too small,No lift,,,,Strong Significant lift,Sample size too small,Significant lift,,,,No Lift,MIA Device Level,,No Lift,16838494.18,,Sucessful
21898668,"5467, 5021",Feature recall,6,11/7/2018,12/11/2018,FALSE,3553330.043,6.07E+08,32.79616,8082,6924,0,0,0,0,0,,,,,,,,,,,655048.3436,2.97E+08,8.307277,3140,2558,2.97E+08,8.307277,3140,2558,6.49E+07,1.59E+07,5.58E+07,4.24E+07,884778,4.07E+07,,,,1.62E+08,,1.62E+08,,,,0.007119683,0.130252101,0.014285714,0.092810458,-0.166666667,0.127378436,,,,0.087752525,,0.086332958,,,,No lift,No lift*,No lift,No lift*,Sample size too small,No lift*,,,,Directional lift,,Directional lift,,,,No Lift,MIA Device Level,,No Lift,14219419.37,,Sucessful
21898668,"5467, 5021",Demo,7,11/7/2018,12/11/2018,FALSE,3553330.043,6.07E+08,17.956574,4396,3982,0,0,0,0,0,,,,,,,,,,,655048.3436,2.97E+08,3.700572,1692,1554,2.97E+08,3.700572,1692,1554,6.49E+07,1.59E+07,5.58E+07,4.24E+07,884778,4.07E+07,,,,1.62E+08,1.62E+08,1.62E+08,,,,0.111875717,0.211397059,0.10757208,0.082323232,0.666666667,0.058897243,,,,0.071967183,-0.25,0.081871345,,,,Significant lift,Significant lift*,Significant lift,No lift*,Sample size too small,No lift*,,,,No lift,Sample size too small,Directional lift,,,,Desktop Level,No Lift,,7263576.783,No Lift,,Sucessful
21898668,"5467, 5021",Other,8,11/7/2018,12/11/2018,FALSE,3553330.043,6.07E+08,23.364424,5660,3894,0,0,0,0,0,,,,,,,,,,,655048.3436,2.97E+08,3.778553,1660,1832,2.97E+08,3.778553,1660,1832,6.49E+07,1.59E+07,5.58E+07,4.24E+07,884778,4.07E+07,,,,1.62E+08,,1.62E+08,,,,0.104062016,0.283410138,0.098603294,0.044736842,0.333333333,0.01010101,,,,0.007662835,,0.00736096,,,,Strong Significant lift,Sample size too small,Significant lift,No lift*,Sample size too small,No lift*,,,,No lift,,No lift,,,,Desktop Level,No Lift,,6756269.022,No Lift,,Sucessful
21932440,4967,Other,1,11/9/2018,12/3/2018,FALSE,,,,,,0,0,0,0,0,,,,,,,,,,,,,,,,0,0,0,0,,,,,,,,,,1.84E+07,,1.84E+07,,,,,,,,,,,,,0.03035362,,0.03035362,,,,,,,,,,,,,No lift,,No lift,,,,,No Lift,,,No Lift,,No
21932440,4967,Other,2,11/9/2018,12/3/2018,FALSE,,,,,,0,0,0,0,0,,,,,,,,,,,,,,,,0,0,0,0,,,,,,,,,,1.84E+07,,1.84E+07,,,,,,,,,,,,,-0.002289088,,-0.002289088,,,,,,,,,,,,,No lift,,No lift,,,,,No Lift,,,No Lift,,No
21932440,4967,Usage intent,3,11/9/2018,12/3/2018,FALSE,,,,,,0,0,0,0,0,,,,,,,,,,,,,,,,0,0,0,0,,,,,,,,,,1.84E+07,,1.84E+07,,,,,,,,,,,,,-0.044169845,,-0.044169845,,,,,,,,,,,,,Negative impact,,Negative impact,,,,,No Lift,,,No Lift,,No
21932440,4967,Demo,4,11/9/2018,12/3/2018,FALSE,,,,,,0,0,0,0,0,,,,,,,,,,,,,,,,0,0,0,0,,,,,,,,,,1.84E+07,,1.84E+07,,,,,,,,,,,,,-0.024068003,,-0.024068003,,,,,,,,,,,,,No lift,,No lift,,,,,No Lift,,,No Lift,,No
21970160,5003,Aided awareness,0,10/26/2018,1/1/2019,FALSE,1567457.235,5.66E+07,5.278053,307,1590,0,0,0,0,0,,,,,,,,,,,,,,,,0,0,0,0,6410705,1092438,3156853,,,,,,,1.28E+07,1.28E+07,1.28E+07,,,,-0.066666667,-0.380952381,-0.041666667,,,,,,,-0.068811243,-0.161627846,0.017386456,,,,Sample size too small,Sample size too small,Sample size too small,,,,,,,Negative impact,Negative impact,No lift,,,,No Lift,No Lift,,No Lift,No Lift,,No
21970160,5003,Other,1,10/26/2018,1/1/2019,FALSE,1567457.235,5.66E+07,2.66527,167,370,0,0,0,0,0,,,,,,,,,,,,,,,,0,0,0,0,6410705,,3156853,,,,,,,1.28E+07,1.28E+07,1.28E+07,,,,0.044444444,,0.041666667,,,,,,,0.002312525,-0.017456228,0.021437198,,,,Sample size too small,,Sample size too small,,,,,,,No lift,No lift,No lift,,,,No Lift,No Lift,,No Lift,No Lift,,No
21970160,5003,Other,2,10/26/2018,1/1/2019,FALSE,1567457.235,5.66E+07,2.536291,156,351,0,0,0,0,0,,,,,,,,,,,,,,,,0,0,0,0,6410705,1092438,3156853,,,,,,,1.28E+07,1.28E+07,1.28E+07,,,,-0.158730159,0.083333333,-0.35,,,,,,,-0.005398539,-0.034213099,0.019444444,,,,Sample size too small,Sample size too small,Sample size too small,,,,,,,No lift,No lift,No lift,,,,No Lift,No Lift,,No Lift,No Lift,,No
21970160,5003,Consideration,3,10/26/2018,1/1/2019,TRUE,1567457.235,5.66E+07,2.306145,138,181,0,0,0,0,0,,,,,,,,,,,,,,,,0,0,0,0,6410705,1092438,3156853,,,,,,,1.28E+07,1.28E+07,1.28E+07,,,,-0.238095238,0.5,-0.5,,,,,,,0.00204918,0.072857143,-0.055718475,,,,Sample size too small,Sample size too small,Sample size too small,,,,,,,No lift,No lift*,No lift,,,,No Lift,No Lift,,No Lift,No Lift,,No
21970160,5003,Other,4,10/26/2018,1/1/2019,FALSE,1567457.235,5.66E+07,2.306145,138,163,0,0,0,0,0,,,,,,,,,,,,,,,,0,0,0,0,6410705,1092438,3156853,,,,,,,1.28E+07,1.28E+07,1.28E+07,,,,-0.166666667,0.5,-0.416666667,,,,,,,-0.010909091,-0.034022394,0.005325815,,,,Sample size too small,Sample size too small,Sample size too small,,,,,,,No lift,No lift*,No lift,,,,No Lift,No Lift,,No Lift,No Lift,,No
21970160,5003,Other,5,10/26/2018,1/1/2019,FALSE,1567457.235,5.66E+07,2.306145,138,145,0,0,0,0,0,,,,,,,,,,,,,,,,0,0,0,0,6410705,1092438,3156853,,,,,,,1.28E+07,1.28E+07,1.28E+07,,,,-0.033333333,0.5,-0.333333333,,,,,,,-0.158333333,-0.141025641,-0.183787561,,,,Sample size too small,Sample size too small,Sample size too small,,,,,,,Negative impact,No lift*,Negative impact,,,,No Lift,No Lift,,No Lift,No Lift,,No
22034229,"5841, 5786, 5774",Usage intent,2,12/11/2018,1/28/2019,FALSE,607695.1195,4.95E+07,1.236613,120,568,0,0,0,0,0,,,,,,,,,,,,,,,,0,0,0,0,5131862,,4155411,,,,,,,4.76E+07,4.76E+07,,,,,0.3,,0.3,,,,,,,-0.002967679,-0.002967679,,,,,Sample size too small,,Sample size too small,,,,,,,No lift,No lift,,,,,No Lift,No Lift,,No Lift,No Lift,,No
22034229,"5841, 5786, 5774",Other,3,12/11/2018,1/28/2019,FALSE,607695.1195,4.95E+07,2.493043,288,372,0,0,0,0,0,,,,,,,,,,,,,,,,0,0,0,0,5131862,,4155411,,,,,,,4.76E+07,4.76E+07,,,,,1,,1,,,,,,,0.007008256,0.007008256,,,,,Sample size too small,,Sample size too small,,,,,,,No lift,No lift,,,,,No Lift,No Lift,,No Lift,No Lift,,No
22034229,"5841, 5786, 5774",Other,4,12/11/2018,1/28/2019,FALSE,607695.1195,4.95E+07,0.628215,84,372,0,0,0,0,0,,,,,,,,,,,,,,,,0,0,0,0,5131862,,4155411,,,,,,,4.76E+07,4.76E+07,,,,,0.75,,0.75,,,,,,,-0.028407431,-0.028407431,,,,,Sample size too small,,Sample size too small,,,,,,,No lift,No lift,,,,,No Lift,No Lift,,No Lift,No Lift,,No
22290676,"6130, 6477, 5811",Aided awareness,0,2/13/2019,4/5/2019,TRUE,2217438.65,5.36E+08,0.313595,189,90,0,0,0,0,0,,,,,,,,,,,272366.2447,7.22E+07,0.294876,36,420,7.22E+07,0.294876,36,420,4.43E+07,2.24E+07,2.60E+07,8678826,,7162250,,,,8.52E+07,8.52E+07,8.52E+07,,,,-0.008454206,-0.019665415,0.003055556,0.029435484,,0.047636927,,,,-0.001496303,0.004315729,-0.010693249,,,,No lift,No lift,No lift,No lift,,No lift,,,,No lift,No lift,No lift,,,,No Lift,No Lift,,No Lift,No Lift,,No
22290676,"6130, 6477, 5811",Consideration,1,2/13/2019,4/5/2019,FALSE,2217438.65,5.36E+08,0.239209,69,18,0,0,0,0,0,,,,,,,,,,,272366.2447,7.22E+07,0.294876,36,240,7.22E+07,0.294876,36,240,4.43E+07,2.24E+07,2.60E+07,8678826,,7162250,,,,8.52E+07,8.52E+07,8.52E+07,,,,-0.058973097,-0.050522176,-0.112623762,0.065120968,,0.071666588,,,,0.008438231,0.016023392,-0.003743109,,,,Negative impact,No lift,Negative impact,Directional lift,,Directional lift,,,,No lift,Significant lift,No lift,,,,No Lift,MWB Device Level,,No Lift,565173.548,,Sucessful
22290676,"6130, 6477, 5811",Feature recall,2,2/13/2019,4/5/2019,FALSE,2217438.65,5.36E+08,31.200741,6065,7377,0,0,0,0,0,,,,,,,,,,,272366.2447,7.22E+07,0.049146,6,240,7.22E+07,0.049146,6,240,4.43E+07,2.24E+07,2.60E+07,8678826,,7162250,,,,8.52E+07,8.52E+07,8.52E+07,,,,0.029764065,0.072463768,-0.016692749,0.096225319,,0.080561614,,,,0.003959013,0.014280084,-0.012732022,,,,No lift,No lift,No lift,Directional lift,,Directional lift,,,,No lift,No lift,No lift,,,,No Lift,MWB Device Level,,No Lift,835122.8038,,Sucessful
22290676,"6130, 6477, 5811",Other,3,2/13/2019,4/5/2019,FALSE,2217438.65,5.36E+08,22.589608,4321,4609,0,0,0,0,0,,,,,,,,,,,272366.2447,7.22E+07,0.049146,6,60,7.22E+07,0.049146,6,60,4.43E+07,2.24E+07,2.60E+07,8678826,,7162250,,,,8.52E+07,8.52E+07,8.52E+07,,,,0.060939659,0.045160341,0.059109312,-0.007843137,,-0.020082352,,,,0.011371388,0.004654797,0.022193805,,,,No lift,No lift,No lift,No lift,,No lift,,,,No lift,No lift,No lift,,,,No Lift,No Lift,,No Lift,No Lift,,No
22365048,6195,Consideration,0,3/4/2019,4/20/2019,TRUE,361436.8332,5.23E+07,2.700483,616,416,0,0,0,0,0,,,,,,,,,,,246440.8801,4.03E+07,5.673584,816,2802,4.03E+07,5.673584,816,2802,4389286,1178272,3878603,3875547,,3875547,,,,1.13E+07,1.13E+07,,,,,-0.333333333,-1,-0.333333333,0.046474359,,0.046474359,,,,0.011451424,-0.063315217,,,,,Sample size too small,Sample size too small,Sample size too small,No lift*,,No lift*,,,,No lift,No lift,,,,,No Lift,No Lift,,No Lift,No Lift,,No
22365048,6195,Other,1,3/4/2019,4/20/2019,FALSE,361436.8332,5.23E+07,1.717501,340,260,0,0,0,0,0,,,,,,,,,,,246440.8801,4.03E+07,3.504804,522,1770,4.03E+07,3.504804,522,1770,4389286,1178272,3878603,3875547,,3875547,,,,1.13E+07,1.13E+07,,,,,0.083333333,0.5,0.083333333,-0.070361635,,-0.070361635,,,,0.001053453,-0.030163043,,,,,Sample size too small,Sample size too small,Sample size too small,No lift*,,No lift*,,,,No lift,No lift,,,,,No Lift,No Lift,,No Lift,No Lift,,No
22365048,6195,Other,2,3/4/2019,4/20/2019,FALSE,361436.8332,5.23E+07,1.717501,340,204,0,0,0,0,0,,,,,,,,,,,246440.8801,4.03E+07,2.592607,364,792,4.03E+07,2.592607,364,792,4389286,1178272,3878603,3875547,,3875547,,,,1.13E+07,1.13E+07,,,,,-0.8,-1,-0.8,-0.118787879,,-0.118787879,,,,-0.056216216,-0.052842085,,,,,Sample size too small,Sample size too small,Sample size too small,Sample size too small,,Sample size too small,,,,No lift,No lift,,,,,No Lift,No Lift,,No Lift,No Lift,,No
22365048,6195,Qualification,3,3/4/2019,4/20/2019,FALSE,,,,,,0,0,0,0,0,,,,,,,,,,,246440.8801,4.03E+07,2.081229,296,612,4.03E+07,2.081229,296,612,,,,3875547,,3875547,,,,1.13E+07,1.13E+07,,,,,,,,-0.046153846,,-0.046153846,,,,0.067835232,0.075814536,,,,,,,,Sample size too small,,Sample size too small,,,,Directional lift,Directional lift,,,,,,MIA Device Level,,,768209.5167,,Sucessful
22437524,"6380, 6327",Other,0,3/14/2019,5/9/2019,FALSE,271669.6036,4.90E+07,1.573783,170,232,0,0,0,0,0,,,,,,,,,,,187091.6459,7.77E+07,2.048299,1546,1174,7.77E+07,2.048299,1546,1174,8620850,4826769,3793696,1.53E+07,5156208,1.04E+07,,,,1.27E+08,1.27E+08,1.27E+08,,,,0.074489123,0.078388278,0.06097561,-0.008749357,0.25,-0.008749357,,,,-0.022616774,-0.012462921,-0.031199578,,,,No lift*,No lift*,No lift*,No lift,Sample size too small,No lift,,,,No lift,No lift,No lift,,,,No Lift,No Lift,,No Lift,No Lift,,No
22437524,"6380, 6327",Usage intent,1,3/14/2019,5/9/2019,FALSE,271669.6036,4.90E+07,4.147611,448,232,0,0,0,0,0,,,,,,,,,,,187091.6459,7.77E+07,3.08659,2038,1484,7.77E+07,3.08659,2038,1484,8620850,4826769,3793696,1.53E+07,5156208,1.04E+07,,,,1.27E+08,1.27E+08,1.27E+08,,,,-0.006591958,-0.061538462,0.005420054,-0.028306742,0.333333333,-0.028306742,,,,-0.006421238,-0.027823813,0.010828475,,,,No lift*,No lift*,No lift*,No lift,Sample size too small,No lift,,,,No lift,No lift,No lift,,,,No Lift,No Lift,,No Lift,No Lift,,No
22437524,"6380, 6327",Usage intent,2,4/11/2019,5/15/2019,FALSE,271669.6036,4.90E+07,3.323674,370,1184,0,0,0,0,0,,,,,,,,,,,187091.6459,7.77E+07,3.362891,2050,2356,7.77E+07,3.362891,2050,2356,8620850,4826769,3793696,1.53E+07,5156208,1.04E+07,,,,1.27E+08,1.27E+08,1.27E+08,,,,0.120167189,0.093189964,0.128787879,-0.020945946,0,-0.020945946,,,,-0.009515862,0.001969487,-0.020966637,,,,Sample size too small,Sample size too small,Sample size too small,No lift*,Sample size too small,No lift*,,,,No lift,No lift,No lift,,,,No Lift,No Lift,,No Lift,No Lift,,No
22437524,"6380, 6327",Other,3,3/14/2019,5/9/2019,FALSE,271669.6036,4.90E+07,1.123637,128,232,0,0,0,0,0,,,,,,,,,,,187091.6459,7.77E+07,1.238237,896,684,7.77E+07,1.238237,896,684,8620850,4826769,3793696,1.53E+07,5156208,1.04E+07,,,,1.27E+08,1.27E+08,1.27E+08,,,,0,-0.002873563,0.025,0.064285714,0.125,0.064285714,,,,0.005811925,0.006731715,0.003583043,,,,Sample size too small,Sample size too small,Sample size too small,No lift*,Sample size too small,No lift*,,,,No lift,No lift,No lift,,,,No Lift,No Lift,,No Lift,No Lift,,No
22437524,"6380, 6327",Favourability,4,3/14/2019,5/9/2019,FALSE,271669.6036,4.90E+07,1.090619,124,232,0,0,0,0,0,,,,,,,,,,,187091.6459,7.77E+07,1.220195,868,668,7.77E+07,1.220195,868,668,8620850,4826769,3793696,1.53E+07,5156208,1.04E+07,,,,1.27E+08,1.27E+08,1.27E+08,,,,0.079022989,0.077639752,0.055472264,0.012066365,0.375,0.012066365,,,,-0.052637526,-0.041089193,-0.063980019,,,,Sample size too small,Sample size too small,Sample size too small,No lift*,Sample size too small,No lift*,,,,Negative impact,No lift,Negative impact,,,,No Lift,No Lift,,No Lift,No Lift,,No
22437524,"6380, 6327",Other,5,3/14/2019,5/9/2019,FALSE,271669.6036,4.90E+07,1.090619,124,232,0,0,0,0,0,,,,,,,,,,,187091.6459,7.77E+07,1.189407,798,668,7.77E+07,1.189407,798,668,8620850,4826769,3793696,1.53E+07,5156208,1.04E+07,,,,1.27E+08,1.27E+08,1.27E+08,,,,-0.142857143,-0.15136876,-0.121118012,0.047694754,-0.214285714,0.047694754,,,,-0.030824215,-0.007216215,-0.05299517,,,,Sample size too small,Sample size too small,Sample size too small,No lift*,Sample size too small,No lift*,,,,No lift,No lift,Negative impact,,,,No Lift,No Lift,,No Lift,No Lift,,No
22443077,"6459, 6460",Aided awareness,0,4/25/2019,6/13/2019,TRUE,,,,,,0,0,0,0,0,,,,,,,,,,,,,,,,0,0,0,0,,,,,,,,,,8.06E+07,8.06E+07,,,,,,,,,,,,,,0.006102071,0.006102071,,,,,,,,,,,,,,No lift,No lift,,,,,,No Lift,,,No Lift,,No
22443077,"6459, 6460",Understanding,4,4/25/2019,6/13/2019,FALSE,,,,,,0,0,0,0,0,,,,,,1389763.706,1.39E+08,0.283443,28,21,,,,,,0,0,0,0,,,,,,,4.24E+07,,,8.06E+07,8.06E+07,,,,,,,,,,,0.25,,,0.185416667,0.185416667,,,,,,,,,,,Sample size too small,,,Strong Significant lift,Strong Significant lift,,,,,,MIA Device Level,,,14951330.83,,Sucessful
22443077,"6459, 6460",Ad recall,6,4/25/2019,6/13/2019,FALSE,,,,,,0,0,0,0,0,,,,,,1389763.706,1.39E+08,0.283443,28,15,,,,,,0,0,0,0,,,,,,,4.24E+07,,,8.06E+07,8.06E+07,,,,,,,,,,,0.5,,,0.12461502,0.12461502,,,,,,,,,,,Sample size too small,,,Directional lift,Directional lift,,,,,,MIA Device Level,,,10048505.49,,Sucessful
22443077,"6459, 6460",Declared usage,7,4/25/2019,6/13/2019,FALSE,,,,,,0,0,0,0,0,,,,,,1389763.706,1.39E+08,0.283443,28,15,,,,,,0,0,0,0,,,,,,,4.24E+07,,,8.06E+07,8.06E+07,,,,,,,,,,,-0.5,,,0.072196621,0.072196621,,,,,,,,,,,Sample size too small,,,No lift,No lift,,,,,,No Lift,,,No Lift,,No
22034229,"5841, 5786, 5774",Aided awareness,0,12/11/2018,1/28/2019,TRUE,607695.1195,4.95E+07,5.642512,546,1218,0,0,0,0,0,,,,,,510.309885,188918,0.322661,100,60,,,,,,0,0,0,0,5131862,,4155411,,,,18908,,18908,4.76E+07,4.76E+07,,,,,0.3,,0.3,,,,0,,0,0.005289261,0.005289261,,,,,Sample size too small,,Sample size too small,,,,Sample size too small,,Sample size too small,No lift,No lift,,,,,No Lift,No Lift,,No Lift,No Lift,,No
22034229,"5841, 5786, 5774",Consideration,1,12/11/2018,1/28/2019,FALSE,607695.1195,4.95E+07,5.345183,516,960,0,0,0,0,0,,,,,,510.309885,188918,0.193597,60,40,,,,,,0,0,0,0,5131862,,4155411,,,,18908,,18908,4.76E+07,4.76E+07,,,,,0.1,,0.1,,,,1,,1,0.001316531,0.001316531,,,,,Sample size too small,,Sample size too small,,,,Sample size too small,,Sample size too small,No lift,No lift,,,,,No Lift,No Lift,,No Lift,No Lift,,No
21335537,"4689, 4410",Aided awareness,0,8/24/2018,12/12/2018,FALSE,532292.0469,2.35E+08,2.663604,1035,900,,,,,,,,,,,227945.5263,2.42E+08,0.15755,168,96,78404.11154,4.14E+07,1.532207,804,534,4.14E+07,1.532207,804,534,2.73E+07,,2.73E+07,8107293,,8107293,1.90E+07,,1.90E+07,,,,,,,-0.144444444,,-0.144444444,0.253549696,,0.253549696,0.416666667,,0.416666667,,,,,,,Sample size too small,,Sample size too small,Sample size too small,,Sample size too small,Sample size too small,,Sample size too small,,,,,,,No Lift,No Lift,,No Lift,No Lift,,No
21335537,"4689, 4410",Consideration,1,8/24/2018,12/12/2018,TRUE,532292.0469,2.35E+08,1.567778,666,660,,,,,,,,,,,227945.5263,2.42E+08,0.054665,60,48,78404.11154,4.14E+07,0.935175,480,360,4.14E+07,0.935175,480,360,2.73E+07,,2.73E+07,8107293,,8107293,1.90E+07,,1.90E+07,,,,,,,-0.083333333,,-0.083333333,0.111561866,,0.111561866,0.416666667,,0.416666667,,,,,,,Sample size too small,,Sample size too small,Sample size too small,,Sample size too small,Sample size too small,,Sample size too small,,,,,,,No Lift,No Lift,,No Lift,No Lift,,No
21335537,"4689, 4410",Favourability,3,8/24/2018,12/12/2018,FALSE,532292.0469,2.35E+08,1.231788,513,288,,,,,,,,,,,227945.5263,2.42E+08,0.049108,48,18,78404.11154,4.14E+07,0.485285,252,252,4.14E+07,0.485285,252,252,2.73E+07,,2.73E+07,8107293,,8107293,1.90E+07,,1.90E+07,,,,,,,-0.068111455,,-0.068111455,0.233333333,,0.233333333,0,,0,,,,,,,Sample size too small,,Sample size too small,Sample size too small,,Sample size too small,Sample size too small,,Sample size too small,,,,,,,No Lift,No Lift,,No Lift,No Lift,,No
21335537,"4689, 4410",Declared usage,5,8/24/2018,12/12/2018,FALSE,532292.0469,2.35E+08,1.12067,459,270,,,,,,,,,,,227945.5263,2.42E+08,0.049108,48,18,78404.11154,4.14E+07,0.29865,156,120,4.14E+07,0.29865,156,120,2.73E+07,,2.73E+07,8107293,,8107293,1.90E+07,,1.90E+07,,,,,,,0.194444444,,0.194444444,0.333333333,,0.333333333,0.5,,0.5,,,,,,,Sample size too small,,Sample size too small,Sample size too small,,Sample size too small,Sample size too small,,Sample size too small,,,,,,,No Lift,No Lift,,No Lift,No Lift,,No
21721200,4861,Aided awareness,0,10/10/2018,1/1/2019,FALSE,488438.3818,2.70E+08,3.198713,2498,2344,0,0,0,0,0,,,,,,365868.8582,1.66E+08,0.837122,645,928,,,,,,3.31E+08,1.674244,1290,1856,1.71E+07,,1.71E+07,,,,1.04E+07,,1.04E+07,3.37E+07,,3.37E+07,,,,-0.077702703,,-0.077702703,,,,-0.8,,-0.8,-0.002764977,,-0.002764977,,,,No lift*,,No lift*,,,,Sample size too small,,Sample size too small,No lift,,No lift,,,,No Lift,,,No Lift,,,No
21721200,4861,Consideration,1,10/10/2018,1/1/2019,TRUE,488438.3818,2.70E+08,1.675732,1488,1119,0,0,0,0,0,,,,,,365868.8582,1.66E+08,0.274483,195,370,,,,,,3.31E+08,0.548966,390,740,1.71E+07,,1.71E+07,,,,1.04E+07,,1.04E+07,3.37E+07,,3.37E+07,,,,0.006756757,,0.006756757,,,,0.1,,0.1,-0.007142857,,-0.007142857,,,,No lift*,,No lift*,,,,Sample size too small,,Sample size too small,No lift,,No lift,,,,No Lift,,,No Lift,,,No
21721200,4861,Purchase intent,2,10/10/2018,1/1/2019,FALSE,488438.3818,2.70E+08,0.901293,839,639,0,0,0,0,0,,,,,,365868.8582,1.66E+08,0.152825,120,188,,,,,,3.31E+08,0.30565,240,376,1.71E+07,,1.71E+07,,,,1.04E+07,,1.04E+07,3.37E+07,,3.37E+07,,,,-0.014069264,,-0.014069264,,,,0.08,,0.08,-0.028205128,,-0.028205128,,,,Sample size too small,,Sample size too small,,,,Sample size too small,,Sample size too small,No lift,,No lift,,,,No Lift,,,No Lift,,,No
21721200,4861,Favourability,3,10/10/2018,1/1/2019,FALSE,488438.3818,2.70E+08,16.315555,852,210,0,0,0,0,0,,,,,,393458.4479,1.79E+08,1.494796,806,6,,,,,,0,0,0,0,1.71E+07,,1.71E+07,,,,1.04E+07,,1.04E+07,3.45E+07,,,,,,0.178571429,,0.178571429,,,,0.388888889,,0.388888889,0.193957115,,,,,,Sample size too small,,Sample size too small,,,,Sample size too small,,Sample size too small,Strong Significant lift*,,,,,,No Lift,MIA Device Level,,No Lift,6700101.519,,Sucessful
22443077,"7022, 6460, 6459",Aided awareness,0,4/10/2019,7/25/2019,FALSE,,,,,,0,0,0,0,0,,,,,,1716877.522,1.93E+08,4.95335,374,8,,,,,,0,0,0,0,,,,,,,4.97E+07,,3.87E+07,9.61E+07,9.61E+07,,,,,,,,,,,-0.35483871,,-0.333333333,0.030062016,0.030062016,,,,,,,,,,,Sample size too small,,Sample size too small,Directional lift,Directional lift,,,,,,MIA Device Level,,,2888790.547,,Sucessful
22443077,"7022, 6460, 6459",Consideration,1,4/10/2019,7/25/2019,TRUE,,,,,,0,0,0,0,0,,,,,,1716877.522,1.93E+08,2.879956,208,4,,,,,,0,0,0,0,,,,,,,4.97E+07,,3.87E+07,9.61E+07,9.61E+07,,,,,,,,,,,-0.709677419,,-0.7,-0.015621719,-0.015621719,,,,,,,,,,,Sample size too small,,Sample size too small,No lift,No lift,,,,,,No Lift,,,No Lift,,No
21726219,"4784, 4785",Consideration,1,10/5/2018,1/1/2019,TRUE,3011753.23,2.29E+09,37.551099,19296,25630,0,0,216.301379,177110,115286,,,,,,1769726.584,1.76E+09,16.912574,18303,9150,,,,,,3.52E+09,250.126527,213716,133586,2.01E+08,1.55E+07,1.94E+08,,,,7.74E+07,,7.74E+07,3.21E+08,,,,,,-0.009553747,-0.030894756,0.010698342,,,,-0.033075601,,-0.033075601,0.015344783,,,,,,No lift,No lift,No lift,,,,No lift,,No lift,No lift,,,,,,No Lift,,,No Lift,,,No
21726219,"4784, 4785",Consideration,2,10/5/2018,1/1/2019,FALSE,3011753.23,2.29E+09,20.378202,6830,10959,0,0,0,0,17398,,,,,,1769726.584,1.76E+09,3.606376,3261,2943,,,,,,3.52E+09,7.212752,6522,23284,2.01E+08,1.55E+07,1.94E+08,,,,7.74E+07,,7.74E+07,3.21E+08,,,,,,-0.004965243,0.004210526,0.019607843,,,,-0.166666667,,-0.166666667,0.028030303,,,,,,No lift,Sample size too small,No lift,,,,Sample size too small,,Sample size too small,No lift,,,,,,No Lift,,,No Lift,,,No
21726219,"4784, 4785",Declared usage,5,10/5/2018,1/1/2019,FALSE,3011753.23,2.29E+09,19.420951,11120,14060,0,0,120.656687,104840,55693,,,,,,1769726.584,1.76E+09,11.242533,12414,5337,,,,,,3.52E+09,143.141753,129668,66367,2.01E+08,1.55E+07,1.94E+08,,,,7.74E+07,,7.74E+07,3.21E+08,,,,,,0.03517624,0.015189873,0.039225463,,,,0.014395632,,0.014395632,-0.010573878,,,,,,No lift,No lift,No lift,,,,No lift,,No lift,No lift,,,,,,No Lift,,,No Lift,,,No
21726219,"4784, 4785",Aided awareness,0,10/5/2018,1/1/2019,FALSE,3011753.23,2.29E+09,53.848315,28440,41210,0,0,292.00175,249440,154132,,,,,,1769726.584,1.76E+09,25.559733,29673,10857,,,,,,3.52E+09,343.121216,308786,175846,2.01E+08,1.55E+07,1.94E+08,,,,7.74E+07,,7.74E+07,3.21E+08,,,,,,-0.023686169,-0.119636964,-0.00576332,,,,0.086197022,,0.086197022,0.025422794,,,,,,No lift,Negative impact,No lift,,,,No lift,,No lift,No lift,,,,,,No Lift,,,No Lift,,,No
21726219,"4784, 4785",Other,4,10/5/2018,1/1/2019,FALSE,3011753.23,2.29E+09,8.972491,6354,5107,0,0,70.739137,57081,36790,,,,,,1769726.584,1.76E+09,6.746378,6567,2757,,,,,,3.52E+09,84.231893,70215,42304,2.01E+08,1.55E+07,1.94E+08,,,,7.74E+07,,7.74E+07,3.21E+08,,,,,,-0.039706248,-0.00304878,-0.035704125,,,,-0.08008658,,-0.08008658,-0.009688615,,,,,,No lift,Sample size too small,No lift,,,,Sample size too small,,Sample size too small,No lift,,,,,,No Lift,,,No Lift,,,No
21726219,"4784, 4785",Favourability,3,10/5/2018,1/1/2019,FALSE,3011753.23,2.29E+09,19.770843,11682,14825,0,0,130.090437,114756,67390,,,,,,1769726.584,1.76E+09,12.275243,13578,5622,,,,,,3.52E+09,154.640923,141912,78634,2.01E+08,1.55E+07,1.94E+08,,,,7.74E+07,,7.74E+07,3.21E+08,,,,,,0.046042618,0.007259001,0.051761269,,,,0.077683616,,0.077683616,-0.027749811,,,,,,No lift,No lift,No lift,,,,No lift,,No lift,No lift,,,,,,No Lift,,,No Lift,,,No
21709687,"4971, 5088",Aided awareness,0,10/12/2018,1/1/2019,FALSE,1255171.562,4.96E+08,37.609102,16799,34928,,,,,,,,,,,1238221.442,4.65E+08,4.128741,2765,480,,,,,,4.65E+08,4.128741,2765,480,5.20E+07,1.65E+07,3.83E+07,,,,8.56E+07,,8.56E+07,,,,,,,0.072569323,0.070921986,0.072569323,,,,0.051282051,,0.051282051,,,,,,,Directional lift,No lift,Directional lift,,,,Sample size too small,,Sample size too small,,,,,,,Desktop Level,No Lift,,3770370.286,No Lift,,Sucessful
21709687,"4971, 5088",Consideration,1,10/12/2018,1/1/2019,TRUE,1255171.562,4.96E+08,23.343154,12778,30622,,,,,,,,,,,1238221.442,4.65E+08,2.323066,1477,420,,,,,,4.65E+08,2.323066,1477,420,5.20E+07,1.65E+07,3.83E+07,,,,8.56E+07,,8.56E+07,,,,,,,0.032116532,0.04964539,0.032116532,,,,0.148717949,,0.148717949,,,,,,,No lift,No lift,No lift,,,,Sample size too small,,Sample size too small,,,,,,,No Lift,No Lift,,No Lift,No Lift,,No
21709687,"4971, 5088",Consideration,2,10/12/2018,1/1/2019,FALSE,1255171.562,4.96E+08,5.532383,3130,3026,,,,,,,,,,,1238221.442,4.65E+08,1.935342,1718,432,,,,,,4.65E+08,1.935342,1718,432,5.20E+07,1.65E+07,3.83E+07,,,,8.56E+07,,8.56E+07,,,,,,,0.195804196,0.138888889,0.195804196,,,,-0.285714286,,-0.285714286,,,,,,,Sample size too small,Sample size too small,Sample size too small,,,,Sample size too small,,Sample size too small,,,,,,,No Lift,No Lift,,No Lift,No Lift,,No
21709687,"4971, 5088",Purchase intent,3,10/12/2018,1/1/2019,FALSE,1255171.562,4.96E+08,19.616013,10645,16416,,,,,,,,,,,1238221.442,4.65E+08,0.78519,723,252,,,,,,4.65E+08,0.78519,723,252,5.20E+07,1.65E+07,3.83E+07,,,,8.56E+07,,8.56E+07,,,,,,,0.062292359,0.048591416,0.062292359,,,,0.384615385,,0.384615385,,,,,,,Directional lift,No lift,Directional lift,,,,Sample size too small,,Sample size too small,,,,,,,Desktop Level,No Lift,,3236426.225,No Lift,,Sucessful
21709687,"4971, 5088",Declared usage,4,10/12/2018,1/1/2019,FALSE,1255171.562,4.96E+08,17.456756,9207,14346,,,,,,,,,,,1238221.442,4.65E+08,0.824623,726,72,,,,,,4.65E+08,0.824623,726,72,5.20E+07,1.65E+07,3.83E+07,,,,8.56E+07,,8.56E+07,,,,,,,-0.004812834,-0.003030303,-0.004812834,,,,0.3,,0.3,,,,,,,No lift,No lift,No lift,,,,Sample size too small,,Sample size too small,,,,,,,No Lift,No Lift,,No Lift,No Lift,,No
21709687,"4971, 5088",Declared usage,5,10/12/2018,1/1/2019,FALSE,1255171.562,4.96E+08,16.626488,8684,10900,,,,,,,,,,,1238221.442,4.65E+08,0.691916,616,60,,,,,,4.65E+08,0.691916,616,60,5.20E+07,1.65E+07,3.83E+07,,,,8.56E+07,,8.56E+07,,,,,,,0.070795734,0.054081823,0.070795734,,,,-0.125,,-0.125,,,,,,,No lift,No lift,No lift,,,,Sample size too small,,Sample size too small,,,,,,,No Lift,No Lift,,No Lift,No Lift,,No
21703948,"4854, 4855, 5431, 5474","Other,Favourability",3,10/15/2018,1/3/2019,FALSE,,,,,,,,,,,,,,,,914034.9733,6.33E+08,2.433033,1647,1235,,,,,,6.33E+08,2.433033,1647,1235,,,,,,,2.05E+07,,2.05E+07,,,,,,,,,,,,,0.007142857,,0.007142857,,,,,,,,,,,,,No lift*,,No lift*,,,,,,,,No Lift,,,No Lift,,No
21703948,"4854, 4855, 5431, 5474",Declared usage,6,10/15/2018,1/3/2019,FALSE,,,,,,,,,,,,,,,,914034.9733,6.33E+08,0.643828,396,110,,,,,,6.33E+08,0.643828,396,110,,,,,,,2.05E+07,,2.05E+07,,,,,,,,,,,,,0.041666667,,0.041666667,,,,,,,,,,,,,Sample size too small,,Sample size too small,,,,,,,,No Lift,,,No Lift,,No
21703948,"4854, 4855, 5431, 5474","Other,Qualification",5,,,,,,,,,,,,,,,,,,,,,,,,,,,,,,,,,,,,,,,,,2.05E+07,,,,,,,,,,,,,,,-0.027777778,,,,,,,,,,,,,,,Sample size too small,,,,,,,,,,,,,No
21703948,"4854, 4855, 5431, 5474",Aided awareness,0,10/15/2018,1/3/2019,FALSE,3341435.699,8.59E+08,38.480469,17058,4250,0,0,0,0,0,230616.7537,2.91E+08,0.036696,36,116,914034.9733,6.33E+08,12.061708,8413,6398,,,,,,1.27E+09,24.123416,16826,12796,4.15E+07,1.63E+07,2.72E+07,,,,2.05E+07,,2.05E+07,1.33E+08,1.33E+08,1.33E+08,2.13E+07,,2.13E+07,0.06091954,0.064285714,0.025974026,,,,-0.092097264,,-0.092097264,0.003821506,0.00968454,0.001306731,0.5,,0.5,Sample size too small,Sample size too small,Sample size too small,,,,No lift,,No lift,No lift,No lift,No lift,Sample size too small,,Sample size too small,No Lift,,,No Lift,,,No
21703948,"4854, 4855, 5431, 5474",Consideration,1,10/15/2018,1/3/2019,TRUE,3341435.699,8.59E+08,22.285015,10114,2614,0,0,0,0,0,230616.7537,2.91E+08,0.016571,16,110,914034.9733,6.33E+08,8.032167,5351,3967,,,,,,1.27E+09,16.064334,10702,7934,4.15E+07,1.63E+07,2.72E+07,,,,2.05E+07,,2.05E+07,1.33E+08,1.33E+08,1.33E+08,2.13E+07,,2.13E+07,0.109195402,0.15,0.032467532,,,,0.003682488,,0.003682488,-9.25E-04,0.023342591,-0.010890292,-0.5,,-0.5,Sample size too small,Sample size too small,Sample size too small,,,,No lift,,No lift,No lift,No lift,No lift,Sample size too small,,Sample size too small,No Lift,,,No Lift,,,No
21703948,"4854, 4855, 5431, 5474",Purchase intent,2,10/15/2018,1/3/2019,FALSE,3341435.699,8.59E+08,13.952436,6715,1775,0,0,0,0,0,230616.7537,2.91E+08,0.016571,16,80,914034.9733,6.33E+08,4.364752,3055,2398,,,,,,1.27E+09,8.729504,6110,4796,4.15E+07,1.63E+07,2.72E+07,,,,2.05E+07,,2.05E+07,1.33E+08,1.33E+08,1.33E+08,2.13E+07,,2.13E+07,-0.028964862,0.074074074,-0.073387695,,,,-0.015753504,,-0.015753504,-0.00729632,-0.005014395,-0.008672921,-0.25,,-0.25,Sample size too small,Sample size too small,Sample size too small,,,,No lift,,No lift,No lift,No lift,No lift,Sample size too small,,Sample size too small,No Lift,,,No Lift,,,No
21703948,"4854, 4855, 5431, 5474",Other,3,10/15/2018,1/3/2019,FALSE,,,,,,0,0,0,0,0,230616.7537,2.91E+08,0.013017,12,74,914034.9733,6.33E+08,83.655034,57665,5447,,,,,,0,0,0,0,,,,,,,2.05E+07,,2.05E+07,1.33E+08,1.33E+08,1.33E+08,2.13E+07,,2.13E+07,,,,,,,-0.36892489,,-0.36892489,0.011472324,0.010790598,0.011102887,-0.333333333,,-0.333333333,,,,,,,Sample size too small,,Sample size too small,No lift,No lift,No lift,Sample size too small,,Sample size too small,,No Lift,,,No Lift,,No
21703948,"4854, 4855, 5431, 5474",Feature recall,4,10/15/2018,1/3/2019,FALSE,3341435.699,8.59E+08,15.909595,7007,2473,0,0,0,0,0,230616.7537,2.91E+08,0.026035,24,122,914034.9733,6.33E+08,1.157121,699,222,,,,,,1.27E+09,2.314242,1398,444,4.15E+07,1.63E+07,2.72E+07,,,,2.05E+07,,2.05E+07,1.33E+08,1.33E+08,1.33E+08,2.13E+07,,2.13E+07,-0.060606061,0.4,-0.170634921,,,,-0.025641026,,-0.025641026,-0.035117371,0.178571429,-0.047281077,0.666666667,,0.666666667,Sample size too small,Sample size too small,Sample size too small,,,,Sample size too small,,Sample size too small,No lift,Sample size too small,No lift,Sample size too small,,Sample size too small,No Lift,,,No Lift,,,No
21703948,"4854, 4855, 5431, 5474",Other,5,10/15/2018,1/3/2019,FALSE,,,,,,0,0,0,0,0,230616.7537,2.91E+08,0.013017,12,74,914034.9733,6.33E+08,26.615442,16495,200,,,,,,0,0,0,0,,,,,,,2.05E+07,,2.05E+07,1.33E+08,1.33E+08,1.33E+08,2.13E+07,,2.13E+07,,,,,,,0.34,,0.34,0.040713706,-0.142857143,0.050721154,0.666666667,,0.666666667,,,,,,,Sample size too small,,Sample size too small,No lift,Sample size too small,No lift,Sample size too small,,Sample size too small,,No Lift,,,No Lift,,No
21703948,"4854, 4855, 5431, 5474",Other,6,10/15/2018,1/3/2019,FALSE,,,,,,0,0,0,0,0,230616.7537,2.91E+08,0.013017,12,74,914034.9733,6.33E+08,26.615442,16495,200,,,,,,0,0,0,0,,,,,,,2.05E+07,,2.05E+07,1.33E+08,1.33E+08,1.33E+08,2.13E+07,,2.13E+07,,,,,,,0.24,,0.24,0.055892256,0,0.0588125,-0.666666667,,-0.666666667,,,,,,,Sample size too small,,Sample size too small,No lift,Sample size too small,Directional lift,Sample size too small,,Sample size too small,,MIA Channel Level,,,,,No
21721200,4861,Other,3,10/12/2018,1/1/2019,FALSE,488438.3818,2.70E+08,0.65524,744,528,0,0,0,0,0,,,,,,365868.8582,1.66E+08,0.152825,120,176,,,,,,3.31E+08,0.30565,240,352,1.71E+07,,1.71E+07,,,,9941439,,9941439,3.37E+07,,3.37E+07,,,,-0.004830918,,-0.004830918,,,,0,,0,-0.00660651,,-0.00660651,,,,Sample size too small,,Sample size too small,,,,Sample size too small,,Sample size too small,No lift,,No lift,,,,No Lift,,,No Lift,,,No
21721200,4861,Feature recall,4,10/10/2018,1/1/2019,FALSE,488438.3818,2.70E+08,0.701007,888,783,0,0,0,0,0,,,,,,365868.8582,1.66E+08,0.152825,120,380,,,,,,3.31E+08,0.30565,240,760,1.71E+07,,1.71E+07,,,,9941439,,9941439,3.37E+07,,3.37E+07,,,,0.115555556,,0.115555556,,,,-0.333333333,,-0.333333333,-0.036538462,,-0.036538462,,,,Sample size too small,,Sample size too small,,,,Sample size too small,,Sample size too small,No lift,,No lift,,,,No Lift,,,No Lift,,,No
21721200,4861,Other,5,10/12/2018,1/1/2019,FALSE,488438.3818,2.70E+08,0.539971,582,510,0,0,0,0,0,,,,,,365868.8582,1.66E+08,0.152825,120,104,,,,,,3.31E+08,0.30565,240,208,1.71E+07,,1.71E+07,,,,9941439,,9941439,3.37E+07,,3.37E+07,,,,-0.082352941,,-0.082352941,,,,0.166666667,,0.166666667,-0.054154995,,-0.054154995,,,,Sample size too small,,Sample size too small,,,,Sample size too small,,Sample size too small,No lift,,No lift,,,,No Lift,,,No Lift,,,No
21709699,"4773, 4772, 4781, 3846",Aided awareness,0,11/14/2018,1/2/2019,FALSE,2047013.388,4.22E+08,16.034878,4549,1956,0,0,0,0,0,,,,,,307390.3441,2.81E+08,9.421132,5328,183,882628.7295,2.89E+08,14.782417,6217,896,2.89E+08,14.782417,6217,896,4.43E+07,,4.14E+07,3.83E+07,,3.72E+07,1.37E+07,,1.37E+07,1.38E+08,1.38E+08,1.38E+08,,,,-0.030252101,,-0.014379085,0.034067623,,0.03073489,-0.125155925,,-0.125155925,0.035159525,0.08277098,0.012402476,,,,Sample size too small,,Sample size too small,No lift,,No lift,Sample size too small,,Sample size too small,Significant lift,Strong Significant lift,No lift,,,,No Lift,MIA Device Level,,No Lift,4868142.587,,Sucessful
21709699,"4773, 4772, 4781, 3846",Consideration,1,11/14/2018,1/2/2019,TRUE,2047013.388,4.22E+08,12.090766,3601,1338,0,0,0,0,0,,,,,,307390.3441,2.81E+08,9.213844,5214,153,882628.7295,2.89E+08,11.246607,4852,752,2.89E+08,11.246607,4852,752,4.43E+07,,4.14E+07,3.83E+07,,3.72E+07,1.37E+07,,1.37E+07,1.38E+08,1.38E+08,1.38E+08,,,,0.042857143,,0.066666667,-0.004866803,,-0.003605769,-0.046985447,,-0.046985447,0.028082513,0.057051044,0.026605712,,,,Sample size too small,,Sample size too small,No lift,,No lift,Sample size too small,,Sample size too small,Significant lift,Strong Significant lift,Directional lift,,,,No Lift,MIA Device Level,,No Lift,3888268.601,,Sucessful
21709699,"4773, 4772, 4781, 3846",Purchase intent,2,11/14/2018,1/2/2019,FALSE,2047013.388,4.22E+08,7.755586,2398,1170,0,0,0,0,0,,,,,,307390.3441,2.81E+08,6.165004,3719,72,882628.7295,2.89E+08,6.763589,3028,539,2.89E+08,6.763589,3028,539,4.43E+07,,4.14E+07,3.83E+07,,3.72E+07,1.37E+07,,1.37E+07,1.38E+08,1.38E+08,1.38E+08,,,,-0.002631579,,-0.010964912,0.015515516,,0.016250945,-0.0499002,,-0.0499002,0.027172445,0.038376447,0.027812138,,,,Sample size too small,,Sample size too small,No lift,,No lift,Sample size too small,,Sample size too small,Significant lift,Directional lift,Directional lift,,,,No Lift,MIA Device Level,,No Lift,3762261.769,,Sucessful
21709699,"4773, 4772, 4781, 3846",Favourability,3,11/14/2018,1/2/2019,FALSE,2047013.388,4.22E+08,6.963868,2245,1086,0,0,0,0,0,,,,,,307390.3441,2.81E+08,6.029313,3632,69,882628.7295,2.89E+08,6.424584,2838,488,2.89E+08,6.424584,2838,488,4.43E+07,,4.14E+07,3.83E+07,,3.72E+07,1.37E+07,,1.37E+07,1.38E+08,1.38E+08,1.38E+08,,,,0.080882353,,0.108056266,0.034371643,,0.034371643,0.002306805,,0.002306805,-0.004151826,0.022159588,0.001383176,,,,Sample size too small,,Sample size too small,No lift*,,No lift*,Sample size too small,,Sample size too small,No lift,No lift,No lift,,,,No Lift,No Lift,,No Lift,No Lift,,No
21709699,"4773, 4772, 4781, 3846",Feature recall,4,11/14/2018,1/2/2019,FALSE,2047013.388,4.22E+08,9.736667,2711,432,0,0,0,0,0,,,,,,307390.3441,2.81E+08,8.320124,5087,78,882628.7295,2.89E+08,9.166356,3513,389,2.89E+08,9.166356,3513,389,4.43E+07,,4.14E+07,3.83E+07,,3.72E+07,1.37E+07,,1.37E+07,1.38E+08,1.38E+08,1.38E+08,,,,0.134206219,,0.134206219,-0.009459459,,-0.009459459,0.082910321,,0.082910321,0.057355509,0.101507688,0.056843315,,,,Sample size too small,,Sample size too small,Sample size too small,,Sample size too small,Sample size too small,,Sample size too small,Strong Significant lift,Strong Significant lift,Significant lift,,,,No Lift,MIA Device Level,,No Lift,7941370.018,,Sucessful
21709699,"4773, 4772, 4781, 3846",Declared usage,5,11/14/2018,1/2/2019,FALSE,2047013.388,4.22E+08,4.784216,1348,360,0,0,0,0,0,,,,,,307390.3441,2.81E+08,3.160404,1933,21,882628.7295,2.89E+08,4.3402,1562,185,2.89E+08,4.3402,1562,185,4.43E+07,,4.14E+07,3.83E+07,,3.72E+07,1.37E+07,,1.37E+07,1.38E+08,1.38E+08,1.38E+08,,,,-0.115942029,,-0.115942029,-0.025,,-0.025,-0.083333333,,-0.083333333,0.049047513,0.157905138,-0.015748831,,,,Sample size too small,,Sample size too small,Sample size too small,,Sample size too small,Sample size too small,,Sample size too small,Strong Significant lift,Strong Significant lift,No lift,,,,No Lift,MIA Device Level,,No Lift,6791055.574,,Sucessful
