DCM_Advertiser,DCM_Advertiser_ID,DCM_Campaign_Name,MRF_ID,Olive_Plan_ID,DCM_Campaign_ID,Vendor,Campaign_Name,Product,Date,Year,Quarter,Study_Start_Date,Study_End_Date,Region,Country,Testing_Type,Test_Reference_Code,Test_Audience,Test_Environment,Study_Cut,Device,Creative_Name,Creative_Size,Creative_Format,Metric,Goal,Question,Question_ENG,Desired_Answer_ENG,Total_Sample_Size,CON_Sample_Size,EXP_Sample_Size,Total_Responses,CON_Desired_Responses,EXP_Desired_Responses,Absolute_Lift,Headroom_Lift,pvalue,Significance,Reach,Weekly_Frequency,Impressions,Individuals_Lifted,CPIL,Market_Spend,View_Through_Rate
Google Nexus - NA - Essence,3726053,1005584 | Pixel | Brand + DR | ESS01 | NA | US | Q1 2019 | Pixel 3.0,1005584,5816,22096007,Twitter,@madebygoogle - Pixel 3 DR - NBE - Q1 2019,,,2019,Q1,2019-01-15 00:00:00 UTC,2019-03-05 00:00:00 UTC,NA,US,In-Flight Test,49750094,,,,,,,,Aided awareness,,Which of the following smartphones have you heard of? (Please select all that apply),,"Google Pixel (e.g. 3, 3 XL)",5832,2990,2842,3787,1854,1933,0.06,0.157894737,1.59E-06,Significant Positive,21511284,,,1290677.04,2.575659826,3324345,
Google Nexus - NA - Essence,3726053,1005584 | Pixel | Brand + DR | ESS01 | NA | US | Q1 2019 | Pixel 3.0,1005584,5816,22096007,Twitter,@madebygoogle - Pixel 3 DR - NBE - Q1 2019,,,2019,Q1,2019-01-15 00:00:00 UTC,2019-03-05 00:00:00 UTC,NA,US,In-Flight Test,49750094,,,,,,,,Consideration,,Which of the following smartphones would you consider purchasing? (Please select all that apply),,"Google Pixel (e.g. 3, 3 XL)",3762,1866,1896,1485,746,739,-0.01,-0.016666667,0.530442082,No Lift,21511284,,,-215112.84,,3324345,
Google Nexus - NA - Essence,3726053,1005584 | Pixel | Brand + DR | ESS01 | NA | US | Q1 2019 | Pixel 3.0,1005584,5816,22096007,Twitter,@madebygoogle - Pixel 3 DR - NBE - Q1 2019,,,2019,Q1,2019-01-15 00:00:00 UTC,2019-03-05 00:00:00 UTC,NA,US,In-Flight Test,49750094,,,,,,,,Purchase intent,,Which one of the following smartphones would you most likely purchase in the next 3 months?,,"Google Pixel (e.g. 3, 3 XL)",5832,2990,2842,292,150,142,0,0,1,No Lift,21511284,,,0,,3324345,
Google Nexus - NA - Essence,3726053,1005584 | Pixel | Brand + DR | ESS01 | NA | US | Q1 2019 | Pixel 3.0,1005584,5816,22096007,Twitter,@madebygoogle - Pixel 3 DR - NBE - Q1 2019,,,2019,Q1,2019-01-15 00:00:00 UTC,2019-03-05 00:00:00 UTC,NA,US,In-Flight Test,49750094,,,,,,,,Perception,,Which statement best reflects your overall opinion and perception towards Google Pixel 3?,,"Speak highly without being asked, Speak highly if someone asked me",3762,1866,1896,884,448,436,-0.01,-0.013157895,0.469487403,No Lift,21511284,,,-215112.84,,3324345,
Google Nexus - NA - Essence,3726053,1005584 | Pixel | Brand + DR | ESS01 | NA | US | Q1 2019 | Pixel 3.0,1005584,5816,22096007,Twitter,@madebygoogle - Pixel 3 DR - NBE - Q1 2019,,,2019,Q1,2019-01-15 00:00:00 UTC,2019-03-05 00:00:00 UTC,NA,US,In-Flight Test,49750094,,,,,,,,Ad recall,,Do you recall seeing a Tweet for Google Pixel 3 on Twitter in the last 7 days?,,Yes,5832,2990,2842,1014,389,625,0.09,0.103448276,1.25E-19,Significant Positive,21511284,,,1936015.56,1.717106551,3324345,
YouTube - B2C - NA - Essence,3691103,1005969 | YouTube B2C | BR | ESS01 | NA | US | Q1 - Q4 2019 | Shows,1005969,5810,22171248,Twitter,@YouTube - YTO Wayne - NBE - 1Q19,,,2019,Q1,2019-01-14 00:00:00 UTC,2019-02-06 00:00:00 UTC,NA,US,In-Flight Test,49579890,,,,,,,,Aided awareness,Primary,"Which, if any, of the following shows have you heard of? (Please select all that apply)",,Wayne,2735,1007,1728,326,101,225,0.03,0.033333333,0.019416475,Significant Positive,6396228,,,191886.84,2.010612088,385810.31,
YouTube - B2C - NA - Essence,3691103,1005969 | YouTube B2C | BR | ESS01 | NA | US | Q1 - Q4 2019 | Shows,1005969,5810,22171248,Twitter,@YouTube - YTO Wayne - NBE - 1Q19,,,2019,Q1,2019-01-14 00:00:00 UTC,2019-02-06 00:00:00 UTC,NA,US,In-Flight Test,49579890,,,,,,,,Consideration,Other,"Which of the following shows, if any, would you consider watching? (Please select all that apply)",,Wayne,322,99,223,142,44,98,0,0,1,No Lift,6396228,,,0,,385810.31,
YouTube - B2C - NA - Essence,3691103,1005969 | YouTube B2C | BR | ESS01 | NA | US | Q1 - Q4 2019 | Shows,1005969,5810,22171248,Twitter,@YouTube - YTO Wayne - NBE - 1Q19,,,2019,Q1,2019-01-14 00:00:00 UTC,2019-02-06 00:00:00 UTC,NA,US,In-Flight Test,49579890,,,,,,,,Other,Other,Which online platform can you watch Wayne on?,,YouTube,322,99,223,162,39,123,0.16,0.262295082,0.008056919,Significant Positive,6396228,,,1023396.48,0.376989766,385810.31,
YouTube - B2C - NA - Essence,3691103,1005969 | YouTube B2C | BR | ESS01 | NA | US | Q1 - Q4 2019 | Shows,1005969,5810,22171248,Twitter,@YouTube - YTO Wayne - NBE - 1Q19,,,2019,Q1,2019-01-14 00:00:00 UTC,2019-02-06 00:00:00 UTC,NA,US,In-Flight Test,49579890,,,,,,,,Other,Other,How likely are you to watch Wayne?,,"Definitely will, Probably will",322,99,223,55,15,40,0.03,0.035294118,0.509185891,No Lift,6396228,,,191886.84,2.010612088,385810.31,
YouTube - B2C - NA - Essence,3691103,1005969 | YouTube B2C | BR | ESS01 | NA | US | Q1 - Q4 2019 | Shows,1005969,5810,22171248,Twitter,@YouTube - YTO Wayne - NBE - 1Q19,,,2019,Q1,2019-01-14 00:00:00 UTC,2019-02-06 00:00:00 UTC,NA,US,In-Flight Test,49579890,,,,,,,,Ad recall,Other,Do you recall seeing a Tweet for Wayne on Twitter in the past 7 days?,,Yes,2735,1007,1728,168,30,138,0.05,0.051546392,1.55E-07,Significant Positive,6396228,,,319811.4,1.206367253,385810.31,
,,,,6153,1005679,Twitter,@Google - Assistant SB - NBE - Q1 2019,,,2019,Q1,2019-02-05 00:00:00 UTC,2019-02-11 00:00:00 UTC,NA,US,In-Flight Test,50130161,,,,,,,,Aided awareness,Primary,Which of these digital assistants have you heard of? (Please select all that apply),,Google Assistant,3973,1904,2069,3180,1504,1676,0.02,0.095238095,0.115103671,No Lift,17090849,,,341816.98,0.030279362,10350,
,,,,6153,1005679,Twitter,@Google - Assistant SB - NBE - Q1 2019,,,2019,Q1,2019-02-05 00:00:00 UTC,2019-02-11 00:00:00 UTC,NA,US,In-Flight Test,50130161,,,,,,,,Consideration,Other,Which of these digital assistants would you consider using? (Please select all that apply),,Google Assistant,3173,1496,1677,1881,942,939,-0.07,-0.189189189,6.16E-05,Significant Negative,17090849,,,-1196359.43,,10350,
,,,,6153,1005679,Twitter,@Google - Assistant SB - NBE - Q1 2019,,,2019,Q1,2019-02-05 00:00:00 UTC,2019-02-11 00:00:00 UTC,NA,US,In-Flight Test,50130161,,,,,,,,Favourability,Other,How favorable is your view of Google Assistant?,,"Very favorable, Somewhat favorable",3173,1496,1677,1220,583,637,-0.01,-0.016393443,0.563298464,No Lift,17090849,,,-170908.49,,10350,
,,,,6153,1005679,Twitter,@Google - Assistant SB - NBE - Q1 2019,,,2019,Q1,2019-02-05 00:00:00 UTC,2019-02-11 00:00:00 UTC,NA,US,In-Flight Test,50130161,,,,,,,,Perception,Other,Which statement best reflects your overall opinion and perception towards the Google Assistant brand?,,"Speak highly without being asked, Speak highly if someone asked me",3173,1496,1677,950,464,486,-0.02,-0.028985507,0.219494013,No Lift,17090849,,,-341816.98,,10350,
,,,,6153,1005679,Twitter,@Google - Assistant SB - NBE - Q1 2019,,,2019,Q1,2019-02-05 00:00:00 UTC,2019-02-11 00:00:00 UTC,NA,US,In-Flight Test,50130161,,,,,,,,Ad recall,Other,Do you recall seeing an ad for Google Assistant on Twitter in the past 7 days?,,Yes,3973,1904,2069,499,209,290,0.03,0.033707865,0.004367689,Significant Positive,17090849,,,512725.47,0.020186241,10350,
,,,,6210,1006103,Twitter,@Google - Grow with Google MOS Super Bowl - NBE - Q1 2019,,,2019,Q1,2019-02-03 00:00:00 UTC,2019-02-17 00:00:00 UTC,NA,US,In-Flight Test,50050000,,,,,,,,Unaided awareness,Primary,"When thinking about technology companies that help veterans transition into the workforce, which companies come to mind? (Please select all that apply)",,Google,1947,990,957,391,228,163,-0.06,-0.077922078,9.47E-04,Significant Negative,9287648,,,-557258.88,,3500,
,,,,6210,1006103,Twitter,@Google - Grow with Google MOS Super Bowl - NBE - Q1 2019,,,2019,Q1,2019-02-03 00:00:00 UTC,2019-02-17 00:00:00 UTC,NA,US,In-Flight Test,50050000,,,,,,,,Perception,Other,Which statement best reflects your overall opinion and perceptions towards Google Search?,,"Speak highly without being asked, Speak highly if someone asked me",1947,990,957,877,475,402,-0.06,-0.115384615,0.007810056,Significant Negative,9287648,,,-557258.88,,3500,
,,,,6210,1006103,Twitter,@Google - Grow with Google MOS Super Bowl - NBE - Q1 2019,,,2019,Q1,2019-02-03 00:00:00 UTC,2019-02-17 00:00:00 UTC,NA,US,In-Flight Test,50050000,,,,,,,,Perception,Other,Which statement best reflects your overall opinion and perceptions towards Google?,,"Speak highly without being asked, Speak highly if someone asked me",1947,990,957,791,446,345,-0.09,-0.163636364,5.27E-05,Significant Negative,9287648,,,-835888.32,,3500,
,,,,6210,1006103,Twitter,@Google - Grow with Google MOS Super Bowl - NBE - Q1 2019,,,2019,Q1,2019-02-03 00:00:00 UTC,2019-02-17 00:00:00 UTC,NA,US,In-Flight Test,50050000,,,,,,,,Ad recall,Other,Do you recall seeing a Tweet for Google on Twitter in the past 7 days?,,Yes,1947,990,957,408,178,230,0.06,0.073170732,0.001144307,Significant Positive,9287648,,,557258.88,0.006280743,3500,
Google Home - NA - Essence,6071606,1006171 | Home | DR | ESS01 | NA | US | Q1 2019 | V1,1006171,6184,22079578,Twitter,@madebygoogle - Oscars Cross-hardware - NBE - Q1 2019,,,2019,Q1,2019-02-23 00:00:00 UTC,2019-02-25 00:00:00 UTC,NA,US,In-Flight Test,50492273,,,,,,,,Aided awareness,,Which of the following voice-activated home assistants have you heard of? (Please select all that apply),,"Google Home (Mini, Max, Hub)",2996,1274,1722,2003,815,1188,0.05,0.138888889,0.004044611,Significant Positive,16288042,,,814402.1,0.008460194,6890,
Google Home - NA - Essence,6071606,1006171 | Home | DR | ESS01 | NA | US | Q1 2019 | V1,1006171,6184,22079578,Twitter,@madebygoogle - Oscars Cross-hardware - NBE - Q1 2019,,,2019,Q1,2019-02-23 00:00:00 UTC,2019-02-25 00:00:00 UTC,NA,US,In-Flight Test,50492273,,,,,,,,Aided awareness,,Which of the following smartphones have you heard of? (Please select all that apply),,"Google Pixel (e.g. 3, 3 XL)",2996,1274,1722,2071,866,1205,0.02,0.0625,0.241297531,No Lift,16288042,,,325760.84,0.021150486,6890,
Google Home - NA - Essence,6071606,1006171 | Home | DR | ESS01 | NA | US | Q1 2019 | V1,1006171,6184,22079578,Twitter,@madebygoogle - Oscars Cross-hardware - NBE - Q1 2019,,,2019,Q1,2019-02-23 00:00:00 UTC,2019-02-25 00:00:00 UTC,NA,US,In-Flight Test,50492273,,,,,,,,Aided awareness,,Which of the following digital assistants have you heard of? (Please select all that apply),,Google Assistant,2996,1274,1722,2209,917,1292,0.03,0.107142857,0.065116182,No Lift,16288042,,,488641.26,0.014100324,6890,
Google Home - NA - Essence,6071606,1006171 | Home | DR | ESS01 | NA | US | Q1 2019 | V1,1006171,6184,22079578,Twitter,@madebygoogle - Oscars Cross-hardware - NBE - Q1 2019,,,2019,Q1,2019-02-23 00:00:00 UTC,2019-02-25 00:00:00 UTC,NA,US,In-Flight Test,50492273,,,,,,,,Perception,,Which of the following brands do you most associate with making a helpful voice assistant?,,Google,2996,1274,1722,659,280,379,0,0,1,No Lift,16288042,,,0,,6890,
Google Home - NA - Essence,6071606,1006171 | Home | DR | ESS01 | NA | US | Q1 2019 | V1,1006171,6184,22079578,Twitter,@madebygoogle - Oscars Cross-hardware - NBE - Q1 2019,,,2019,Q1,2019-02-23 00:00:00 UTC,2019-02-25 00:00:00 UTC,NA,US,In-Flight Test,50492273,,,,,,,,Ad recall,,Do you recall seeing a Tweet for Google on Twitter in the last 7 days?,,Yes,2996,1274,1722,840,255,585,0.14,0.175,3.36E-17,Significant Positive,16288042,,,2280325.88,0.003021498,6890,
,,,,6130,1006296,Twitter,US - @GoogleFi - NBE - Q1 2019,,,2019,Q1,2019-02-20 00:00:00 UTC,2019-03-31 00:00:00 UTC,NA,US,In-Flight Test,50296130,,,,,,,,Aided awareness,,"Which, if any, of the following wireless phone service providers have you heard of? (Please select all that apply)",,Google Fi,3557,1686,1871,878,354,524,0.07,0.088607595,1.33E-06,Significant Positive,3652023,,,255641.61,0.023196537,5930,
,,,,6130,1006296,Twitter,US - @GoogleFi - NBE - Q1 2019,,,2019,Q1,2019-02-20 00:00:00 UTC,2019-03-31 00:00:00 UTC,NA,US,In-Flight Test,50296130,,,,,,,,Consideration,,"Which, if any, of the following wireless phone service providers would you consider using in the future? (Please select all that apply)",,Google Fi,3557,1686,1871,750,320,430,0.04,0.049382716,0.003508564,Significant Positive,3652023,,,146080.92,0.040593939,5930,
,,,,6130,1006296,Twitter,US - @GoogleFi - NBE - Q1 2019,,,2019,Q1,2019-02-20 00:00:00 UTC,2019-03-31 00:00:00 UTC,NA,US,In-Flight Test,50296130,,,,,,,,Purchase intent,,How likely are you to try Google Fi in the next 2 years?,,"Very likely, Somewhat likely",848,351,497,251,102,149,0.01,0.014084507,0.753339114,No Lift,3652023,,,36520.23,0.162375757,5930,
,,,,6130,1006296,Twitter,US - @GoogleFi - NBE - Q1 2019,,,2019,Q1,2019-02-20 00:00:00 UTC,2019-03-31 00:00:00 UTC,NA,US,In-Flight Test,50296130,,,,,,,,Feature recall,,Which of the following describes Google Fi? (Please select all that apply),,A phone plan by Google,848,351,497,708,295,413,-0.01,-0.0625,0.699789246,No Lift,3652023,,,-36520.23,,5930,
,,,,6130,1006296,Twitter,US - @GoogleFi - NBE - Q1 2019,,,2019,Q1,2019-02-20 00:00:00 UTC,2019-03-31 00:00:00 UTC,NA,US,In-Flight Test,50296130,,,,,,,,Feature recall,,Which of the following describes Google Fi? (Please select all that apply),,Automatically connects you to free Wi-Fi hotspots,848,351,497,309,140,169,-0.06,-0.1,0.07382513,No Lift,3652023,,,-219121.38,,5930,
,,,,6130,1006296,Twitter,US - @GoogleFi - NBE - Q1 2019,,,2019,Q1,2019-02-20 00:00:00 UTC,2019-03-31 00:00:00 UTC,NA,US,In-Flight Test,50296130,,,,,,,,Feature recall,,Which of the following describes Google Fi? (Please select all that apply),,No hidden fees or contracts,848,351,497,272,123,149,-0.05,-0.076923077,0.124422304,No Lift,3652023,,,-182601.15,,5930,
,,,,6130,1006296,Twitter,US - @GoogleFi - NBE - Q1 2019,,,2019,Q1,2019-02-20 00:00:00 UTC,2019-03-31 00:00:00 UTC,NA,US,In-Flight Test,50296130,,,,,,,,Feature recall,,Which of the following describes Google Fi? (Please select all that apply),,Offers better network coverage,848,351,497,159,70,89,-0.02,-0.025,0.463088766,No Lift,3652023,,,-73040.46,,5930,
,,,,6130,1006296,Twitter,US - @GoogleFi - NBE - Q1 2019,,,2019,Q1,2019-02-20 00:00:00 UTC,2019-03-31 00:00:00 UTC,NA,US,In-Flight Test,50296130,,,,,,,,Ad recall,,Do you recall seeing an ad for Google Fi on Twitter in the past 7 days?,,Yes,3557,1686,1871,419,101,318,0.11,0.117021277,3.01E-24,Significant Positive,3652023,,,401722.53,0.014761432,5930,
Google Enterprise Cloud Platform - NA - Essence,4130639,1006219 | Enterprise Cloud | BR | ESS01 | NA | US | Q1-Q2 2019 | Next Awareness,1006219,6040,22327521,Twitter,@GoogleCloud - Cloud Next Awareness - NBE -1Q19,,,2019,Q1,2019-03-08 00:00:00 UTC,2019-05-01 00:00:00 UTC,NA,US,In-Flight Test,50459124,,,,,,,,Aided awareness,,Which of the following have you heard of? (Please select all that apply),,Next '19,3143,1418,1725,143,57,86,0.01,0.010416667,0.180631881,No Lift,3288642,,,32886.42,12.03442029,395769.09,
Google Enterprise Cloud Platform - NA - Essence,4130639,1006219 | Enterprise Cloud | BR | ESS01 | NA | US | Q1-Q2 2019 | Next Awareness,1006219,6040,22327521,Twitter,@GoogleCloud - Cloud Next Awareness - NBE -1Q19,,,2019,Q1,2019-03-08 00:00:00 UTC,2019-05-01 00:00:00 UTC,NA,US,In-Flight Test,50459124,,,,,,,,Consideration,,"To what extent do you agree with the following statement: ""I would attend the April 2019 Google Cloud Next event virtually or in person.""",,"Completely agee, Somewhat agree",3143,1418,1725,574,298,276,-0.05,-0.063291139,3.05E-04,Significant Negative,3288642,,,-164432.1,,395769.09,
Google Enterprise Cloud Platform - NA - Essence,4130639,1006219 | Enterprise Cloud | BR | ESS01 | NA | US | Q1-Q2 2019 | Next Awareness,1006219,6040,22327521,Twitter,@GoogleCloud - Cloud Next Awareness - NBE -1Q19,,,2019,Q1,2019-03-08 00:00:00 UTC,2019-05-01 00:00:00 UTC,NA,US,In-Flight Test,50459124,,,,,,,,Ad recall,,Do you recall seeing a Tweet for Google Cloud on Twitter in the last 7 days?,,Yes,3143,1418,1725,567,170,397,0.11,0.125,1.45E-15,Significant Positive,3288642,,,361750.62,1.094038208,395769.09,
Google Nexus - NA - Essence,3726053,1006649 | Pixel | Brand + DR | ESS01 | NA | US | Q2 2019 | Bonito,1006649,6459,22443077,Twitter,@MadebyGoogle - Pixel 3 (Pre-Bonito) - NBE - Q2 2019,,,2019,Q2,2019-04-22 00:00:00 UTC,2019-04-30 00:00:00 UTC,NA,US,In-Flight Test,51583411,,,,,,,,Aided awareness,,Which of the following smartphones have you heard of? (Please select all that apply),,"Google Pixel (3, 3 XL)",4902,2209,2693,3049,1325,1724,0.04,0.1,0.004056843,Significant Positive,14638195,,,585527.8,0.00785616,4600,
Google Nexus - NA - Essence,3726053,1006649 | Pixel | Brand + DR | ESS01 | NA | US | Q2 2019 | Bonito,1006649,6459,22443077,Twitter,@MadebyGoogle - Pixel 3 (Pre-Bonito) - NBE - Q2 2019,,,2019,Q2,2019-04-22 00:00:00 UTC,2019-04-30 00:00:00 UTC,NA,US,In-Flight Test,51583411,,,,,,,,Consideration,,Which of the following smartphones would you consider purchasing? (Please select all that apply),,"Google Pixel (3, 3 XL)",3011,1318,1693,903,395,508,0,0,1,No Lift,14638195,,,0,,4600,
Google Nexus - NA - Essence,3726053,1006649 | Pixel | Brand + DR | ESS01 | NA | US | Q2 2019 | Bonito,1006649,6459,22443077,Twitter,@MadebyGoogle - Pixel 3 (Pre-Bonito) - NBE - Q2 2019,,,2019,Q2,2019-04-22 00:00:00 UTC,2019-04-30 00:00:00 UTC,NA,US,In-Flight Test,51583411,,,,,,,,Purchase intent,,Which of the following smartphones would you most likely purchase in the next 6 months?,,"Google Pixel (3, 3 XL)",4902,2209,2693,245,110,135,0,0,1,No Lift,14638195,,,0,,4600,
Google Nexus - NA - Essence,3726053,1006649 | Pixel | Brand + DR | ESS01 | NA | US | Q2 2019 | Bonito,1006649,6459,22443077,Twitter,@MadebyGoogle - Pixel 3 (Pre-Bonito) - NBE - Q2 2019,,,2019,Q2,2019-04-22 00:00:00 UTC,2019-04-30 00:00:00 UTC,NA,US,In-Flight Test,51583411,,,,,,,,Perception,,Which of the following smartphones offers the best value for the price?,,"Google Pixel (3, 3 XL)",4902,2209,2693,490,221,269,0,0,1,No Lift,14638195,,,0,,4600,
Google Nexus - NA - Essence,3726053,1006649 | Pixel | Brand + DR | ESS01 | NA | US | Q2 2019 | Bonito,1006649,6459,22443077,Twitter,@MadebyGoogle - Pixel 3 (Pre-Bonito) - NBE - Q2 2019,,,2019,Q2,2019-04-22 00:00:00 UTC,2019-04-30 00:00:00 UTC,NA,US,In-Flight Test,51583411,,,,,,,,Perception,,"Which of the following statements describe Google Pixel (3, 3XL)?",,"Most helpful, Premium",3011,1318,1693,391,171,220,0,0,1,No Lift,14638195,,,0,,4600,
Google Nexus - NA - Essence,3726053,1006649 | Pixel | Brand + DR | ESS01 | NA | US | Q2 2019 | Bonito,1006649,6459,22443077,Twitter,@MadebyGoogle - Pixel 3 (Pre-Bonito) - NBE - Q2 2019,,,2019,Q2,2019-04-22 00:00:00 UTC,2019-04-30 00:00:00 UTC,NA,US,In-Flight Test,51583411,,,,,,,,Ad recall,,Do you recall seeing a Tweet for Google Pixel on Twitter in the last 7 days?,,Yes,4902,2209,2693,777,265,512,0.07,0.079545455,2.43E-11,Significant Positive,14638195,,,1024673.65,0.004489234,4600,
YouTube - B2C - NA - Essence,3691103,1006053 | YouTube B2C | BR | ESS01 | NA | US | Q2 2019 | Coachella,1006053,6588,22511435,Twitter,@YouTubeMusic - Google - Coachella - NBE - 2Q19,,,2019,Q2,2019-04-10 00:00:00 UTC,2019-04-26 00:00:00 UTC,NA,US,In-Flight Test,51294233,,,,,,,,Aided awareness,,Which of the following music streaming services have you heard of? (Please select all that apply),,YouTube Music (a separate app from YouTube),2595,1186,1409,1505,688,817,0,0,1,No Lift,5004834,,,0,,488392.65,
YouTube - B2C - NA - Essence,3691103,1006053 | YouTube B2C | BR | ESS01 | NA | US | Q2 2019 | Coachella,1006053,6588,22511435,Twitter,@YouTubeMusic - Google - Coachella - NBE - 2Q20,,,2019,Q2,2019-04-10 00:00:00 UTC,2019-04-26 00:00:00 UTC,NA,US,In-Flight Test,51294233,,,,,,,,Other,,Which of the following brands do you most associate with Coachella?,,YouTube Music (a separate app from YouTube),2595,1186,1409,78,36,42,0,0,1,No Lift,5004834,,,0,,488392.65,
YouTube - B2C - NA - Essence,3691103,1006053 | YouTube B2C | BR | ESS01 | NA | US | Q2 2019 | Coachella,1006053,6588,22511435,Twitter,@YouTubeMusic - Google - Coachella - NBE - 2Q21,,,2019,Q2,2019-04-10 00:00:00 UTC,2019-04-26 00:00:00 UTC,NA,US,In-Flight Test,51294233,,,,,,,,Consideration,,Which of the following music streaming services would you consider subscribing to? (Please select all that apply),,YouTube Music (a separate app from YouTube),1510,690,820,269,138,131,-0.04,-0.05,0.043075245,Significant Negative,5004834,,,-200193.36,,488392.65,
YouTube - B2C - NA - Essence,3691103,1006053 | YouTube B2C | BR | ESS01 | NA | US | Q2 2019 | Coachella,1006053,6588,22511435,Twitter,@YouTubeMusic - Google - Coachella - NBE - 2Q22,,,2019,Q2,2019-04-10 00:00:00 UTC,2019-04-26 00:00:00 UTC,NA,US,In-Flight Test,51294233,,,,,,,,Usage intent,,How interested are you in trying out or continuing to use YouTube Music?,,"Very likely, Somewhat likely",1510,690,820,449,228,221,-0.06,-0.089552239,0.011061404,Significant Negative,5004834,,,-300290.04,,488392.65,
YouTube - B2C - NA - Essence,3691103,1006053 | YouTube B2C | BR | ESS01 | NA | US | Q2 2019 | Coachella,1006053,6588,22511435,Twitter,@YouTubeMusic - Google - Coachella - NBE - 2Q23,,,2019,Q2,2019-04-10 00:00:00 UTC,2019-04-26 00:00:00 UTC,NA,US,In-Flight Test,51294233,,,,,,,,Perception,,"To what extent do you agree or disagree with the following statement? ""YouTube Music is a brand I am hearing a lot about”",,"Strongly agree, Somewhat agree",1510,690,820,476,214,262,0.01,0.014492754,0.676996882,No Lift,5004834,,,50048.34,9.758425554,488392.65,
YouTube - B2C - NA - Essence,3691103,1006053 | YouTube B2C | BR | ESS01 | NA | US | Q2 2019 | Coachella,1006053,6588,22511435,Twitter,@YouTubeMusic - Google - Coachella - NBE - 2Q24,,,2019,Q2,2019-04-10 00:00:00 UTC,2019-04-26 00:00:00 UTC,NA,US,In-Flight Test,51294233,,,,,,,,Ad recall,,Do you recall seeing a Tweet for YouTube Music on Twitter in the last 7 days?,,Yes,2595,1186,1409,302,119,183,0.03,0.033333333,0.017558748,Significant Positive,5004834,,,150145.02,3.252808518,488392.65,
,,,,6380,1005537,Twitter,US - @Google - Multi-apps Campaign - NBE - Q1 2019,,,2019,Q2,2019-04-30 00:00:00 UTC,2019-05-22 00:00:00 UTC,NA,US,In-Flight Test,50930528,,,,,,,,Usage intent,,For which topics will you likely use Google Search next time you need information? (Please select all that apply),,"Local area (e.g. restaurants, activities)",1686,887,799,1255,648,607,0.03,0.111111111,0.158613534,No Lift,7547793,,,226433.79,1.5858808,359096.99,
,,,,6380,1005537,Twitter,US - @Google - Multi-apps Campaign - NBE - Q1 2019,,,2019,Q2,2019-04-30 00:00:00 UTC,2019-05-22 00:00:00 UTC,NA,US,In-Flight Test,50930528,,,,,,,,Usage intent,,For which topics will you likely use Google Search next time you need information? (Please select all that apply),,"Movies (e.g. trailers, showtimes, tickets)",1686,887,799,944,497,447,0,0,1,No Lift,7547793,,,0,,359096.99,
,,,,6380,1005537,Twitter,US - @Google - Multi-apps Campaign - NBE - Q1 2019,,,2019,Q2,2019-04-30 00:00:00 UTC,2019-05-22 00:00:00 UTC,NA,US,In-Flight Test,50930528,,,,,,,,Usage intent,,For which topics will you likely use Google Search next time you need information? (Please select all that apply),,"Sports (e.g. game scores, schedules)",1686,887,799,615,319,296,0.01,0.015625,0.670158154,No Lift,7547793,,,75477.93,4.7576424,359096.99,
,,,,6380,1005537,Twitter,US - @Google - Multi-apps Campaign - NBE - Q1 2019,,,2019,Q2,2019-04-30 00:00:00 UTC,2019-05-22 00:00:00 UTC,NA,US,In-Flight Test,50930528,,,,,,,,Perception,,Which best reflects your opinions and perceptions about Google?,,"Speak highly without being asked, Speak highly if asked",1686,887,799,912,497,415,-0.04,-0.090909091,0.099814682,No Lift,7547793,,,-301911.72,,359096.99,
,,,,6380,1005537,Twitter,US - @Google - Multi-apps Campaign - NBE - Q1 2019,,,2019,Q2,2019-04-30 00:00:00 UTC,2019-05-22 00:00:00 UTC,NA,US,In-Flight Test,50930528,,,,,,,,Perception,,"Overall, how much do you trust Google?",,"Completely, A lot",1686,887,799,779,435,344,-0.06,-0.117647059,0.013602272,Significant Negative,7547793,,,-452867.58,,359096.99,
,,,,6380,1005537,Twitter,US - @Google - Multi-apps Campaign - NBE - Q1 2019,,,2019,Q2,2019-04-30 00:00:00 UTC,2019-05-22 00:00:00 UTC,NA,US,In-Flight Test,50930528,,,,,,,,Perception,,"To what degree do you agree or disagree that: ""Google offers products and services that help me enjoy my life""?",,"Strongly agree, Somewhat agree",1686,887,799,1155,612,543,-0.01,-0.032258065,0.658871363,No Lift,7547793,,,-75477.93,,359096.99,
,,,,6380,1005537,Twitter,US - @Google - Multi-apps Campaign - NBE - Q1 2019,,,2019,Q2,2019-04-30 00:00:00 UTC,2019-05-22 00:00:00 UTC,NA,US,In-Flight Test,50930528,,,,,,,,Ad recall,,Do you recall seeing a Tweet for Google on Twitter in the last 7 days?,,Yes,1686,887,799,503,231,272,0.08,0.108108108,3.35E-04,Significant Positive,7547793,,,603823.44,0.5947053,359096.99,
