,DCM_Id_x,Mrf_Id_x,Olive_Plan_Id,Quarter,Platform,Goal,Metric,CON_Desired_Responses,EXP_Desired_Responses,Absolute_Lift,Headroom_Lift,pvalue,Reach,Weekly_Frequency,Impressions_x,Individuals_Lifted,CPIL,Market_Spend,View_Through_Rate,Weekly_Frequency,Olive Plan Name,Channel,Property,Buy Type,Impressions_y,Clicks,Spend,Mrf_Id_y,DCM_Id_y,MMG,DCM_Campaign_Name
0,,,6130,Q1,Twitter,,Aided awareness,354.0,524.0,0.07,0.088607595,1.33e-06,3652023.0,,,255641.61,0.023196537000000003,5930.0,,,Project Fi NA Q1 2019 United States - Brand,Social,Twitter - Official,Biddable,"63,479,988","228,744","$549,387.55 ",1006296,22290676,Marvin,1006296 + 1004502 | Google Fi | Brand + DR | ESS01 | NA | United States | Q1 2019 | Re-Brand
1,,,6130,Q1,Twitter,,Consideration,320.0,430.0,0.04,0.04938271599999999,0.003508564,3652023.0,,,146080.92,0.040593939,5930.0,,,Project Fi NA Q1 2019 United States - Brand,Social,Twitter - Official,Biddable,"63,479,988","228,744","$549,387.55 ",1006296,22290676,Marvin,1006296 + 1004502 | Google Fi | Brand + DR | ESS01 | NA | United States | Q1 2019 | Re-Brand
2,,,6130,Q1,Twitter,,Purchase intent,102.0,149.0,0.01,0.014084507,0.7533391140000001,3652023.0,,,36520.23,0.16237575699999998,5930.0,,,Project Fi NA Q1 2019 United States - Brand,Social,Twitter - Official,Biddable,"63,479,988","228,744","$549,387.55 ",1006296,22290676,Marvin,1006296 + 1004502 | Google Fi | Brand + DR | ESS01 | NA | United States | Q1 2019 | Re-Brand
3,,,6130,Q1,Twitter,,Feature recall,295.0,413.0,-0.01,-0.0625,0.6997892459999999,3652023.0,,,-36520.23,,5930.0,,,Project Fi NA Q1 2019 United States - Brand,Social,Twitter - Official,Biddable,"63,479,988","228,744","$549,387.55 ",1006296,22290676,Marvin,1006296 + 1004502 | Google Fi | Brand + DR | ESS01 | NA | United States | Q1 2019 | Re-Brand
4,,,6130,Q1,Twitter,,Feature recall,140.0,169.0,-0.06,-0.1,0.07382513,3652023.0,,,-219121.38,,5930.0,,,Project Fi NA Q1 2019 United States - Brand,Social,Twitter - Official,Biddable,"63,479,988","228,744","$549,387.55 ",1006296,22290676,Marvin,1006296 + 1004502 | Google Fi | Brand + DR | ESS01 | NA | United States | Q1 2019 | Re-Brand
5,,,6130,Q1,Twitter,,Feature recall,123.0,149.0,-0.05,-0.076923077,0.124422304,3652023.0,,,-182601.15,,5930.0,,,Project Fi NA Q1 2019 United States - Brand,Social,Twitter - Official,Biddable,"63,479,988","228,744","$549,387.55 ",1006296,22290676,Marvin,1006296 + 1004502 | Google Fi | Brand + DR | ESS01 | NA | United States | Q1 2019 | Re-Brand
6,,,6130,Q1,Twitter,,Feature recall,70.0,89.0,-0.02,-0.025,0.46308876600000004,3652023.0,,,-73040.46,,5930.0,,,Project Fi NA Q1 2019 United States - Brand,Social,Twitter - Official,Biddable,"63,479,988","228,744","$549,387.55 ",1006296,22290676,Marvin,1006296 + 1004502 | Google Fi | Brand + DR | ESS01 | NA | United States | Q1 2019 | Re-Brand
7,,,6130,Q1,Twitter,,Ad recall,101.0,318.0,0.11,0.11702127699999999,3.01e-24,3652023.0,,,401722.53,0.014761432,5930.0,,,Project Fi NA Q1 2019 United States - Brand,Social,Twitter - Official,Biddable,"63,479,988","228,744","$549,387.55 ",1006296,22290676,Marvin,1006296 + 1004502 | Google Fi | Brand + DR | ESS01 | NA | United States | Q1 2019 | Re-Brand
8,3726053.0,1006649.0,6459,Q2,Twitter,,Aided awareness,1325.0,1724.0,0.04,0.1,0.004056843,14638195.0,,,585527.8,0.00785616,4600.0,,,Pixel Bonito US 2019 Q2 2019 North America - Brand,Social,Twitter - Official,Biddable,"72,741,791","767,864","$674,000.00 ",1006649,22443077,Thomas,1006649 | Pixel | Brand + DR | ESS01 | NA | US | Q2 2019 | Bonito
9,3726053.0,1006649.0,6459,Q2,Twitter,,Consideration,395.0,508.0,0.0,0.0,1.0,14638195.0,,,0.0,,4600.0,,,Pixel Bonito US 2019 Q2 2019 North America - Brand,Social,Twitter - Official,Biddable,"72,741,791","767,864","$674,000.00 ",1006649,22443077,Thomas,1006649 | Pixel | Brand + DR | ESS01 | NA | US | Q2 2019 | Bonito
10,3726053.0,1006649.0,6459,Q2,Twitter,,Purchase intent,110.0,135.0,0.0,0.0,1.0,14638195.0,,,0.0,,4600.0,,,Pixel Bonito US 2019 Q2 2019 North America - Brand,Social,Twitter - Official,Biddable,"72,741,791","767,864","$674,000.00 ",1006649,22443077,Thomas,1006649 | Pixel | Brand + DR | ESS01 | NA | US | Q2 2019 | Bonito
11,3726053.0,1006649.0,6459,Q2,Twitter,,Perception,221.0,269.0,0.0,0.0,1.0,14638195.0,,,0.0,,4600.0,,,Pixel Bonito US 2019 Q2 2019 North America - Brand,Social,Twitter - Official,Biddable,"72,741,791","767,864","$674,000.00 ",1006649,22443077,Thomas,1006649 | Pixel | Brand + DR | ESS01 | NA | US | Q2 2019 | Bonito
12,3726053.0,1006649.0,6459,Q2,Twitter,,Perception,171.0,220.0,0.0,0.0,1.0,14638195.0,,,0.0,,4600.0,,,Pixel Bonito US 2019 Q2 2019 North America - Brand,Social,Twitter - Official,Biddable,"72,741,791","767,864","$674,000.00 ",1006649,22443077,Thomas,1006649 | Pixel | Brand + DR | ESS01 | NA | US | Q2 2019 | Bonito
13,3726053.0,1006649.0,6459,Q2,Twitter,,Ad recall,265.0,512.0,0.07,0.079545455,2.43e-11,14638195.0,,,1024673.65,0.004489234,4600.0,,,Pixel Bonito US 2019 Q2 2019 North America - Brand,Social,Twitter - Official,Biddable,"72,741,791","767,864","$674,000.00 ",1006649,22443077,Thomas,1006649 | Pixel | Brand + DR | ESS01 | NA | US | Q2 2019 | Bonito
14,,,6380,Q2,Twitter,,Usage intent,648.0,607.0,0.03,0.111111111,0.158613534,7547793.0,,,226433.79,1.5858808,359096.99,,,Multi App NA Q2-Q3 2019 North America,Social,Twitter - Official,Biddable,"45,282,871","141,488","$154,517.87 ",1006293,22437524,Marvin,1005537 | Brand | BR | ESS01 | NA | US | 2019 | Helpfulness
15,,,6380,Q2,Twitter,,Usage intent,497.0,447.0,0.0,0.0,1.0,7547793.0,,,0.0,,359096.99,,,Multi App NA Q2-Q3 2019 North America,Social,Twitter - Official,Biddable,"45,282,871","141,488","$154,517.87 ",1006293,22437524,Marvin,1005537 | Brand | BR | ESS01 | NA | US | 2019 | Helpfulness
16,,,6380,Q2,Twitter,,Usage intent,319.0,296.0,0.01,0.015625,0.670158154,7547793.0,,,75477.93,4.757642400000001,359096.99,,,Multi App NA Q2-Q3 2019 North America,Social,Twitter - Official,Biddable,"45,282,871","141,488","$154,517.87 ",1006293,22437524,Marvin,1005537 | Brand | BR | ESS01 | NA | US | 2019 | Helpfulness
17,,,6380,Q2,Twitter,,Perception,497.0,415.0,-0.04,-0.090909091,0.09981468199999999,7547793.0,,,-301911.72,,359096.99,,,Multi App NA Q2-Q3 2019 North America,Social,Twitter - Official,Biddable,"45,282,871","141,488","$154,517.87 ",1006293,22437524,Marvin,1005537 | Brand | BR | ESS01 | NA | US | 2019 | Helpfulness
18,,,6380,Q2,Twitter,,Perception,435.0,344.0,-0.06,-0.117647059,0.013602272,7547793.0,,,-452867.58,,359096.99,,,Multi App NA Q2-Q3 2019 North America,Social,Twitter - Official,Biddable,"45,282,871","141,488","$154,517.87 ",1006293,22437524,Marvin,1005537 | Brand | BR | ESS01 | NA | US | 2019 | Helpfulness
19,,,6380,Q2,Twitter,,Perception,612.0,543.0,-0.01,-0.032258065,0.6588713629999999,7547793.0,,,-75477.93,,359096.99,,,Multi App NA Q2-Q3 2019 North America,Social,Twitter - Official,Biddable,"45,282,871","141,488","$154,517.87 ",1006293,22437524,Marvin,1005537 | Brand | BR | ESS01 | NA | US | 2019 | Helpfulness
20,,,6380,Q2,Twitter,,Ad recall,231.0,272.0,0.08,0.10810810800000001,0.000335,7547793.0,,,603823.44,0.5947053000000001,359096.99,,,Multi App NA Q2-Q3 2019 North America,Social,Twitter - Official,Biddable,"45,282,871","141,488","$154,517.87 ",1006293,22437524,Marvin,1005537 | Brand | BR | ESS01 | NA | US | 2019 | Helpfulness
21,,,6327,Q2,Twitter,,,,,,,,,,,,,,,,Google Helpfulness NA 2019 Q1-Q3 North America,Social,Twitter - Official,Biddable,"57,627,499","624,488","$277,203.52 ",1005537,22437524,Jeff,1005537 | Brand | BR | ESS01 | NA | US | 2019 | Helpfulness
61,,,6708,Q2,Twitter,,,,,,,,,,,,,,,,Google Home NA 2019 Q2 2019 United States - Google Nest Brand,Social,Twitter - Official,Biddable,"54,666,987","295,209","$565,143.16 ",1006172,22444142,,1006947 | Home | DR | NA | US | Q2-Q3 2019 | V1
63,,,6802,Q2,Twitter,,,,,,,,,,,,,,,,Google Stadia NA 2019 Q2 2019 North America - Brand,Social,Twitter - Official,Biddable,"11,538,549","10,334","$100,000.00 ",1006903,22783112,Thomas,1006903 | Stadia | Brand + DR | ESS01 | Global | | FY 2019 | Stadia - NA - Launch Year
129,,,5815,Q1,Twitter,,,,,,,,,,,,,,,,Pixel US '18/19 Q1 2019 North America - Brand,Social,Twitter - Official,Biddable,"208,477,274","879,095","$1,829,295.50 ",1005584,22096007,,1005584 | Pixel | Brand + DR | ESS01 | NA | US | Q1 2019 | Pixel 3.0
