,Olive Plan Name,Quarter,Channel,Property,Platform,Buy Type,Impressions_x,Clicks,Spend,Mrf_Id,Olive_Plan_Id,DCM_Id,MMG,DCM_Campaign_Name,plan_name,campaign_id,campaign,Include,MeasurementStartDate,CostUSD,Impressions_y,Views,format,country_code,is_sp,question_text,preferred_option,exposed_responses,control_responses,expose_positive_rate,control_positive_rate,CPM,Metric,Absolute_Lift,LiftedUsers,CostPerLiftedUserUSD,count
0,Google Helpfulness NA 2019 Q1-Q3 North America,Q1,Video,YouTube,YouTube,Biddable,"10,142,504","4,114","$135,077.66 ",1005537,6327,22437524,Jeff,1005537 | Brand | BR | ESS01 | NA | US | 2019 | Helpfulness,,,,,,,,,,,,,,,,,,,,,,,
1,Google Helpfulness NA 2019 Q1-Q3 North America,Q2,Video,YouTube,YouTube,Biddable,"118,553,251","45,996","$1,361,612.29 ",1005537,6327,22437524,Jeff,1005537 | Brand | BR | ESS01 | NA | US | 2019 | Helpfulness,,,,,,,,,,,,,,,,,,,,,,,
2,Google Home NA 2019 Q2 2019 United States - Google Nest Brand,Q2,Video,YouTube,YouTube,Biddable,"612,789,357","728,930","$7,487,115.13 ",1006172,6708,22444142,,1006947 | Home | DR | NA | US | Q2-Q3 2019 | V1,Google Home NA 2019 Q2 2019 United States - Google Nest Brand,1877578780.0,1006172 | Google Nest | BR | ESS01 | NA | US | en | Hybrid | TrV Bump | MT ~ Q2 Google Nest US - Life Events: Recently Married,1.0,5/28/2019,"$57,548.32 ","4,018,407","5,471",VIDEO_BUMPER,US,False,Which of the following technology brands have you heard of?,Google / Nest,1491.937698,1429.034127,0.6539410370000001,0.671539718,14.32,AWARENESS,-0.0176,,,2.0
3,Google Home NA 2019 Q2 2019 United States - Google Nest Brand,Q2,Video,YouTube,YouTube,Biddable,"612,789,357","728,930","$7,487,115.13 ",1006172,6708,22444142,,1006947 | Home | DR | NA | US | Q2-Q3 2019 | V1,Google Home NA 2019 Q2 2019 United States - Google Nest Brand,1877578780.0,1006172 | Google Nest | BR | ESS01 | NA | US | en | Hybrid | TrV Bump | MT ~ Q2 Google Nest US - Life Events: Recently Married,1.0,5/28/2019,"$57,548.32 ","4,018,407","5,471",VIDEO_BUMPER,US,False,Which of these technology brands would you consider purchasing from?,Google / Nest,1434.570635,1387.213889,0.348386415,0.345490376,14.32,CONSIDERATION,0.0029,4028.0,14.2871,2.0
4,Google Home NA 2019 Q2 2019 United States - Google Nest Brand,Q2,Video,YouTube,YouTube,Biddable,"612,789,357","728,930","$7,487,115.13 ",1006172,6708,22444142,,1006947 | Home | DR | NA | US | Q2-Q3 2019 | V1,Google Home NA 2019 Q2 2019 United States - Google Nest Brand,1877578780.0,1006172 | Google Nest | BR | ESS01 | NA | US | en | Hybrid | TrV Bump | MT ~ Q2 Google Nest US - Life Events: Recently Married,1.0,5/28/2019,"$57,548.32 ","4,018,407","5,471",VIDEO_BUMPER,US,False,"Next time you have to buy from the following technology brands, which one are you most likely to buy from?",Google / Nest,1433.484127,1317.21746,0.20945194,0.20687337600000003,14.32,PURCHASE_INTENT,0.0026,3714.0,15.495,2.0
50,Google Stadia NA 2019 Q2 2019 North America - Brand,Q2,Video,YouTube,YouTube,Biddable,"519,693,764","371,263","$5,732,481.84 ",1006903,6802,22783112,Thomas,1006903 | Stadia | Brand + DR | ESS01 | Global | | FY 2019 | Stadia - NA - Launch Year,Google Stadia NA 2019 Q2 2019 North America - Brand,1982090584.0,1006903 | Stadia | BR | ESS01 | NA | US | en | Hybrid | TrV Stream | MT ~ Q2 Google Stadia - Roadblock Gen Pop,1.0,6/6/2019,"$174,249.36 ","9,864,546","3,605,649",VIDEO_TRUE_VIEW_IN_STREAM,US,False,For which of the following brands do you have a positive opinion?,Stadia,1116.213889,1032.567857,0.066327889,0.069738297,17.66,FAVORABILITY,-0.0034,,,2.0
51,Google Stadia NA 2019 Q2 2019 North America - Brand,Q2,Video,YouTube,YouTube,Biddable,"519,693,764","371,263","$5,732,481.84 ",1006903,6802,22783112,Thomas,1006903 | Stadia | Brand + DR | ESS01 | Global | | FY 2019 | Stadia - NA - Launch Year,Google Stadia NA 2019 Q2 2019 North America - Brand,1982090584.0,1006903 | Stadia | BR | ESS01 | NA | US | en | Hybrid | TrV Stream | MT ~ Q2 Google Stadia - Roadblock Gen Pop,1.0,6/6/2019,"$174,249.36 ","9,864,546","3,605,649",VIDEO_TRUE_VIEW_IN_STREAM,US,True,"Next time you have to choose from the following, which one are you most likely to choose?",Stadia,1103.828968,965.6119048,0.075785982,0.056433498,17.66,PURCHASE_INTENT,0.0194,85871.0,2.0292,2.0
52,Google Stadia NA 2019 Q2 2019 North America - Brand,Q2,Video,YouTube,YouTube,Biddable,"519,693,764","371,263","$5,732,481.84 ",1006903,6802,22783112,Thomas,1006903 | Stadia | Brand + DR | ESS01 | Global | | FY 2019 | Stadia - NA - Launch Year,Google Stadia NA 2019 Q2 2019 North America - Brand,1982090584.0,1006903 | Stadia | BR | ESS01 | NA | US | en | Hybrid | TrV Stream | MT ~ Q2 Google Stadia - Roadblock Gen Pop,1.0,6/6/2019,"$174,249.36 ","9,864,546","3,605,649",VIDEO_TRUE_VIEW_IN_STREAM,US,False,Which of these brands would you consider purchasing?,Stadia,932.8539683,869.5523810000001,0.096076556,0.09281732300000001,17.66,CONSIDERATION,0.0033,14530.0,11.9924,2.0
53,Google Stadia NA 2019 Q2 2019 North America - Brand,Q2,Video,YouTube,YouTube,Biddable,"519,693,764","371,263","$5,732,481.84 ",1006903,6802,22783112,Thomas,1006903 | Stadia | Brand + DR | ESS01 | Global | | FY 2019 | Stadia - NA - Launch Year,Google Stadia NA 2019 Q2 2019 North America - Brand,1982090584.0,1006903 | Stadia | BR | ESS01 | NA | US | en | Hybrid | TrV Stream | MT ~ Q2 Google Stadia - Roadblock Gen Pop,1.0,6/6/2019,"$174,249.36 ","9,864,546","3,605,649",VIDEO_TRUE_VIEW_IN_STREAM,US,False,Which of these brands have you heard of?,Stadia,1003.038492,932.9420635,0.12864918,0.1202915,17.66,AWARENESS,0.0084,37642.0,4.6291,2.0
211,Multi App NA Q2-Q3 2019 North America,Q2,Video,YouTube,YouTube,Biddable,"551,240,339","537,925","$4,832,865.68 ",1006293,6380,22437524,Marvin,1005537 | Brand | BR | ESS01 | NA | US | 2019 | Helpfulness,,,,,,,,,,,,,,,,,,,,,,,
212,Pixel Bonito US 2019 Q2 2019 North America - Brand,Q2,Video,YouTube,YouTube,Biddable,"894,021,048","1,212,559","$13,988,265.67 ",1006649,6459,22443077,Thomas,1006649 | Pixel | Brand + DR | ESS01 | NA | US | Q2 2019 | Bonito,Pixel Bonito US 2019 Q2 2019 North America - Brand,1844440545.0,1006649 | Pixel | BR | ESS01 | NA | US | en | AND Dev | TrV Stream | MT ~ Q2 Pixel Bonito - A/B Test - Ad 2,1.0,5/15/2019,"$56,768.13 ","3,618,912","1,820,316",VIDEO_TRUE_VIEW_IN_STREAM,US,False,Which of these smartphones would you consider buying?,"Google Pixel (3, 3 XL, 3a)",2277.603571,2182.692857,0.313620153,0.315203697,15.69,CONSIDERATION,-0.0016,,,1.0
213,Pixel Bonito US 2019 Q2 2019 North America - Brand,Q2,Video,YouTube,YouTube,Biddable,"894,021,048","1,212,559","$13,988,265.67 ",1006649,6459,22443077,Thomas,1006649 | Pixel | Brand + DR | ESS01 | NA | US | Q2 2019 | Bonito,Pixel Bonito US 2019 Q2 2019 North America - Brand,1844440545.0,1006649 | Pixel | BR | ESS01 | NA | US | en | AND Dev | TrV Stream | MT ~ Q2 Pixel Bonito - A/B Test - Ad 2,1.0,5/15/2019,"$45,794.67 ","2,923,174","1,489,556",VIDEO_TRUE_VIEW_IN_STREAM,US,False,,,1442.572222,1382.85,0.336272399,0.329862241,15.67,FAVORABILITY,0.0064,11613.0,3.9434,1.0
214,Pixel Bonito US 2019 Q2 2019 North America - Brand,Q2,Video,YouTube,YouTube,Biddable,"894,021,048","1,212,559","$13,988,265.67 ",1006649,6459,22443077,Thomas,1006649 | Pixel | Brand + DR | ESS01 | NA | US | Q2 2019 | Bonito,Pixel Bonito US 2019 Q2 2019 North America - Brand,1844440545.0,1006649 | Pixel | BR | ESS01 | NA | US | en | AND Dev | TrV Stream | MT ~ Q2 Pixel Bonito - A/B Test - Ad 2,1.0,5/15/2019,"$56,768.13 ","3,618,912","1,820,316",VIDEO_TRUE_VIEW_IN_STREAM,US,False,"Next time you buy a smartphone, which one are you most likely to buy?","Google Pixel (3, 3 XL, 3a)",2354.376587,2186.921429,0.23684428300000002,0.243241478,15.69,PURCHASE_INTENT,-0.0064,,,1.0
215,Pixel Bonito US 2019 Q2 2019 North America - Brand,Q2,Video,YouTube,YouTube,Biddable,"894,021,048","1,212,559","$13,988,265.67 ",1006649,6459,22443077,Thomas,1006649 | Pixel | Brand + DR | ESS01 | NA | US | Q2 2019 | Bonito,Pixel Bonito US 2019 Q2 2019 North America - Brand,1844440545.0,1006649 | Pixel | BR | ESS01 | NA | US | en | AND Dev | TrV Stream | MT ~ Q2 Pixel Bonito - A/B Test - Ad 2,1.0,5/15/2019,"$56,768.13 ","3,618,912","1,820,316",VIDEO_TRUE_VIEW_IN_STREAM,US,False,Which of these smartphones have you heard of?,"Google Pixel (3, 3 XL, 3a)",2374.307143,2316.691667,0.52681367,0.522670619,15.69,AWARENESS,0.0041,9317.0,6.093,1.0
346,Pixel US '18/19 Q1 2019 North America - Brand,Q1,Video,YouTube,YouTube,Biddable,"1,586,849,274","1,826,302","$16,947,002.94 ",1005584,5815,22096007,,1005584 | Pixel | Brand + DR | ESS01 | NA | US | Q1 2019 | Pixel 3.0,Pixel US '18/19 Q1 2019 North America - Brand,1725361092.0,1005584 | Pixel | BR | ESS01 | NA | US | en | Smartphone | TrV Stream | MT ~ Android,1.0,3/7/2019,424222.06,30526689,15910195,VIDEO_TRUE_VIEW_IN_STREAM,US,True,Which of these smartphones have you heard of?,"Google Pixel (e.g. 3, 3 XL)",7844.748412999999,6577.506746,0.572365468,0.557862513,13.9,AWARENESS,0.0145,128222.0,3.3085,1.0
347,Pixel US '18/19 Q1 2019 North America - Brand,Q1,Video,YouTube,YouTube,Biddable,"1,586,849,274","1,826,302","$16,947,002.94 ",1005584,5815,22096007,,1005584 | Pixel | Brand + DR | ESS01 | NA | US | Q1 2019 | Pixel 3.0,Pixel US '18/19 Q1 2019 North America - Brand,1725361092.0,1005584 | Pixel | BR | ESS01 | NA | US | en | Smartphone | TrV Stream | MT ~ Android,1.0,3/7/2019,424222.06,30526689,15910195,VIDEO_TRUE_VIEW_IN_STREAM,US,True,"Next time you buy a smartphone, which one are you most likely to buy?","Google Pixel (e.g. 3, 3 XL)",7650.207937,6394.703175,0.24785201399999998,0.237997817,13.9,PURCHASE_INTENT,0.0099,89074.0,4.7626,1.0
348,Pixel US '18/19 Q1 2019 North America - Brand,Q1,Video,YouTube,YouTube,Biddable,"1,586,849,274","1,826,302","$16,947,002.94 ",1005584,5815,22096007,,1005584 | Pixel | Brand + DR | ESS01 | NA | US | Q1 2019 | Pixel 3.0,Pixel US '18/19 Q1 2019 North America - Brand,1725361092.0,1005584 | Pixel | BR | ESS01 | NA | US | en | Smartphone | TrV Stream | MT ~ Android,1.0,3/7/2019,424222.06,30526689,15910195,VIDEO_TRUE_VIEW_IN_STREAM,US,True,Which of the following phones do you have a positive opinion of?,"Google Pixel (e.g. 3, 3 XL)",7732.903175,6652.155556000001,0.309313285,0.290708848,13.9,FAVORABILITY,0.0186,166044.0,2.5549,1.0
349,Pixel US '18/19 Q1 2019 North America - Brand,Q1,Video,YouTube,YouTube,Biddable,"1,586,849,274","1,826,302","$16,947,002.94 ",1005584,5815,22096007,,1005584 | Pixel | Brand + DR | ESS01 | NA | US | Q1 2019 | Pixel 3.0,Pixel US '18/19 Q1 2019 North America - Brand,1725361092.0,1005584 | Pixel | BR | ESS01 | NA | US | en | Smartphone | TrV Stream | MT ~ Android,1.0,3/7/2019,424222.06,30526689,15910195,VIDEO_TRUE_VIEW_IN_STREAM,US,True,Which of these smartphones would you consider buying?,"Google Pixel (e.g. 3, 3 XL)",7284.965476,6400.286111,0.326949507,0.315845751,13.9,CONSIDERATION,0.0111,97967.0,4.3303,1.0
514,Project Fi NA Q1 2019 United States - Brand,Q1,Video,YouTube,YouTube,Biddable,"353,595,810","295,466","$2,644,193.33 ",1006296,6130,22290676,Marvin,1006296 + 1004502 | Google Fi | Brand + DR | ESS01 | NA | United States | Q1 2019 | Re-Brand,,,,,,,,,,,,,,,,,,,,,,,
