,Olive Plan Name,Quarter,Channel,Property,Platform,Buy Type,Impressions,Clicks,Spend,Mrf_Id,Olive_Plan_Id,DCM_Id,MMG,DCM_Campaign_Name,plan_name,campaign_id,campaign,Include,map,id,customer_id,account_name,study_id,study_name,start_date,end_date,encrypted_video_ids,country,ads_platform,metric_type,slice_type,slice_value,study_outcome,total_responses,control_sample_size,control_value_percentage,exposed_sample_size_percentage,exposed_value_percentage,absolute_lift_percentage,headroom_lift_percentage,reached_users,count
0,Google Helpfulness NA 2019 Q1-Q3 North America,Q1,Video,YouTube,YouTube,Biddable,"10,142,504","4,114","$135,077.66 ",1005537,6327,22437524,Jeff,1005537 | Brand | BR | ESS01 | NA | US | 2019 | Helpfulness,,,,,,,,,,,,,,,,,,,,,,,,,,,,
1,Google Helpfulness NA 2019 Q1-Q3 North America,Q2,Video,YouTube,YouTube,Biddable,"118,553,251","45,996","$1,361,612.29 ",1005537,6327,22437524,Jeff,1005537 | Brand | BR | ESS01 | NA | US | 2019 | Helpfulness,,,,,,,,,,,,,,,,,,,,,,,,,,,,
2,Google Home NA 2019 Q2 2019 United States - Google Nest Brand,Q2,Video,YouTube,YouTube,Biddable,"612,789,357","728,930","$7,487,115.13 ",1006172,6708,22444142,,1006947 | Home | DR | NA | US | Q2-Q3 2019 | V1,Google Home NA 2019 Q2 2019 United States - Google Nest Brand,2033606127,1006172 | Google Nest | BR | ESS01 | NA | US | en | Hybrid | TrV Stream | MT ~ Q2 Google Nest US - Test 2 - Cell 2,1.0,2033606127,2033606127,732-905-1862,Essence | NA | Home | SEM,93280403.0,Google / Nest VAS Test 2 Cell 2,20190618.0,20190627.0,YxlSy5iYsVM,US,GDN,Brand Awareness,ALL,UNKNOWN,SN,19960.0,5861.0,54.01,14099.0,52.66,-1.35,-2.93,0.0,2.0
3,Google Home NA 2019 Q2 2019 United States - Google Nest Brand,Q2,Video,YouTube,YouTube,Biddable,"612,789,357","728,930","$7,487,115.13 ",1006172,6708,22444142,,1006947 | Home | DR | NA | US | Q2-Q3 2019 | V1,Google Home NA 2019 Q2 2019 United States - Google Nest Brand,2033606127,1006172 | Google Nest | BR | ESS01 | NA | US | en | Hybrid | TrV Stream | MT ~ Q2 Google Nest US - Test 2 - Cell 2,1.0,2033606127,2033606127,732-905-1862,Essence | NA | Home | SEM,93280403.0,Google / Nest VAS Test 2 Cell 2,20190618.0,20190627.0,YxlSy5iYsVM,US,GDN,Consideration,ALL,UNKNOWN,SP,19910.0,5872.0,31.01,14038.0,32.04,1.03,1.49,0.0,2.0
4,Google Home NA 2019 Q2 2019 United States - Google Nest Brand,Q2,Video,YouTube,YouTube,Biddable,"612,789,357","728,930","$7,487,115.13 ",1006172,6708,22444142,,1006947 | Home | DR | NA | US | Q2-Q3 2019 | V1,Google Home NA 2019 Q2 2019 United States - Google Nest Brand,2033606127,1006172 | Google Nest | BR | ESS01 | NA | US | en | Hybrid | TrV Stream | MT ~ Q2 Google Nest US - Test 2 - Cell 2,1.0,2033606127,2033606127,732-905-1862,Essence | NA | Home | SEM,93280403.0,Google / Nest VAS Test 2 Cell 2,20190618.0,20190627.0,YxlSy5iYsVM,US,GDN,Purchase Intent,ALL,UNKNOWN,P,19886.0,5875.0,23.9,14011.0,24.24,0.34,0.44,0.0,2.0
5,Google Home NA 2019 Q2 2019 United States - Google Nest Brand,Q2,Video,YouTube,YouTube,Biddable,"612,789,357","728,930","$7,487,115.13 ",1006172,6708,22444142,,1006947 | Home | DR | NA | US | Q2-Q3 2019 | V1,Google Home NA 2019 Q2 2019 United States - Google Nest Brand,2002808781,1006172 | Google Nest | BR | ESS01 | NA | US | en | Hybrid | TrV Stream | MT ~ Q2 Google Nest US - Test 1 - Cell 1,1.0,2002808781,2002808781,732-905-1862,Essence | NA | Home | SEM,90607535.0,Nest VAS June 19,20190604.0,20190611.0,"8d3shzXH9AM, YxlSy5iYsVM",US,YOUTUBE,Brand Awareness,ALL,UNKNOWN,P,19585.0,5767.0,51.51,13818.0,51.61,0.1,0.21,0.0,2.0
6,Google Home NA 2019 Q2 2019 United States - Google Nest Brand,Q2,Video,YouTube,YouTube,Biddable,"612,789,357","728,930","$7,487,115.13 ",1006172,6708,22444142,,1006947 | Home | DR | NA | US | Q2-Q3 2019 | V1,Google Home NA 2019 Q2 2019 United States - Google Nest Brand,2002808781,1006172 | Google Nest | BR | ESS01 | NA | US | en | Hybrid | TrV Stream | MT ~ Q2 Google Nest US - Test 1 - Cell 1,1.0,2002808781,2002808781,732-905-1862,Essence | NA | Home | SEM,90607535.0,Nest VAS June 19,20190604.0,20190611.0,"8d3shzXH9AM, YxlSy5iYsVM",US,YOUTUBE,Consideration,ALL,UNKNOWN,P,19530.0,5757.0,30.8,13773.0,31.02,0.23,0.33,0.0,2.0
7,Google Home NA 2019 Q2 2019 United States - Google Nest Brand,Q2,Video,YouTube,YouTube,Biddable,"612,789,357","728,930","$7,487,115.13 ",1006172,6708,22444142,,1006947 | Home | DR | NA | US | Q2-Q3 2019 | V1,Google Home NA 2019 Q2 2019 United States - Google Nest Brand,2002808781,1006172 | Google Nest | BR | ESS01 | NA | US | en | Hybrid | TrV Stream | MT ~ Q2 Google Nest US - Test 1 - Cell 1,1.0,2002808781,2002808781,732-905-1862,Essence | NA | Home | SEM,90607535.0,Nest VAS June 19,20190604.0,20190611.0,"8d3shzXH9AM, YxlSy5iYsVM",US,YOUTUBE,Purchase Intent,ALL,UNKNOWN,N,19577.0,5763.0,24.12,13814.0,23.47,-0.65,-0.85,0.0,2.0
8,Google Home NA 2019 Q2 2019 United States - Google Nest Brand,Q2,Video,YouTube,YouTube,Biddable,"612,789,357","728,930","$7,487,115.13 ",1006172,6708,22444142,,1006947 | Home | DR | NA | US | Q2-Q3 2019 | V1,Google Home NA 2019 Q2 2019 United States - Google Nest Brand,2033603700,1006172 | Google Nest | BR | ESS01 | NA | US | en | Hybrid | TrV Stream | MT ~ Q2 Google Nest US - Test 2 - Cell 1,1.0,2033603700,2033603700,732-905-1862,Essence | NA | Home | SEM,93275024.0,Google / Nest VAS Test 2 Cell 1,20190618.0,20190627.0,"8d3shzXH9AM, YxlSy5iYsVM",US,GDN,Brand Awareness,ALL,UNKNOWN,N,19994.0,5778.0,53.47,14216.0,52.87,-0.6,-1.3,0.0,2.0
9,Google Home NA 2019 Q2 2019 United States - Google Nest Brand,Q2,Video,YouTube,YouTube,Biddable,"612,789,357","728,930","$7,487,115.13 ",1006172,6708,22444142,,1006947 | Home | DR | NA | US | Q2-Q3 2019 | V1,Google Home NA 2019 Q2 2019 United States - Google Nest Brand,2033603700,1006172 | Google Nest | BR | ESS01 | NA | US | en | Hybrid | TrV Stream | MT ~ Q2 Google Nest US - Test 2 - Cell 1,1.0,2033603700,2033603700,732-905-1862,Essence | NA | Home | SEM,93275024.0,Google / Nest VAS Test 2 Cell 1,20190618.0,20190627.0,"8d3shzXH9AM, YxlSy5iYsVM",US,GDN,Consideration,ALL,UNKNOWN,P,19861.0,5698.0,30.98,14163.0,31.53,0.55,0.8,0.0,2.0
10,Google Home NA 2019 Q2 2019 United States - Google Nest Brand,Q2,Video,YouTube,YouTube,Biddable,"612,789,357","728,930","$7,487,115.13 ",1006172,6708,22444142,,1006947 | Home | DR | NA | US | Q2-Q3 2019 | V1,Google Home NA 2019 Q2 2019 United States - Google Nest Brand,2033603700,1006172 | Google Nest | BR | ESS01 | NA | US | en | Hybrid | TrV Stream | MT ~ Q2 Google Nest US - Test 2 - Cell 1,1.0,2033603700,2033603700,732-905-1862,Essence | NA | Home | SEM,93275024.0,Google / Nest VAS Test 2 Cell 1,20190618.0,20190627.0,"8d3shzXH9AM, YxlSy5iYsVM",US,GDN,Purchase Intent,ALL,UNKNOWN,SP,19932.0,5732.0,23.31,14.0,24.18,0.87,1.13,0.0,2.0
11,Google Home NA 2019 Q2 2019 United States - Google Nest Brand,Q2,Video,YouTube,YouTube,Biddable,"612,789,357","728,930","$7,487,115.13 ",1006172,6708,22444142,,1006947 | Home | DR | NA | US | Q2-Q3 2019 | V1,Google Home NA 2019 Q2 2019 United States - Google Nest Brand,2002378234,1006172 | Google Nest | BR | ESS01 | NA | US | en | Hybrid | TrV Stream | MT ~ Q2 Google Nest US - Test 1 - Cell 2,1.0,2002378234,2002378234,732-905-1862,Essence | NA | Home | SEM,90647802.0,"Nest Truview control, June 19",20190604.0,20190611.0,YxlSy5iYsVM,US,YOUTUBE,Brand Awareness,ALL,UNKNOWN,N,19556.0,5782.0,52.58,13774.0,52.11,-0.47,-0.98,0.0,2.0
12,Google Home NA 2019 Q2 2019 United States - Google Nest Brand,Q2,Video,YouTube,YouTube,Biddable,"612,789,357","728,930","$7,487,115.13 ",1006172,6708,22444142,,1006947 | Home | DR | NA | US | Q2-Q3 2019 | V1,Google Home NA 2019 Q2 2019 United States - Google Nest Brand,2002378234,1006172 | Google Nest | BR | ESS01 | NA | US | en | Hybrid | TrV Stream | MT ~ Q2 Google Nest US - Test 1 - Cell 2,1.0,2002378234,2002378234,732-905-1862,Essence | NA | Home | SEM,90647802.0,"Nest Truview control, June 19",20190604.0,20190611.0,YxlSy5iYsVM,US,YOUTUBE,Consideration,ALL,UNKNOWN,SP,19558.0,5809.0,30.03,13749.0,31.5,1.47,2.11,0.0,2.0
13,Google Home NA 2019 Q2 2019 United States - Google Nest Brand,Q2,Video,YouTube,YouTube,Biddable,"612,789,357","728,930","$7,487,115.13 ",1006172,6708,22444142,,1006947 | Home | DR | NA | US | Q2-Q3 2019 | V1,Google Home NA 2019 Q2 2019 United States - Google Nest Brand,2002378234,1006172 | Google Nest | BR | ESS01 | NA | US | en | Hybrid | TrV Stream | MT ~ Q2 Google Nest US - Test 1 - Cell 2,1.0,2002378234,2002378234,732-905-1862,Essence | NA | Home | SEM,90647802.0,"Nest Truview control, June 19",20190604.0,20190611.0,YxlSy5iYsVM,US,YOUTUBE,Purchase Intent,ALL,UNKNOWN,SP,19522.0,5776.0,22.63,13746.0,24.16,1.53,1.98,0.0,2.0
14,Google Stadia NA 2019 Q2 2019 North America - Brand,Q2,Video,YouTube,YouTube,Biddable,"519,693,764","371,263","$5,732,481.84 ",1006903,6802,22783112,Thomas,1006903 | Stadia | Brand + DR | ESS01 | Global | | FY 2019 | Stadia - NA - Launch Year,,,,,,,,,,,,,,,,,,,,,,,,,,,,
15,Multi App NA Q2-Q3 2019 North America,Q2,Video,YouTube,YouTube,Biddable,"551,240,339","537,925","$4,832,865.68 ",1006293,6380,22437524,Marvin,1005537 | Brand | BR | ESS01 | NA | US | 2019 | Helpfulness,,,,,,,,,,,,,,,,,,,,,,,,,,,,
16,Pixel Bonito US 2019 Q2 2019 North America - Brand,Q2,Video,YouTube,YouTube,Biddable,"894,021,048","1,212,559","$13,988,265.67 ",1006649,6459,22443077,Thomas,1006649 | Pixel | Brand + DR | ESS01 | NA | US | Q2 2019 | Bonito,,,,,,,,,,,,,,,,,,,,,,,,,,,,
17,Pixel US '18/19 Q1 2019 North America - Brand,Q1,Video,YouTube,YouTube,Biddable,"1,586,849,274","1,826,302","$16,947,002.94 ",1005584,5815,22096007,,1005584 | Pixel | Brand + DR | ESS01 | NA | US | Q1 2019 | Pixel 3.0,,,,,,,,,,,,,,,,,,,,,,,,,,,,
18,Project Fi NA Q1 2019 United States - Brand,Q1,Video,YouTube,YouTube,Biddable,"353,595,810","295,466","$2,644,193.33 ",1006296,6130,22290676,Marvin,1006296 + 1004502 | Google Fi | Brand + DR | ESS01 | NA | United States | Q1 2019 | Re-Brand,,,,,,,,,,,,,,,,,,,,,,,,,,,,
