,DCM_Advertiser,DCM_Advertiser_ID,DCM_Campaign_Name_x,MRF_Id,Olive_Plan_Id_x,DCM_Campaign_ID,Platform,Campaign_Name,Product,Date,Year,Quarter,Study_Start_Date,Study_End_Date,Region,country,Testing_Type,Test_Reference_Code,Test_Audience,Test_Environment,Study_Cut,Device,Creative_Name,Creative_Size,Creative_Format,Metric,Goal,Question,Question_ENG,Desired_Answer_ENG,Total_Sample_Size,CON_Sample_size,EXP_Sample_Size,Total_Responses,CON_Desired_Responses,EXP_Desired_Responses,absolute_lift_percentage,headroom_lift_percentage,pvalue,Significance,Reach,Weekly_Frequency,Impressions_x,Individuals_Lifted,CPIL,Market_Spend,View_Through_Rate,Mrf_Id,Olive Plan Name,Channel,Property,Buy Type,Impressions_y,Clicks,Spend,Olive_Plan_Id_y,DCM_Id,MMG,DCM_Campaign_Name_y
0,,,,,,,YouTube,1005584 - Pixel - Grammys Q1 2019 GP,,,2019.0,Q1,2019-02-10 00:00:00 UTC,2019-02-16 00:00:00 UTC,,US,In-Flight Test,65437124.0,,,DEVICE,DESKTOP,,,,Brand Awareness,,,,,745.0,378.0,367.0,436.0,223.0,213.0,-0.88,-0.02,0.8070944889959479,No Lift,0.0,,,,,860.11,,1005584,Pixel US '18/19 Q1 2019 North America - Brand,Video,YouTube,Biddable,"1,586,849,274","1,826,302","$16,947,002.94 ",5815,22096007,,1005584 | Pixel | Brand + DR | ESS01 | NA | US | Q1 2019 | Pixel 3.0
1,,,,,,,YouTube,1005584 - Pixel - Grammys Q1 2019 GP,,,2019.0,Q1,2019-02-10 00:00:00 UTC,2019-02-16 00:00:00 UTC,,US,In-Flight Test,65437124.0,,,DEVICE,TABLET,,,,Brand Awareness,,,,,745.0,378.0,367.0,398.0,203.0,195.0,-0.5,-0.01,0.890755543639056,No Lift,0.0,,,,,860.11,,1005584,Pixel US '18/19 Q1 2019 North America - Brand,Video,YouTube,Biddable,"1,586,849,274","1,826,302","$16,947,002.94 ",5815,22096007,,1005584 | Pixel | Brand + DR | ESS01 | NA | US | Q1 2019 | Pixel 3.0
2,,,,,,,YouTube,1005584 - Pixel - Grammys Q1 2019 GP,,,2019.0,Q1,2019-02-10 00:00:00 UTC,2019-02-16 00:00:00 UTC,,US,In-Flight Test,65437124.0,,,DEVICE,MOBILE,,,,Brand Awareness,,,,,745.0,378.0,367.0,445.0,229.0,216.0,-1.66,-0.04,0.6445209504638871,No Lift,0.0,,,,,860.11,,1005584,Pixel US '18/19 Q1 2019 North America - Brand,Video,YouTube,Biddable,"1,586,849,274","1,826,302","$16,947,002.94 ",5815,22096007,,1005584 | Pixel | Brand + DR | ESS01 | NA | US | Q1 2019 | Pixel 3.0
3,,,,,,,YouTube,1005584 - Pixel - Grammys Q1 2019 GP,,,2019.0,Q1,2019-02-10 00:00:00 UTC,2019-02-16 00:00:00 UTC,,US,In-Flight Test,65437124.0,,,DEVICE,MOBILE,,,,Consideration,,,,,743.0,378.0,365.0,204.0,103.0,101.0,0.65,0.01,0.844280887815041,No Lift,0.0,,,,,860.11,,1005584,Pixel US '18/19 Q1 2019 North America - Brand,Video,YouTube,Biddable,"1,586,849,274","1,826,302","$16,947,002.94 ",5815,22096007,,1005584 | Pixel | Brand + DR | ESS01 | NA | US | Q1 2019 | Pixel 3.0
4,,,,,,,YouTube,1005584 - Pixel - Grammys Q1 2019 GP,,,2019.0,Q1,2019-02-10 00:00:00 UTC,2019-02-16 00:00:00 UTC,,US,In-Flight Test,65437124.0,,,DEVICE,TABLET,,,,Consideration,,,,,743.0,378.0,365.0,216.0,108.0,108.0,0.77,0.01,0.818269195385374,No Lift,0.0,,,,,860.11,,1005584,Pixel US '18/19 Q1 2019 North America - Brand,Video,YouTube,Biddable,"1,586,849,274","1,826,302","$16,947,002.94 ",5815,22096007,,1005584 | Pixel | Brand + DR | ESS01 | NA | US | Q1 2019 | Pixel 3.0
5,,,,,,,YouTube,1005584 - Pixel - Grammys Q1 2019 GP,,,2019.0,Q1,2019-02-10 00:00:00 UTC,2019-02-16 00:00:00 UTC,,US,In-Flight Test,65437124.0,,,DEVICE,DESKTOP,,,,Consideration,,,,,743.0,378.0,365.0,204.0,105.0,99.0,-0.78,-0.01,0.8113874603268001,No Lift,0.0,,,,,860.11,,1005584,Pixel US '18/19 Q1 2019 North America - Brand,Video,YouTube,Biddable,"1,586,849,274","1,826,302","$16,947,002.94 ",5815,22096007,,1005584 | Pixel | Brand + DR | ESS01 | NA | US | Q1 2019 | Pixel 3.0
6,,,,,,,YouTube,1005584 - Pixel - Grammys Q1 2019 GP,,,2019.0,Q1,2019-02-10 00:00:00 UTC,2019-02-16 00:00:00 UTC,,US,In-Flight Test,65437124.0,,,DEVICE,MOBILE,,,,Purchase Intent,,,,,737.0,370.0,367.0,144.0,67.0,77.0,2.87,0.04,0.32459406731254603,Significant Positive,0.0,,,,,860.11,,1005584,Pixel US '18/19 Q1 2019 North America - Brand,Video,YouTube,Biddable,"1,586,849,274","1,826,302","$16,947,002.94 ",5815,22096007,,1005584 | Pixel | Brand + DR | ESS01 | NA | US | Q1 2019 | Pixel 3.0
7,,,,,,,YouTube,1005584 - Pixel - Grammys Q1 2019 GP,,,2019.0,Q1,2019-02-10 00:00:00 UTC,2019-02-16 00:00:00 UTC,,US,In-Flight Test,65437124.0,,,DEVICE,DESKTOP,,,,Purchase Intent,,,,,737.0,370.0,367.0,130.0,68.0,62.0,-1.4,-0.02,0.61796463999222,No Lift,0.0,,,,,860.11,,1005584,Pixel US '18/19 Q1 2019 North America - Brand,Video,YouTube,Biddable,"1,586,849,274","1,826,302","$16,947,002.94 ",5815,22096007,,1005584 | Pixel | Brand + DR | ESS01 | NA | US | Q1 2019 | Pixel 3.0
8,,,,,,,YouTube,1005584 - Pixel - Grammys Q1 2019 GP,,,2019.0,Q1,2019-02-10 00:00:00 UTC,2019-02-16 00:00:00 UTC,,US,In-Flight Test,65437124.0,,,DEVICE,TABLET,,,,Purchase Intent,,,,,737.0,370.0,367.0,171.0,89.0,82.0,-1.76,-0.02,0.5675986344253691,No Lift,0.0,,,,,860.11,,1005584,Pixel US '18/19 Q1 2019 North America - Brand,Video,YouTube,Biddable,"1,586,849,274","1,826,302","$16,947,002.94 ",5815,22096007,,1005584 | Pixel | Brand + DR | ESS01 | NA | US | Q1 2019 | Pixel 3.0
9,,,,,,,YouTube,1005584 - Pixel US Q1 2019 - Red/Evergreen GP,,,2019.0,Q1,2019-02-17 00:00:00 UTC,2019-02-20 00:00:00 UTC,,US,In-Flight Test,65683110.0,,,DEVICE,TABLET,,,,Brand Awareness,,,,,754.0,380.0,374.0,417.0,212.0,205.0,-0.96,-0.02,0.7900961024087689,No Lift,0.0,,,,,109253.9,,1005584,Pixel US '18/19 Q1 2019 North America - Brand,Video,YouTube,Biddable,"1,586,849,274","1,826,302","$16,947,002.94 ",5815,22096007,,1005584 | Pixel | Brand + DR | ESS01 | NA | US | Q1 2019 | Pixel 3.0
10,,,,,,,YouTube,1005584 - Pixel US Q1 2019 - Red/Evergreen GP,,,2019.0,Q1,2019-02-17 00:00:00 UTC,2019-02-20 00:00:00 UTC,,US,In-Flight Test,65683110.0,,,DEVICE,DESKTOP,,,,Brand Awareness,,,,,754.0,380.0,374.0,395.0,207.0,188.0,-4.14,-0.09,0.255427766755638,No Lift,0.0,,,,,109253.9,,1005584,Pixel US '18/19 Q1 2019 North America - Brand,Video,YouTube,Biddable,"1,586,849,274","1,826,302","$16,947,002.94 ",5815,22096007,,1005584 | Pixel | Brand + DR | ESS01 | NA | US | Q1 2019 | Pixel 3.0
11,,,,,,,YouTube,1005584 - Pixel US Q1 2019 - Red/Evergreen GP,,,2019.0,Q1,2019-02-17 00:00:00 UTC,2019-02-20 00:00:00 UTC,,US,In-Flight Test,65683110.0,,,DEVICE,MOBILE,,,,Brand Awareness,,,,,754.0,380.0,374.0,438.0,224.0,214.0,-1.74,-0.04,0.61854061469795,No Lift,0.0,,,,,109253.9,,1005584,Pixel US '18/19 Q1 2019 North America - Brand,Video,YouTube,Biddable,"1,586,849,274","1,826,302","$16,947,002.94 ",5815,22096007,,1005584 | Pixel | Brand + DR | ESS01 | NA | US | Q1 2019 | Pixel 3.0
12,,,,,,,YouTube,1005584 - Pixel US Q1 2019 - Red/Evergreen GP,,,2019.0,Q1,2019-02-17 00:00:00 UTC,2019-02-20 00:00:00 UTC,,US,In-Flight Test,65683110.0,,,DEVICE,MOBILE,,,,Consideration,,,,,756.0,379.0,377.0,203.0,100.0,103.0,1.05,0.01,0.7541689803027489,No Lift,0.0,,,,,109253.9,,1005584,Pixel US '18/19 Q1 2019 North America - Brand,Video,YouTube,Biddable,"1,586,849,274","1,826,302","$16,947,002.94 ",5815,22096007,,1005584 | Pixel | Brand + DR | ESS01 | NA | US | Q1 2019 | Pixel 3.0
13,,,,,,,YouTube,1005584 - Pixel US Q1 2019 - Red/Evergreen GP,,,2019.0,Q1,2019-02-17 00:00:00 UTC,2019-02-20 00:00:00 UTC,,US,In-Flight Test,65683110.0,,,DEVICE,TABLET,,,,Consideration,,,,,756.0,379.0,377.0,296.0,121.0,175.0,14.61,0.21,3.84521195035866e-05,Significant Positive,0.0,,,,,109253.9,,1005584,Pixel US '18/19 Q1 2019 North America - Brand,Video,YouTube,Biddable,"1,586,849,274","1,826,302","$16,947,002.94 ",5815,22096007,,1005584 | Pixel | Brand + DR | ESS01 | NA | US | Q1 2019 | Pixel 3.0
14,,,,,,,YouTube,1005584 - Pixel US Q1 2019 - Red/Evergreen GP,,,2019.0,Q1,2019-02-17 00:00:00 UTC,2019-02-20 00:00:00 UTC,,US,In-Flight Test,65683110.0,,,DEVICE,DESKTOP,,,,Consideration,,,,,756.0,379.0,377.0,205.0,107.0,98.0,-2.16,-0.03,0.509859377240084,No Lift,0.0,,,,,109253.9,,1005584,Pixel US '18/19 Q1 2019 North America - Brand,Video,YouTube,Biddable,"1,586,849,274","1,826,302","$16,947,002.94 ",5815,22096007,,1005584 | Pixel | Brand + DR | ESS01 | NA | US | Q1 2019 | Pixel 3.0
15,,,,,,,YouTube,1005584 - Pixel US Q1 2019 - Red/Evergreen GP,,,2019.0,Q1,2019-02-17 00:00:00 UTC,2019-02-20 00:00:00 UTC,,US,In-Flight Test,65683110.0,,,DEVICE,MOBILE,,,,Purchase Intent,,,,,673.0,373.0,300.0,131.0,68.0,63.0,2.63,0.03,0.38596045179913496,Significant Positive,0.0,,,,,109253.9,,1005584,Pixel US '18/19 Q1 2019 North America - Brand,Video,YouTube,Biddable,"1,586,849,274","1,826,302","$16,947,002.94 ",5815,22096007,,1005584 | Pixel | Brand + DR | ESS01 | NA | US | Q1 2019 | Pixel 3.0
16,,,,,,,YouTube,1005584 - Pixel US Q1 2019 - Red/Evergreen GP,,,2019.0,Q1,2019-02-17 00:00:00 UTC,2019-02-20 00:00:00 UTC,,US,In-Flight Test,65683110.0,,,DEVICE,TABLET,,,,Purchase Intent,,,,,673.0,373.0,300.0,172.0,92.0,80.0,1.94,0.03,0.5697043922706079,No Lift,0.0,,,,,109253.9,,1005584,Pixel US '18/19 Q1 2019 North America - Brand,Video,YouTube,Biddable,"1,586,849,274","1,826,302","$16,947,002.94 ",5815,22096007,,1005584 | Pixel | Brand + DR | ESS01 | NA | US | Q1 2019 | Pixel 3.0
17,,,,,,,YouTube,1005584 - Pixel US Q1 2019 - Red/Evergreen GP,,,2019.0,Q1,2019-02-17 00:00:00 UTC,2019-02-20 00:00:00 UTC,,US,In-Flight Test,65683110.0,,,DEVICE,DESKTOP,,,,Purchase Intent,,,,,673.0,373.0,300.0,118.0,66.0,52.0,-0.14,0.0,0.9627443140235591,No Lift,0.0,,,,,109253.9,,1005584,Pixel US '18/19 Q1 2019 North America - Brand,Video,YouTube,Biddable,"1,586,849,274","1,826,302","$16,947,002.94 ",5815,22096007,,1005584 | Pixel | Brand + DR | ESS01 | NA | US | Q1 2019 | Pixel 3.0
18,,,,,,,YouTube,1006649 - Google Pixel TRPR - NA - US - EN - Bonito - Week 1 - All Platforms ,,,2019.0,Q2,2019-04-21 00:00:00 UTC,2019-04-24 00:00:00 UTC,,US,In-Flight Test,78348701.0,,,DEVICE,TABLET,,,,Brand Awareness,,,,,750.0,367.0,383.0,433.0,206.0,227.0,3.07,0.07,0.394617430956517,No Lift,0.0,,,,,2563817.3,,1006649,Pixel Bonito US 2019 Q2 2019 North America - Brand,Video,YouTube,Biddable,"894,021,048","1,212,559","$13,988,265.67 ",6459,22443077,Thomas,1006649 | Pixel | Brand + DR | ESS01 | NA | US | Q2 2019 | Bonito
19,,,,,,,YouTube,1006649 - Google Pixel TRPR - NA - US - EN - Bonito - Week 1 - All Platforms ,,,2019.0,Q2,2019-04-21 00:00:00 UTC,2019-04-24 00:00:00 UTC,,US,In-Flight Test,78348701.0,,,DEVICE,DESKTOP,,,,Brand Awareness,,,,,750.0,367.0,383.0,413.0,188.0,225.0,7.51,0.15,0.0385358071532537,Significant Positive,0.0,,,,,2563817.3,,1006649,Pixel Bonito US 2019 Q2 2019 North America - Brand,Video,YouTube,Biddable,"894,021,048","1,212,559","$13,988,265.67 ",6459,22443077,Thomas,1006649 | Pixel | Brand + DR | ESS01 | NA | US | Q2 2019 | Bonito
20,,,,,,,YouTube,1006649 - Google Pixel TRPR - NA - US - EN - Bonito - Week 1 - All Platforms ,,,2019.0,Q2,2019-04-21 00:00:00 UTC,2019-04-24 00:00:00 UTC,,US,In-Flight Test,78348701.0,,,DEVICE,MOBILE,,,,Brand Awareness,,,,,750.0,367.0,383.0,452.0,215.0,237.0,3.31,0.08,0.353851970864934,Significant Positive,0.0,,,,,2563817.3,,1006649,Pixel Bonito US 2019 Q2 2019 North America - Brand,Video,YouTube,Biddable,"894,021,048","1,212,559","$13,988,265.67 ",6459,22443077,Thomas,1006649 | Pixel | Brand + DR | ESS01 | NA | US | Q2 2019 | Bonito
21,,,,,,,YouTube,1006649 - Google Pixel TRPR - NA - US - EN - Bonito - Week 1 - All Platforms ,,,2019.0,Q2,2019-04-21 00:00:00 UTC,2019-04-24 00:00:00 UTC,,US,In-Flight Test,78348701.0,,,DEVICE,DESKTOP,,,,Consideration,,,,,746.0,363.0,383.0,177.0,85.0,92.0,0.6,0.01,0.848294989195268,No Lift,0.0,,,,,2563817.3,,1006649,Pixel Bonito US 2019 Q2 2019 North America - Brand,Video,YouTube,Biddable,"894,021,048","1,212,559","$13,988,265.67 ",6459,22443077,Thomas,1006649 | Pixel | Brand + DR | ESS01 | NA | US | Q2 2019 | Bonito
22,,,,,,,YouTube,1006649 - Google Pixel TRPR - NA - US - EN - Bonito - Week 1 - All Platforms ,,,2019.0,Q2,2019-04-21 00:00:00 UTC,2019-04-24 00:00:00 UTC,,US,In-Flight Test,78348701.0,,,DEVICE,MOBILE,,,,Consideration,,,,,746.0,363.0,383.0,205.0,98.0,107.0,1.01,0.01,0.7579998442123629,No Lift,0.0,,,,,2563817.3,,1006649,Pixel Bonito US 2019 Q2 2019 North America - Brand,Video,YouTube,Biddable,"894,021,048","1,212,559","$13,988,265.67 ",6459,22443077,Thomas,1006649 | Pixel | Brand + DR | ESS01 | NA | US | Q2 2019 | Bonito
23,,,,,,,YouTube,1006649 - Google Pixel TRPR - NA - US - EN - Bonito - Week 1 - All Platforms ,,,2019.0,Q2,2019-04-21 00:00:00 UTC,2019-04-24 00:00:00 UTC,,US,In-Flight Test,78348701.0,,,DEVICE,TABLET,,,,Consideration,,,,,746.0,363.0,383.0,204.0,91.0,113.0,4.47,0.06,0.171163895073858,Significant Positive,0.0,,,,,2563817.3,,1006649,Pixel Bonito US 2019 Q2 2019 North America - Brand,Video,YouTube,Biddable,"894,021,048","1,212,559","$13,988,265.67 ",6459,22443077,Thomas,1006649 | Pixel | Brand + DR | ESS01 | NA | US | Q2 2019 | Bonito
24,,,,,,,YouTube,1006649 - Google Pixel TRPR - NA - US - EN - Bonito - Week 1 - All Platforms ,,,2019.0,Q2,2019-04-21 00:00:00 UTC,2019-04-24 00:00:00 UTC,,US,In-Flight Test,78348701.0,,,DEVICE,TABLET,,,,Purchase Intent,,,,,748.0,366.0,382.0,148.0,70.0,78.0,1.41,0.02,0.6294899371480539,No Lift,0.0,,,,,2563817.3,,1006649,Pixel Bonito US 2019 Q2 2019 North America - Brand,Video,YouTube,Biddable,"894,021,048","1,212,559","$13,988,265.67 ",6459,22443077,Thomas,1006649 | Pixel | Brand + DR | ESS01 | NA | US | Q2 2019 | Bonito
25,,,,,,,YouTube,1006649 - Google Pixel TRPR - NA - US - EN - Bonito - Week 1 - All Platforms ,,,2019.0,Q2,2019-04-21 00:00:00 UTC,2019-04-24 00:00:00 UTC,,US,In-Flight Test,78348701.0,,,DEVICE,MOBILE,,,,Purchase Intent,,,,,748.0,366.0,382.0,140.0,65.0,75.0,1.92,0.02,0.501844080823073,Significant Positive,0.0,,,,,2563817.3,,1006649,Pixel Bonito US 2019 Q2 2019 North America - Brand,Video,YouTube,Biddable,"894,021,048","1,212,559","$13,988,265.67 ",6459,22443077,Thomas,1006649 | Pixel | Brand + DR | ESS01 | NA | US | Q2 2019 | Bonito
26,,,,,,,YouTube,1006649 - Google Pixel TRPR - NA - US - EN - Bonito - Week 1 - All Platforms ,,,2019.0,Q2,2019-04-21 00:00:00 UTC,2019-04-24 00:00:00 UTC,,US,In-Flight Test,78348701.0,,,DEVICE,DESKTOP,,,,Purchase Intent,,,,,748.0,366.0,382.0,125.0,57.0,68.0,2.22,0.03,0.41692181174122994,Significant Positive,0.0,,,,,2563817.3,,1006649,Pixel Bonito US 2019 Q2 2019 North America - Brand,Video,YouTube,Biddable,"894,021,048","1,212,559","$13,988,265.67 ",6459,22443077,Thomas,1006649 | Pixel | Brand + DR | ESS01 | NA | US | Q2 2019 | Bonito
27,,,,,,,YouTube,1006649 - Pixel - BR - ESS01 - NA - US - en - AND Phone - GP Video - GP - Q2 2019 ~ GP - Android Device,,,2019.0,Q2,2019-04-17 00:00:00 UTC,2019-04-20 00:00:00 UTC,,US,In-Flight Test,77475803.0,,,DEVICE,TABLET,,,,Ad Recall,,,,,680.0,300.0,380.0,281.0,95.0,186.0,17.17,0.25,6.33287385064024e-06,Significant Positive,0.0,,,,,295771.03,,1006649,Pixel Bonito US 2019 Q2 2019 North America - Brand,Video,YouTube,Biddable,"894,021,048","1,212,559","$13,988,265.67 ",6459,22443077,Thomas,1006649 | Pixel | Brand + DR | ESS01 | NA | US | Q2 2019 | Bonito
28,,,,,,,YouTube,1006649 - Pixel - BR - ESS01 - NA - US - en - AND Phone - GP Video - GP - Q2 2019 ~ GP - Android Device,,,2019.0,Q2,2019-04-17 00:00:00 UTC,2019-04-20 00:00:00 UTC,,US,In-Flight Test,77475803.0,,,DEVICE,MOBILE,,,,Ad Recall,,,,,680.0,300.0,380.0,268.0,89.0,179.0,17.41,0.25,3.96550625034345e-06,Significant Positive,0.0,,,,,295771.03,,1006649,Pixel Bonito US 2019 Q2 2019 North America - Brand,Video,YouTube,Biddable,"894,021,048","1,212,559","$13,988,265.67 ",6459,22443077,Thomas,1006649 | Pixel | Brand + DR | ESS01 | NA | US | Q2 2019 | Bonito
29,,,,,,,YouTube,1006649 - Pixel - BR - ESS01 - NA - US - en - AND Phone - GP Video - GP - Q2 2019 ~ GP - Android Device,,,2019.0,Q2,2019-04-17 00:00:00 UTC,2019-04-20 00:00:00 UTC,,US,In-Flight Test,77475803.0,,,DEVICE,MOBILE,,,,Consideration,,,,,753.0,368.0,385.0,233.0,95.0,138.0,9.98,0.13,0.00303523884138925,Significant Positive,0.0,,,,,295771.03,,1006649,Pixel Bonito US 2019 Q2 2019 North America - Brand,Video,YouTube,Biddable,"894,021,048","1,212,559","$13,988,265.67 ",6459,22443077,Thomas,1006649 | Pixel | Brand + DR | ESS01 | NA | US | Q2 2019 | Bonito
30,,,,,,,YouTube,1006649 - Pixel - BR - ESS01 - NA - US - en - AND Phone - GP Video - GP - Q2 2019 ~ GP - Android Device,,,2019.0,Q2,2019-04-17 00:00:00 UTC,2019-04-20 00:00:00 UTC,,US,In-Flight Test,77475803.0,,,DEVICE,TABLET,,,,Consideration,,,,,753.0,368.0,385.0,225.0,97.0,128.0,6.66,0.09,0.0459117096151669,Significant Positive,0.0,,,,,295771.03,,1006649,Pixel Bonito US 2019 Q2 2019 North America - Brand,Video,YouTube,Biddable,"894,021,048","1,212,559","$13,988,265.67 ",6459,22443077,Thomas,1006649 | Pixel | Brand + DR | ESS01 | NA | US | Q2 2019 | Bonito
31,,,,,,,YouTube,1006649 - Pixel - BR - ESS01 - NA - US - en - AND Phone - GP Video - GP - Q2 2019 ~ GP - Android Device,,,2019.0,Q2,2019-04-17 00:00:00 UTC,2019-04-20 00:00:00 UTC,,US,In-Flight Test,77475803.0,,,DEVICE,MOBILE,,,,Purchase Intent,,,,,683.0,300.0,383.0,152.0,52.0,100.0,8.72,0.11,0.00648835966925711,Significant Positive,0.0,,,,,295771.03,,1006649,Pixel Bonito US 2019 Q2 2019 North America - Brand,Video,YouTube,Biddable,"894,021,048","1,212,559","$13,988,265.67 ",6459,22443077,Thomas,1006649 | Pixel | Brand + DR | ESS01 | NA | US | Q2 2019 | Bonito
32,,,,,,,YouTube,1006649 - Pixel - BR - ESS01 - NA - US - en - AND Phone - GP Video - GP - Q2 2019 ~ GP - Android Device,,,2019.0,Q2,2019-04-17 00:00:00 UTC,2019-04-20 00:00:00 UTC,,US,In-Flight Test,77475803.0,,,DEVICE,TABLET,,,,Purchase Intent,,,,,683.0,300.0,383.0,159.0,61.0,98.0,5.27,0.07,0.10616986131197699,Significant Positive,0.0,,,,,295771.03,,1006649,Pixel Bonito US 2019 Q2 2019 North America - Brand,Video,YouTube,Biddable,"894,021,048","1,212,559","$13,988,265.67 ",6459,22443077,Thomas,1006649 | Pixel | Brand + DR | ESS01 | NA | US | Q2 2019 | Bonito
33,,,,,,,YouTube,1006649 - Google Pixel - NA - US - EN - Bonito - Blue Affinity - 5/7-6/2,,,2019.0,Q2,2019-05-06 00:00:00 UTC,2019-05-14 00:00:00 UTC,,US,In-Flight Test,79433917.0,,,DEVICE,TABLET,,,,Brand Awareness,,,,,740.0,362.0,378.0,397.0,189.0,208.0,2.79,0.06,0.44702047043268606,No Lift,0.0,,,,,49174.02,,1006649,Pixel Bonito US 2019 Q2 2019 North America - Brand,Video,YouTube,Biddable,"894,021,048","1,212,559","$13,988,265.67 ",6459,22443077,Thomas,1006649 | Pixel | Brand + DR | ESS01 | NA | US | Q2 2019 | Bonito
34,,,,,,,YouTube,1006649 - Google Pixel - NA - US - EN - Bonito - Blue Affinity - 5/7-6/2,,,2019.0,Q2,2019-05-06 00:00:00 UTC,2019-05-14 00:00:00 UTC,,US,In-Flight Test,79433917.0,,,DEVICE,MOBILE,,,,Brand Awareness,,,,,740.0,362.0,378.0,414.0,202.0,212.0,0.2,0.0,0.9577101123521079,No Lift,0.0,,,,,49174.02,,1006649,Pixel Bonito US 2019 Q2 2019 North America - Brand,Video,YouTube,Biddable,"894,021,048","1,212,559","$13,988,265.67 ",6459,22443077,Thomas,1006649 | Pixel | Brand + DR | ESS01 | NA | US | Q2 2019 | Bonito
35,,,,,,,YouTube,1006649 - Google Pixel - NA - US - EN - Bonito - Blue Affinity - 5/7-6/2,,,2019.0,Q2,2019-05-06 00:00:00 UTC,2019-05-14 00:00:00 UTC,,US,In-Flight Test,79433917.0,,,DEVICE,DESKTOP,,,,Brand Awareness,,,,,740.0,362.0,378.0,367.0,166.0,201.0,7.39,0.14,0.0444998465439471,Significant Positive,0.0,,,,,49174.02,,1006649,Pixel Bonito US 2019 Q2 2019 North America - Brand,Video,YouTube,Biddable,"894,021,048","1,212,559","$13,988,265.67 ",6459,22443077,Thomas,1006649 | Pixel | Brand + DR | ESS01 | NA | US | Q2 2019 | Bonito
36,,,,,,,YouTube,1006649 - Google Pixel - NA - US - EN - Bonito - Blue Affinity - 5/7-6/2,,,2019.0,Q2,2019-05-06 00:00:00 UTC,2019-05-14 00:00:00 UTC,,US,In-Flight Test,79433917.0,,,DEVICE,MOBILE,,,,Consideration,,,,,732.0,355.0,377.0,183.0,92.0,91.0,-1.6,-0.02,0.617761707279231,Significant Negative,0.0,,,,,49174.02,,1006649,Pixel Bonito US 2019 Q2 2019 North America - Brand,Video,YouTube,Biddable,"894,021,048","1,212,559","$13,988,265.67 ",6459,22443077,Thomas,1006649 | Pixel | Brand + DR | ESS01 | NA | US | Q2 2019 | Bonito
37,,,,,,,YouTube,1006649 - Google Pixel - NA - US - EN - Bonito - Blue Affinity - 5/7-6/2,,,2019.0,Q2,2019-05-06 00:00:00 UTC,2019-05-14 00:00:00 UTC,,US,In-Flight Test,79433917.0,,,DEVICE,DESKTOP,,,,Consideration,,,,,732.0,355.0,377.0,175.0,82.0,93.0,1.69,0.02,0.593518411138468,No Lift,0.0,,,,,49174.02,,1006649,Pixel Bonito US 2019 Q2 2019 North America - Brand,Video,YouTube,Biddable,"894,021,048","1,212,559","$13,988,265.67 ",6459,22443077,Thomas,1006649 | Pixel | Brand + DR | ESS01 | NA | US | Q2 2019 | Bonito
38,,,,,,,YouTube,1006649 - Google Pixel - NA - US - EN - Bonito - Blue Affinity - 5/7-6/2,,,2019.0,Q2,2019-05-06 00:00:00 UTC,2019-05-14 00:00:00 UTC,,US,In-Flight Test,79433917.0,,,DEVICE,TABLET,,,,Consideration,,,,,732.0,355.0,377.0,206.0,97.0,109.0,1.49,0.02,0.6544027437322399,No Lift,0.0,,,,,49174.02,,1006649,Pixel Bonito US 2019 Q2 2019 North America - Brand,Video,YouTube,Biddable,"894,021,048","1,212,559","$13,988,265.67 ",6459,22443077,Thomas,1006649 | Pixel | Brand + DR | ESS01 | NA | US | Q2 2019 | Bonito
39,,,,,,,YouTube,1006649 - Google Pixel - NA - US - EN - Bonito - Blue Affinity - 5/7-6/2,,,2019.0,Q2,2019-05-06 00:00:00 UTC,2019-05-14 00:00:00 UTC,,US,In-Flight Test,79433917.0,,,DEVICE,MOBILE,,,,Purchase Intent,,,,,733.0,359.0,374.0,132.0,69.0,63.0,-2.37,-0.03,0.40319149992665204,Significant Negative,0.0,,,,,49174.02,,1006649,Pixel Bonito US 2019 Q2 2019 North America - Brand,Video,YouTube,Biddable,"894,021,048","1,212,559","$13,988,265.67 ",6459,22443077,Thomas,1006649 | Pixel | Brand + DR | ESS01 | NA | US | Q2 2019 | Bonito
40,,,,,,,YouTube,1006649 - Google Pixel - NA - US - EN - Bonito - Blue Affinity - 5/7-6/2,,,2019.0,Q2,2019-05-06 00:00:00 UTC,2019-05-14 00:00:00 UTC,,US,In-Flight Test,79433917.0,,,DEVICE,TABLET,,,,Purchase Intent,,,,,733.0,359.0,374.0,127.0,68.0,59.0,-3.2,-0.04,0.252817698721498,Significant Negative,0.0,,,,,49174.02,,1006649,Pixel Bonito US 2019 Q2 2019 North America - Brand,Video,YouTube,Biddable,"894,021,048","1,212,559","$13,988,265.67 ",6459,22443077,Thomas,1006649 | Pixel | Brand + DR | ESS01 | NA | US | Q2 2019 | Bonito
41,,,,,,,YouTube,1006649 - Google Pixel - NA - US - EN - Bonito - Blue Affinity - 5/7-6/2,,,2019.0,Q2,2019-05-06 00:00:00 UTC,2019-05-14 00:00:00 UTC,,US,In-Flight Test,79433917.0,,,DEVICE,DESKTOP,,,,Purchase Intent,,,,,733.0,359.0,374.0,119.0,58.0,61.0,0.09,0.0,0.975539505130816,No Lift,0.0,,,,,49174.02,,1006649,Pixel Bonito US 2019 Q2 2019 North America - Brand,Video,YouTube,Biddable,"894,021,048","1,212,559","$13,988,265.67 ",6459,22443077,Thomas,1006649 | Pixel | Brand + DR | ESS01 | NA | US | Q2 2019 | Bonito
42,,,,,,,YouTube,1006649 - Pixel - BR - ESS01 - NA - US - en - AND Phone - GP Video - GP - Q2 2019 ~ GP - Android Device - 5/7-6/2,,,2019.0,Q2,2019-05-06 00:00:00 UTC,2019-05-11 00:00:00 UTC,,US,In-Flight Test,79620433.0,,,DEVICE,TABLET,,,,Brand Awareness,,,,,736.0,361.0,375.0,427.0,212.0,215.0,-1.59,-0.04,0.661759705078419,No Lift,0.0,,,,,40858.742,,1006649,Pixel Bonito US 2019 Q2 2019 North America - Brand,Video,YouTube,Biddable,"894,021,048","1,212,559","$13,988,265.67 ",6459,22443077,Thomas,1006649 | Pixel | Brand + DR | ESS01 | NA | US | Q2 2019 | Bonito
43,,,,,,,YouTube,1006649 - Pixel - BR - ESS01 - NA - US - en - AND Phone - GP Video - GP - Q2 2019 ~ GP - Android Device - 5/7-6/2,,,2019.0,Q2,2019-05-06 00:00:00 UTC,2019-05-11 00:00:00 UTC,,US,In-Flight Test,79620433.0,,,DEVICE,MOBILE,,,,Brand Awareness,,,,,736.0,361.0,375.0,437.0,203.0,234.0,5.99,0.14,0.0979893529375126,Significant Positive,0.0,,,,,40858.742,,1006649,Pixel Bonito US 2019 Q2 2019 North America - Brand,Video,YouTube,Biddable,"894,021,048","1,212,559","$13,988,265.67 ",6459,22443077,Thomas,1006649 | Pixel | Brand + DR | ESS01 | NA | US | Q2 2019 | Bonito
44,,,,,,,YouTube,1006649 - Pixel - BR - ESS01 - NA - US - en - AND Phone - GP Video - GP - Q2 2019 ~ GP - Android Device - 5/7-6/2,,,2019.0,Q2,2019-05-06 00:00:00 UTC,2019-05-11 00:00:00 UTC,,US,In-Flight Test,79620433.0,,,DEVICE,MOBILE,,,,Consideration,,,,,741.0,368.0,373.0,233.0,98.0,135.0,9.6,0.13,0.00488339469966482,Significant Positive,0.0,,,,,40858.742,,1006649,Pixel Bonito US 2019 Q2 2019 North America - Brand,Video,YouTube,Biddable,"894,021,048","1,212,559","$13,988,265.67 ",6459,22443077,Thomas,1006649 | Pixel | Brand + DR | ESS01 | NA | US | Q2 2019 | Bonito
45,,,,,,,YouTube,1006649 - Pixel - BR - ESS01 - NA - US - en - AND Phone - GP Video - GP - Q2 2019 ~ GP - Android Device - 5/7-6/2,,,2019.0,Q2,2019-05-06 00:00:00 UTC,2019-05-11 00:00:00 UTC,,US,In-Flight Test,79620433.0,,,DEVICE,TABLET,,,,Consideration,,,,,741.0,368.0,373.0,234.0,97.0,137.0,10.47,0.14,0.00217628022181919,Significant Positive,0.0,,,,,40858.742,,1006649,Pixel Bonito US 2019 Q2 2019 North America - Brand,Video,YouTube,Biddable,"894,021,048","1,212,559","$13,988,265.67 ",6459,22443077,Thomas,1006649 | Pixel | Brand + DR | ESS01 | NA | US | Q2 2019 | Bonito
46,,,,,,,YouTube,1006649 - Pixel - BR - ESS01 - NA - US - en - AND Phone - GP Video - GP - Q2 2019 ~ GP - Android Device - 5/7-6/2,,,2019.0,Q2,2019-05-06 00:00:00 UTC,2019-05-11 00:00:00 UTC,,US,In-Flight Test,79620433.0,,,DEVICE,MOBILE,,,,Purchase Intent,,,,,736.0,358.0,378.0,164.0,64.0,100.0,8.55,0.1,0.0053585626676502,Significant Positive,0.0,,,,,40858.742,,1006649,Pixel Bonito US 2019 Q2 2019 North America - Brand,Video,YouTube,Biddable,"894,021,048","1,212,559","$13,988,265.67 ",6459,22443077,Thomas,1006649 | Pixel | Brand + DR | ESS01 | NA | US | Q2 2019 | Bonito
47,,,,,,,YouTube,1006649 - Pixel - BR - ESS01 - NA - US - en - AND Phone - GP Video - GP - Q2 2019 ~ GP - Android Device - 5/7-6/2,,,2019.0,Q2,2019-05-06 00:00:00 UTC,2019-05-11 00:00:00 UTC,,US,In-Flight Test,79620433.0,,,DEVICE,TABLET,,,,Purchase Intent,,,,,736.0,358.0,378.0,193.0,78.0,115.0,8.76,0.11,0.00701554685355438,Significant Positive,0.0,,,,,40858.742,,1006649,Pixel Bonito US 2019 Q2 2019 North America - Brand,Video,YouTube,Biddable,"894,021,048","1,212,559","$13,988,265.67 ",6459,22443077,Thomas,1006649 | Pixel | Brand + DR | ESS01 | NA | US | Q2 2019 | Bonito
48,,,,,,,YouTube,1006649 - Pixel - Q2 2019 ~ GP - US - Youtube TV,,,2019.0,Q2,2019-05-29 00:00:00 UTC,2019-06-03 00:00:00 UTC,,US,In-Flight Test,89443639.0,,,DEVICE,SMART_TV,,,,Brand Awareness,,,,,736.0,358.0,378.0,483.0,231.0,252.0,2.11,0.06,0.547479177621817,No Lift,0.0,,,,,272832.9,,1006649,Pixel Bonito US 2019 Q2 2019 North America - Brand,Video,YouTube,Biddable,"894,021,048","1,212,559","$13,988,265.67 ",6459,22443077,Thomas,1006649 | Pixel | Brand + DR | ESS01 | NA | US | Q2 2019 | Bonito
49,,,,,,,YouTube,1006649 - Pixel - Q2 2019 ~ GP - US - Youtube TV,,,2019.0,Q2,2019-05-29 00:00:00 UTC,2019-06-03 00:00:00 UTC,,US,In-Flight Test,89443639.0,,,DEVICE,DESKTOP,,,,Brand Awareness,,,,,736.0,358.0,378.0,396.0,189.0,207.0,2.03,0.04,0.581508723595939,No Lift,0.0,,,,,272832.9,,1006649,Pixel Bonito US 2019 Q2 2019 North America - Brand,Video,YouTube,Biddable,"894,021,048","1,212,559","$13,988,265.67 ",6459,22443077,Thomas,1006649 | Pixel | Brand + DR | ESS01 | NA | US | Q2 2019 | Bonito
50,,,,,,,YouTube,1006649 - Pixel - Q2 2019 ~ GP - US - Youtube TV,,,2019.0,Q2,2019-05-29 00:00:00 UTC,2019-06-03 00:00:00 UTC,,US,In-Flight Test,89443639.0,,,DEVICE,TABLET,,,,Brand Awareness,,,,,736.0,358.0,378.0,415.0,196.0,219.0,3.16,0.07,0.387786966572707,No Lift,0.0,,,,,272832.9,,1006649,Pixel Bonito US 2019 Q2 2019 North America - Brand,Video,YouTube,Biddable,"894,021,048","1,212,559","$13,988,265.67 ",6459,22443077,Thomas,1006649 | Pixel | Brand + DR | ESS01 | NA | US | Q2 2019 | Bonito
51,,,,,,,YouTube,1006649 - Pixel - Q2 2019 ~ GP - US - Youtube TV,,,2019.0,Q2,2019-05-29 00:00:00 UTC,2019-06-03 00:00:00 UTC,,US,In-Flight Test,89443639.0,,,DEVICE,MOBILE,,,,Brand Awareness,,,,,736.0,358.0,378.0,435.0,205.0,230.0,3.54,0.08,0.329329925268722,Significant Positive,0.0,,,,,272832.9,,1006649,Pixel Bonito US 2019 Q2 2019 North America - Brand,Video,YouTube,Biddable,"894,021,048","1,212,559","$13,988,265.67 ",6459,22443077,Thomas,1006649 | Pixel | Brand + DR | ESS01 | NA | US | Q2 2019 | Bonito
52,,,,,,,YouTube,1006649 - Pixel - Q2 2019 ~ GP - US - Youtube TV,,,2019.0,Q2,2019-05-29 00:00:00 UTC,2019-06-03 00:00:00 UTC,,US,In-Flight Test,89443639.0,,,DEVICE,DESKTOP,,,,Consideration,,,,,734.0,350.0,384.0,191.0,92.0,99.0,-0.58,-0.01,0.858056404528817,No Lift,0.0,,,,,272832.9,,1006649,Pixel Bonito US 2019 Q2 2019 North America - Brand,Video,YouTube,Biddable,"894,021,048","1,212,559","$13,988,265.67 ",6459,22443077,Thomas,1006649 | Pixel | Brand + DR | ESS01 | NA | US | Q2 2019 | Bonito
53,,,,,,,YouTube,1006649 - Pixel - Q2 2019 ~ GP - US - Youtube TV,,,2019.0,Q2,2019-05-29 00:00:00 UTC,2019-06-03 00:00:00 UTC,,US,In-Flight Test,89443639.0,,,DEVICE,MOBILE,,,,Consideration,,,,,734.0,350.0,384.0,225.0,104.0,121.0,1.65,0.02,0.581106905810015,No Lift,0.0,,,,,272832.9,,1006649,Pixel Bonito US 2019 Q2 2019 North America - Brand,Video,YouTube,Biddable,"894,021,048","1,212,559","$13,988,265.67 ",6459,22443077,Thomas,1006649 | Pixel | Brand + DR | ESS01 | NA | US | Q2 2019 | Bonito
54,,,,,,,YouTube,1006649 - Pixel - Q2 2019 ~ GP - US - Youtube TV,,,2019.0,Q2,2019-05-29 00:00:00 UTC,2019-06-03 00:00:00 UTC,,US,In-Flight Test,89443639.0,,,DEVICE,TABLET,,,,Consideration,,,,,734.0,350.0,384.0,230.0,101.0,129.0,4.67,0.07,0.17287665359639998,Significant Positive,0.0,,,,,272832.9,,1006649,Pixel Bonito US 2019 Q2 2019 North America - Brand,Video,YouTube,Biddable,"894,021,048","1,212,559","$13,988,265.67 ",6459,22443077,Thomas,1006649 | Pixel | Brand + DR | ESS01 | NA | US | Q2 2019 | Bonito
55,,,,,,,YouTube,1006649 - Pixel - Q2 2019 ~ GP - US - Youtube TV,,,2019.0,Q2,2019-05-29 00:00:00 UTC,2019-06-03 00:00:00 UTC,,US,In-Flight Test,89443639.0,,,DEVICE,SMART_TV,,,,Consideration,,,,,734.0,350.0,384.0,255.0,119.0,136.0,1.27,0.02,0.717976255261108,No Lift,0.0,,,,,272832.9,,1006649,Pixel Bonito US 2019 Q2 2019 North America - Brand,Video,YouTube,Biddable,"894,021,048","1,212,559","$13,988,265.67 ",6459,22443077,Thomas,1006649 | Pixel | Brand + DR | ESS01 | NA | US | Q2 2019 | Bonito
56,,,,,,,YouTube,1006649 - Pixel - Q2 2019 ~ GP - US - Youtube TV,,,2019.0,Q2,2019-05-29 00:00:00 UTC,2019-06-03 00:00:00 UTC,,US,In-Flight Test,89443639.0,,,DEVICE,TABLET,,,,Purchase Intent,,,,,735.0,362.0,373.0,189.0,99.0,90.0,-3.28,-0.05,0.30888562124579805,No Lift,0.0,,,,,272832.9,,1006649,Pixel Bonito US 2019 Q2 2019 North America - Brand,Video,YouTube,Biddable,"894,021,048","1,212,559","$13,988,265.67 ",6459,22443077,Thomas,1006649 | Pixel | Brand + DR | ESS01 | NA | US | Q2 2019 | Bonito
57,,,,,,,YouTube,1006649 - Pixel - Q2 2019 ~ GP - US - Youtube TV,,,2019.0,Q2,2019-05-29 00:00:00 UTC,2019-06-03 00:00:00 UTC,,US,In-Flight Test,89443639.0,,,DEVICE,MOBILE,,,,Purchase Intent,,,,,735.0,362.0,373.0,164.0,74.0,90.0,3.82,0.05,0.21289536343428797,Significant Positive,0.0,,,,,272832.9,,1006649,Pixel Bonito US 2019 Q2 2019 North America - Brand,Video,YouTube,Biddable,"894,021,048","1,212,559","$13,988,265.67 ",6459,22443077,Thomas,1006649 | Pixel | Brand + DR | ESS01 | NA | US | Q2 2019 | Bonito
58,,,,,,,YouTube,1006649 - Pixel - Q2 2019 ~ GP - US - Youtube TV,,,2019.0,Q2,2019-05-29 00:00:00 UTC,2019-06-03 00:00:00 UTC,,US,In-Flight Test,89443639.0,,,DEVICE,DESKTOP,,,,Purchase Intent,,,,,735.0,362.0,373.0,138.0,66.0,72.0,0.99,0.01,0.731797991036952,No Lift,0.0,,,,,272832.9,,1006649,Pixel Bonito US 2019 Q2 2019 North America - Brand,Video,YouTube,Biddable,"894,021,048","1,212,559","$13,988,265.67 ",6459,22443077,Thomas,1006649 | Pixel | Brand + DR | ESS01 | NA | US | Q2 2019 | Bonito
59,,,,,,,YouTube,1006649 - Pixel - Q2 2019 ~ GP - US - Youtube TV,,,2019.0,Q2,2019-05-29 00:00:00 UTC,2019-06-03 00:00:00 UTC,,US,In-Flight Test,89443639.0,,,DEVICE,SMART_TV,,,,Purchase Intent,,,,,735.0,362.0,373.0,155.0,72.0,83.0,2.26,0.03,0.45335288906084004,No Lift,0.0,,,,,272832.9,,1006649,Pixel Bonito US 2019 Q2 2019 North America - Brand,Video,YouTube,Biddable,"894,021,048","1,212,559","$13,988,265.67 ",6459,22443077,Thomas,1006649 | Pixel | Brand + DR | ESS01 | NA | US | Q2 2019 | Bonito
60,,,,,,,YouTube,1006649 - Pixel Bonito US Q2 2019 - TRPR Week 2 - GP - 6/3-6/9 ,,,2019.0,Q2,2019-06-02 00:00:00 UTC,2019-06-05 00:00:00 UTC,,US,In-Flight Test,89835260.0,,,DEVICE,GAME_CONSOLE,,,,Brand Awareness,,,,,672.0,300.0,372.0,417.0,179.0,238.0,4.2,0.1,0.26567544600083803,No Lift,0.0,,,,,1056140.3,,1006649,Pixel Bonito US 2019 Q2 2019 North America - Brand,Video,YouTube,Biddable,"894,021,048","1,212,559","$13,988,265.67 ",6459,22443077,Thomas,1006649 | Pixel | Brand + DR | ESS01 | NA | US | Q2 2019 | Bonito
61,,,,,,,YouTube,1006649 - Pixel Bonito US Q2 2019 - TRPR Week 2 - GP - 6/3-6/9 ,,,2019.0,Q2,2019-06-02 00:00:00 UTC,2019-06-05 00:00:00 UTC,,US,In-Flight Test,89835260.0,,,DEVICE,DESKTOP,,,,Brand Awareness,,,,,672.0,300.0,372.0,384.0,168.0,216.0,1.51,0.03,0.5844440799007429,No Lift,0.0,,,,,1056140.3,,1006649,Pixel Bonito US 2019 Q2 2019 North America - Brand,Video,YouTube,Biddable,"894,021,048","1,212,559","$13,988,265.67 ",6459,22443077,Thomas,1006649 | Pixel | Brand + DR | ESS01 | NA | US | Q2 2019 | Bonito
62,,,,,,,YouTube,1006649 - Pixel Bonito US Q2 2019 - TRPR Week 2 - GP - 6/3-6/9 ,,,2019.0,Q2,2019-06-02 00:00:00 UTC,2019-06-05 00:00:00 UTC,,US,In-Flight Test,89835260.0,,,DEVICE,SMART_TV,,,,Brand Awareness,,,,,672.0,300.0,372.0,424.0,178.0,246.0,6.59,0.16,0.0782641978483476,Significant Positive,0.0,,,,,1056140.3,,1006649,Pixel Bonito US 2019 Q2 2019 North America - Brand,Video,YouTube,Biddable,"894,021,048","1,212,559","$13,988,265.67 ",6459,22443077,Thomas,1006649 | Pixel | Brand + DR | ESS01 | NA | US | Q2 2019 | Bonito
63,,,,,,,YouTube,1006649 - Pixel Bonito US Q2 2019 - TRPR Week 2 - GP - 6/3-6/9 ,,,2019.0,Q2,2019-06-02 00:00:00 UTC,2019-06-05 00:00:00 UTC,,US,In-Flight Test,89835260.0,,,DEVICE,TABLET,,,,Brand Awareness,,,,,672.0,300.0,372.0,414.0,177.0,237.0,4.57,0.11,0.225564625988316,Significant Positive,0.0,,,,,1056140.3,,1006649,Pixel Bonito US 2019 Q2 2019 North America - Brand,Video,YouTube,Biddable,"894,021,048","1,212,559","$13,988,265.67 ",6459,22443077,Thomas,1006649 | Pixel | Brand + DR | ESS01 | NA | US | Q2 2019 | Bonito
64,,,,,,,YouTube,1006649 - Pixel Bonito US Q2 2019 - TRPR Week 2 - GP - 6/3-6/9 ,,,2019.0,Q2,2019-06-02 00:00:00 UTC,2019-06-05 00:00:00 UTC,,US,In-Flight Test,89835260.0,,,DEVICE,MOBILE,,,,Brand Awareness,,,,,672.0,300.0,372.0,419.0,178.0,241.0,4.96,0.12,0.15797998722990303,Significant Positive,0.0,,,,,1056140.3,,1006649,Pixel Bonito US 2019 Q2 2019 North America - Brand,Video,YouTube,Biddable,"894,021,048","1,212,559","$13,988,265.67 ",6459,22443077,Thomas,1006649 | Pixel | Brand + DR | ESS01 | NA | US | Q2 2019 | Bonito
65,,,,,,,YouTube,1006649 - Pixel Bonito US Q2 2019 - TRPR Week 2 - GP - 6/3-6/9 ,,,2019.0,Q2,2019-06-02 00:00:00 UTC,2019-06-05 00:00:00 UTC,,US,In-Flight Test,89835260.0,,,DEVICE,TABLET,,,,Consideration,,,,,738.0,366.0,372.0,226.0,109.0,117.0,1.83,0.03,0.589002937239006,No Lift,0.0,,,,,1056140.3,,1006649,Pixel Bonito US 2019 Q2 2019 North America - Brand,Video,YouTube,Biddable,"894,021,048","1,212,559","$13,988,265.67 ",6459,22443077,Thomas,1006649 | Pixel | Brand + DR | ESS01 | NA | US | Q2 2019 | Bonito
66,,,,,,,YouTube,1006649 - Pixel Bonito US Q2 2019 - TRPR Week 2 - GP - 6/3-6/9 ,,,2019.0,Q2,2019-06-02 00:00:00 UTC,2019-06-05 00:00:00 UTC,,US,In-Flight Test,89835260.0,,,DEVICE,GAME_CONSOLE,,,,Consideration,,,,,738.0,366.0,372.0,209.0,90.0,119.0,7.39,0.1,0.0260547779890992,Significant Positive,0.0,,,,,1056140.3,,1006649,Pixel Bonito US 2019 Q2 2019 North America - Brand,Video,YouTube,Biddable,"894,021,048","1,212,559","$13,988,265.67 ",6459,22443077,Thomas,1006649 | Pixel | Brand + DR | ESS01 | NA | US | Q2 2019 | Bonito
67,,,,,,,YouTube,1006649 - Pixel Bonito US Q2 2019 - TRPR Week 2 - GP - 6/3-6/9 ,,,2019.0,Q2,2019-06-02 00:00:00 UTC,2019-06-05 00:00:00 UTC,,US,In-Flight Test,89835260.0,,,DEVICE,SMART_TV,,,,Consideration,,,,,738.0,366.0,372.0,219.0,103.0,116.0,2.84,0.04,0.399478474536846,No Lift,0.0,,,,,1056140.3,,1006649,Pixel Bonito US 2019 Q2 2019 North America - Brand,Video,YouTube,Biddable,"894,021,048","1,212,559","$13,988,265.67 ",6459,22443077,Thomas,1006649 | Pixel | Brand + DR | ESS01 | NA | US | Q2 2019 | Bonito
68,,,,,,,YouTube,1006649 - Pixel Bonito US Q2 2019 - TRPR Week 2 - GP - 6/3-6/9 ,,,2019.0,Q2,2019-06-02 00:00:00 UTC,2019-06-05 00:00:00 UTC,,US,In-Flight Test,89835260.0,,,DEVICE,MOBILE,,,,Consideration,,,,,738.0,366.0,372.0,215.0,101.0,114.0,3.24,0.04,0.33214774850188206,Significant Positive,0.0,,,,,1056140.3,,1006649,Pixel Bonito US 2019 Q2 2019 North America - Brand,Video,YouTube,Biddable,"894,021,048","1,212,559","$13,988,265.67 ",6459,22443077,Thomas,1006649 | Pixel | Brand + DR | ESS01 | NA | US | Q2 2019 | Bonito
69,,,,,,,YouTube,1006649 - Pixel Bonito US Q2 2019 - TRPR Week 2 - GP - 6/3-6/9 ,,,2019.0,Q2,2019-06-02 00:00:00 UTC,2019-06-05 00:00:00 UTC,,US,In-Flight Test,89835260.0,,,DEVICE,DESKTOP,,,,Consideration,,,,,738.0,366.0,372.0,197.0,101.0,96.0,-1.67,-0.02,0.607505807008037,No Lift,0.0,,,,,1056140.3,,1006649,Pixel Bonito US 2019 Q2 2019 North America - Brand,Video,YouTube,Biddable,"894,021,048","1,212,559","$13,988,265.67 ",6459,22443077,Thomas,1006649 | Pixel | Brand + DR | ESS01 | NA | US | Q2 2019 | Bonito
70,,,,,,,YouTube,1006649 - Pixel Bonito US Q2 2019 - TRPR Week 2 - GP - 6/3-6/9 ,,,2019.0,Q2,2019-06-02 00:00:00 UTC,2019-06-05 00:00:00 UTC,,US,In-Flight Test,89835260.0,,,DEVICE,SMART_TV,,,,Purchase Intent,,,,,731.0,358.0,373.0,157.0,78.0,79.0,-0.48,-0.01,0.87559607657001,No Lift,0.0,,,,,1056140.3,,1006649,Pixel Bonito US 2019 Q2 2019 North America - Brand,Video,YouTube,Biddable,"894,021,048","1,212,559","$13,988,265.67 ",6459,22443077,Thomas,1006649 | Pixel | Brand + DR | ESS01 | NA | US | Q2 2019 | Bonito
71,,,,,,,YouTube,1006649 - Pixel Bonito US Q2 2019 - TRPR Week 2 - GP - 6/3-6/9 ,,,2019.0,Q2,2019-06-02 00:00:00 UTC,2019-06-05 00:00:00 UTC,,US,In-Flight Test,89835260.0,,,DEVICE,GAME_CONSOLE,,,,Purchase Intent,,,,,731.0,358.0,373.0,163.0,78.0,85.0,0.88,0.01,0.7773879937477459,No Lift,0.0,,,,,1056140.3,,1006649,Pixel Bonito US 2019 Q2 2019 North America - Brand,Video,YouTube,Biddable,"894,021,048","1,212,559","$13,988,265.67 ",6459,22443077,Thomas,1006649 | Pixel | Brand + DR | ESS01 | NA | US | Q2 2019 | Bonito
72,,,,,,,YouTube,1006649 - Pixel Bonito US Q2 2019 - TRPR Week 2 - GP - 6/3-6/9 ,,,2019.0,Q2,2019-06-02 00:00:00 UTC,2019-06-05 00:00:00 UTC,,US,In-Flight Test,89835260.0,,,DEVICE,DESKTOP,,,,Purchase Intent,,,,,731.0,358.0,373.0,118.0,58.0,60.0,-0.15,0.0,0.9562899130966741,No Lift,0.0,,,,,1056140.3,,1006649,Pixel Bonito US 2019 Q2 2019 North America - Brand,Video,YouTube,Biddable,"894,021,048","1,212,559","$13,988,265.67 ",6459,22443077,Thomas,1006649 | Pixel | Brand + DR | ESS01 | NA | US | Q2 2019 | Bonito
73,,,,,,,YouTube,1006649 - Pixel Bonito US Q2 2019 - TRPR Week 2 - GP - 6/3-6/9 ,,,2019.0,Q2,2019-06-02 00:00:00 UTC,2019-06-05 00:00:00 UTC,,US,In-Flight Test,89835260.0,,,DEVICE,TABLET,,,,Purchase Intent,,,,,731.0,358.0,373.0,188.0,92.0,96.0,-0.01,0.0,0.9952727863992371,No Lift,0.0,,,,,1056140.3,,1006649,Pixel Bonito US 2019 Q2 2019 North America - Brand,Video,YouTube,Biddable,"894,021,048","1,212,559","$13,988,265.67 ",6459,22443077,Thomas,1006649 | Pixel | Brand + DR | ESS01 | NA | US | Q2 2019 | Bonito
74,,,,,,,YouTube,1006649 - Pixel Bonito US Q2 2019 - TRPR Week 2 - GP - 6/3-6/9 ,,,2019.0,Q2,2019-06-02 00:00:00 UTC,2019-06-05 00:00:00 UTC,,US,In-Flight Test,89835260.0,,,DEVICE,MOBILE,,,,Purchase Intent,,,,,731.0,358.0,373.0,160.0,78.0,82.0,0.16,0.0,0.957318656458276,No Lift,0.0,,,,,1056140.3,,1006649,Pixel Bonito US 2019 Q2 2019 North America - Brand,Video,YouTube,Biddable,"894,021,048","1,212,559","$13,988,265.67 ",6459,22443077,Thomas,1006649 | Pixel | Brand + DR | ESS01 | NA | US | Q2 2019 | Bonito
75,,,,,,,YouTube,1006649 - Pixel Bonito US Q2 2019 - Standard Reserve - TRPR Week 2 - 6/3-6/9,,,2019.0,Q2,2019-06-02 00:00:00 UTC,2019-06-06 00:00:00 UTC,,US,In-Flight Test,89835259.0,,,DEVICE,TABLET,,,,Brand Awareness,,,,,728.0,358.0,370.0,413.0,200.0,213.0,1.73,0.04,0.638553828626709,No Lift,0.0,,,,,1681538.0,,1006649,Pixel Bonito US 2019 Q2 2019 North America - Brand,Video,YouTube,Biddable,"894,021,048","1,212,559","$13,988,265.67 ",6459,22443077,Thomas,1006649 | Pixel | Brand + DR | ESS01 | NA | US | Q2 2019 | Bonito
76,,,,,,,YouTube,1006649 - Pixel Bonito US Q2 2019 - Standard Reserve - TRPR Week 2 - 6/3-6/9,,,2019.0,Q2,2019-06-02 00:00:00 UTC,2019-06-06 00:00:00 UTC,,US,In-Flight Test,89835259.0,,,DEVICE,DESKTOP,,,,Brand Awareness,,,,,728.0,358.0,370.0,401.0,195.0,206.0,1.12,0.02,0.760775288203715,No Lift,0.0,,,,,1681538.0,,1006649,Pixel Bonito US 2019 Q2 2019 North America - Brand,Video,YouTube,Biddable,"894,021,048","1,212,559","$13,988,265.67 ",6459,22443077,Thomas,1006649 | Pixel | Brand + DR | ESS01 | NA | US | Q2 2019 | Bonito
77,,,,,,,YouTube,1006649 - Pixel Bonito US Q2 2019 - Standard Reserve - TRPR Week 2 - 6/3-6/9,,,2019.0,Q2,2019-06-02 00:00:00 UTC,2019-06-06 00:00:00 UTC,,US,In-Flight Test,89835259.0,,,DEVICE,MOBILE,,,,Brand Awareness,,,,,728.0,358.0,370.0,414.0,198.0,216.0,3.04,0.07,0.40795223641962497,Significant Positive,0.0,,,,,1681538.0,,1006649,Pixel Bonito US 2019 Q2 2019 North America - Brand,Video,YouTube,Biddable,"894,021,048","1,212,559","$13,988,265.67 ",6459,22443077,Thomas,1006649 | Pixel | Brand + DR | ESS01 | NA | US | Q2 2019 | Bonito
78,,,,,,,YouTube,1006649 - Pixel Bonito US Q2 2019 - Standard Reserve - TRPR Week 2 - 6/3-6/9,,,2019.0,Q2,2019-06-02 00:00:00 UTC,2019-06-06 00:00:00 UTC,,US,In-Flight Test,89835259.0,,,DEVICE,MOBILE,,,,Consideration,,,,,731.0,358.0,373.0,194.0,92.0,102.0,1.53,0.02,0.6377884945629829,Significant Positive,0.0,,,,,1681538.0,,1006649,Pixel Bonito US 2019 Q2 2019 North America - Brand,Video,YouTube,Biddable,"894,021,048","1,212,559","$13,988,265.67 ",6459,22443077,Thomas,1006649 | Pixel | Brand + DR | ESS01 | NA | US | Q2 2019 | Bonito
79,,,,,,,YouTube,1006649 - Pixel Bonito US Q2 2019 - Standard Reserve - TRPR Week 2 - 6/3-6/9,,,2019.0,Q2,2019-06-02 00:00:00 UTC,2019-06-06 00:00:00 UTC,,US,In-Flight Test,89835259.0,,,DEVICE,TABLET,,,,Consideration,,,,,731.0,358.0,373.0,214.0,101.0,113.0,1.9,0.03,0.573926784011722,No Lift,0.0,,,,,1681538.0,,1006649,Pixel Bonito US 2019 Q2 2019 North America - Brand,Video,YouTube,Biddable,"894,021,048","1,212,559","$13,988,265.67 ",6459,22443077,Thomas,1006649 | Pixel | Brand + DR | ESS01 | NA | US | Q2 2019 | Bonito
80,,,,,,,YouTube,1006649 - Pixel Bonito US Q2 2019 - Standard Reserve - TRPR Week 2 - 6/3-6/9,,,2019.0,Q2,2019-06-02 00:00:00 UTC,2019-06-06 00:00:00 UTC,,US,In-Flight Test,89835259.0,,,DEVICE,DESKTOP,,,,Consideration,,,,,731.0,358.0,373.0,163.0,74.0,89.0,3.22,0.04,0.295636978709175,Significant Positive,0.0,,,,,1681538.0,,1006649,Pixel Bonito US 2019 Q2 2019 North America - Brand,Video,YouTube,Biddable,"894,021,048","1,212,559","$13,988,265.67 ",6459,22443077,Thomas,1006649 | Pixel | Brand + DR | ESS01 | NA | US | Q2 2019 | Bonito
81,,,,,,,YouTube,1006649 - Pixel Bonito US Q2 2019 - Standard Reserve - TRPR Week 2 - 6/3-6/9,,,2019.0,Q2,2019-06-02 00:00:00 UTC,2019-06-06 00:00:00 UTC,,US,In-Flight Test,89835259.0,,,DEVICE,DESKTOP,,,,Purchase Intent,,,,,729.0,355.0,374.0,112.0,48.0,64.0,3.68,0.04,0.16853077933993602,Significant Positive,0.0,,,,,1681538.0,,1006649,Pixel Bonito US 2019 Q2 2019 North America - Brand,Video,YouTube,Biddable,"894,021,048","1,212,559","$13,988,265.67 ",6459,22443077,Thomas,1006649 | Pixel | Brand + DR | ESS01 | NA | US | Q2 2019 | Bonito
82,,,,,,,YouTube,1006649 - Pixel Bonito US Q2 2019 - Standard Reserve - TRPR Week 2 - 6/3-6/9,,,2019.0,Q2,2019-06-02 00:00:00 UTC,2019-06-06 00:00:00 UTC,,US,In-Flight Test,89835259.0,,,DEVICE,MOBILE,,,,Purchase Intent,,,,,729.0,355.0,374.0,145.0,72.0,73.0,-0.64,-0.01,0.830141596700111,No Lift,0.0,,,,,1681538.0,,1006649,Pixel Bonito US 2019 Q2 2019 North America - Brand,Video,YouTube,Biddable,"894,021,048","1,212,559","$13,988,265.67 ",6459,22443077,Thomas,1006649 | Pixel | Brand + DR | ESS01 | NA | US | Q2 2019 | Bonito
83,,,,,,,YouTube,1006649 - Pixel Bonito US Q2 2019 - Standard Reserve - TRPR Week 2 - 6/3-6/9,,,2019.0,Q2,2019-06-02 00:00:00 UTC,2019-06-06 00:00:00 UTC,,US,In-Flight Test,89835259.0,,,DEVICE,TABLET,,,,Purchase Intent,,,,,729.0,355.0,374.0,161.0,78.0,83.0,0.34,0.0,0.91263742309027,No Lift,0.0,,,,,1681538.0,,1006649,Pixel Bonito US 2019 Q2 2019 North America - Brand,Video,YouTube,Biddable,"894,021,048","1,212,559","$13,988,265.67 ",6459,22443077,Thomas,1006649 | Pixel | Brand + DR | ESS01 | NA | US | Q2 2019 | Bonito
84,,,,,,,YouTube,1006293 - Google Multi-App TRPR - NA - US - EN - 5/13-5/19,,,2019.0,Q2,2019-05-12 00:00:00 UTC,2019-05-17 00:00:00 UTC,,US,In-Flight Test,79731219.0,,,DEVICE,DESKTOP,,,,Ad Recall,,,,,715.0,350.0,365.0,159.0,81.0,78.0,-1.88,-0.02,0.545278897247254,No Lift,0.0,,,,,402767.97,,1006293,Multi App NA Q2-Q3 2019 North America,Video,YouTube,Biddable,"551,240,339","537,925","$4,832,865.68 ",6380,22437524,Marvin,1005537 | Brand | BR | ESS01 | NA | US | 2019 | Helpfulness
85,,,,,,,YouTube,1006293 - Google Multi-App TRPR - NA - US - EN - 5/13-5/19,,,2019.0,Q2,2019-05-12 00:00:00 UTC,2019-05-17 00:00:00 UTC,,US,In-Flight Test,79731219.0,,,DEVICE,MOBILE,,,,Ad Recall,,,,,715.0,350.0,365.0,206.0,97.0,109.0,2.25,0.03,0.505845624000826,Significant Positive,0.0,,,,,402767.97,,1006293,Multi App NA Q2-Q3 2019 North America,Video,YouTube,Biddable,"551,240,339","537,925","$4,832,865.68 ",6380,22437524,Marvin,1005537 | Brand | BR | ESS01 | NA | US | 2019 | Helpfulness
86,,,,,,,YouTube,1006293 - Google Multi-App TRPR - NA - US - EN - 5/13-5/19,,,2019.0,Q2,2019-05-12 00:00:00 UTC,2019-05-17 00:00:00 UTC,,US,In-Flight Test,79731219.0,,,DEVICE,TABLET,,,,Ad Recall,,,,,715.0,350.0,365.0,241.0,110.0,131.0,4.25,0.06,0.22906957843697198,No Lift,0.0,,,,,402767.97,,1006293,Multi App NA Q2-Q3 2019 North America,Video,YouTube,Biddable,"551,240,339","537,925","$4,832,865.68 ",6380,22437524,Marvin,1005537 | Brand | BR | ESS01 | NA | US | 2019 | Helpfulness
87,,,,,,,YouTube,1006293 - Google Multi-App TRPR - NA - US - EN - 5/13-5/19,,,2019.0,Q2,2019-05-12 00:00:00 UTC,2019-05-17 00:00:00 UTC,,US,In-Flight Test,79731219.0,,,DEVICE,TABLET,,,,Brand Awareness,,,,,719.0,352.0,367.0,366.0,189.0,177.0,-5.61,-0.12,0.13241780300099698,No Lift,0.0,,,,,402767.97,,1006293,Multi App NA Q2-Q3 2019 North America,Video,YouTube,Biddable,"551,240,339","537,925","$4,832,865.68 ",6380,22437524,Marvin,1005537 | Brand | BR | ESS01 | NA | US | 2019 | Helpfulness
88,,,,,,,YouTube,1006293 - Google Multi-App TRPR - NA - US - EN - 5/13-5/19,,,2019.0,Q2,2019-05-12 00:00:00 UTC,2019-05-17 00:00:00 UTC,,US,In-Flight Test,79731219.0,,,DEVICE,MOBILE,,,,Brand Awareness,,,,,719.0,352.0,367.0,389.0,186.0,203.0,2.44,0.05,0.511873732285002,Significant Positive,0.0,,,,,402767.97,,1006293,Multi App NA Q2-Q3 2019 North America,Video,YouTube,Biddable,"551,240,339","537,925","$4,832,865.68 ",6380,22437524,Marvin,1005537 | Brand | BR | ESS01 | NA | US | 2019 | Helpfulness
89,,,,,,,YouTube,1006293 - Google Multi-App TRPR - NA - US - EN - 5/13-5/19,,,2019.0,Q2,2019-05-12 00:00:00 UTC,2019-05-17 00:00:00 UTC,,US,In-Flight Test,79731219.0,,,DEVICE,DESKTOP,,,,Brand Awareness,,,,,719.0,352.0,367.0,312.0,151.0,161.0,0.95,0.02,0.797927575089325,No Lift,0.0,,,,,402767.97,,1006293,Multi App NA Q2-Q3 2019 North America,Video,YouTube,Biddable,"551,240,339","537,925","$4,832,865.68 ",6380,22437524,Marvin,1005537 | Brand | BR | ESS01 | NA | US | 2019 | Helpfulness
90,,,,,,,YouTube,1006293 - Google Multi-App TRPR - NA - US - EN - 5/13-5/19,,,2019.0,Q2,2019-05-12 00:00:00 UTC,2019-05-17 00:00:00 UTC,,US,In-Flight Test,79731219.0,,,DEVICE,TABLET,,,,Purchase Intent,,,,,722.0,354.0,368.0,249.0,126.0,123.0,-2.01,-0.03,0.5682470314383989,No Lift,0.0,,,,,402767.97,,1006293,Multi App NA Q2-Q3 2019 North America,Video,YouTube,Biddable,"551,240,339","537,925","$4,832,865.68 ",6380,22437524,Marvin,1005537 | Brand | BR | ESS01 | NA | US | 2019 | Helpfulness
91,,,,,,,YouTube,1006293 - Google Multi-App TRPR - NA - US - EN - 5/13-5/19,,,2019.0,Q2,2019-05-12 00:00:00 UTC,2019-05-17 00:00:00 UTC,,US,In-Flight Test,79731219.0,,,DEVICE,MOBILE,,,,Purchase Intent,,,,,722.0,354.0,368.0,234.0,114.0,120.0,0.52,0.01,0.8851833352421621,No Lift,0.0,,,,,402767.97,,1006293,Multi App NA Q2-Q3 2019 North America,Video,YouTube,Biddable,"551,240,339","537,925","$4,832,865.68 ",6380,22437524,Marvin,1005537 | Brand | BR | ESS01 | NA | US | 2019 | Helpfulness
92,,,,,,,YouTube,1006293 - Google Multi-App TRPR - NA - US - EN - 5/13-5/19,,,2019.0,Q2,2019-05-12 00:00:00 UTC,2019-05-17 00:00:00 UTC,,US,In-Flight Test,79731219.0,,,DEVICE,DESKTOP,,,,Purchase Intent,,,,,722.0,354.0,368.0,185.0,92.0,93.0,-0.74,-0.01,0.8218513003149139,No Lift,0.0,,,,,402767.97,,1006293,Multi App NA Q2-Q3 2019 North America,Video,YouTube,Biddable,"551,240,339","537,925","$4,832,865.68 ",6380,22437524,Marvin,1005537 | Brand | BR | ESS01 | NA | US | 2019 | Helpfulness
93,,,,,,,YouTube,1006293 - Google Multi-App TRPR - NA - US - EN - 5/6-5/12 ,,,2019.0,Q2,2019-05-05 00:00:00 UTC,2019-05-10 00:00:00 UTC,,US,In-Flight Test,79691049.0,,,DEVICE,DESKTOP,,,,Ad Recall,,,,,717.0,352.0,365.0,145.0,71.0,74.0,0.2,0.0,0.944746688754481,No Lift,0.0,,,,,387028.22,,1006293,Multi App NA Q2-Q3 2019 North America,Video,YouTube,Biddable,"551,240,339","537,925","$4,832,865.68 ",6380,22437524,Marvin,1005537 | Brand | BR | ESS01 | NA | US | 2019 | Helpfulness
94,,,,,,,YouTube,1006293 - Google Multi-App TRPR - NA - US - EN - 5/6-5/12 ,,,2019.0,Q2,2019-05-05 00:00:00 UTC,2019-05-10 00:00:00 UTC,,US,In-Flight Test,79691049.0,,,DEVICE,TABLET,,,,Ad Recall,,,,,717.0,352.0,365.0,245.0,114.0,131.0,3.44,0.05,0.330737141257695,No Lift,0.0,,,,,387028.22,,1006293,Multi App NA Q2-Q3 2019 North America,Video,YouTube,Biddable,"551,240,339","537,925","$4,832,865.68 ",6380,22437524,Marvin,1005537 | Brand | BR | ESS01 | NA | US | 2019 | Helpfulness
95,,,,,,,YouTube,1006293 - Google Multi-App TRPR - NA - US - EN - 5/6-5/12 ,,,2019.0,Q2,2019-05-05 00:00:00 UTC,2019-05-10 00:00:00 UTC,,US,In-Flight Test,79691049.0,,,DEVICE,MOBILE,,,,Ad Recall,,,,,717.0,352.0,365.0,209.0,96.0,113.0,3.69,0.05,0.27672043411242997,Significant Positive,0.0,,,,,387028.22,,1006293,Multi App NA Q2-Q3 2019 North America,Video,YouTube,Biddable,"551,240,339","537,925","$4,832,865.68 ",6380,22437524,Marvin,1005537 | Brand | BR | ESS01 | NA | US | 2019 | Helpfulness
96,,,,,,,YouTube,1006293 - Google Multi-App TRPR - NA - US - EN - 5/6-5/12 ,,,2019.0,Q2,2019-05-05 00:00:00 UTC,2019-05-10 00:00:00 UTC,,US,In-Flight Test,79691049.0,,,DEVICE,MOBILE,,,,Brand Awareness,,,,,718.0,351.0,367.0,385.0,186.0,199.0,1.17,0.02,0.752682220214771,No Lift,0.0,,,,,387028.22,,1006293,Multi App NA Q2-Q3 2019 North America,Video,YouTube,Biddable,"551,240,339","537,925","$4,832,865.68 ",6380,22437524,Marvin,1005537 | Brand | BR | ESS01 | NA | US | 2019 | Helpfulness
97,,,,,,,YouTube,1006293 - Google Multi-App TRPR - NA - US - EN - 5/6-5/12 ,,,2019.0,Q2,2019-05-05 00:00:00 UTC,2019-05-10 00:00:00 UTC,,US,In-Flight Test,79691049.0,,,DEVICE,TABLET,,,,Brand Awareness,,,,,718.0,351.0,367.0,391.0,188.0,203.0,1.7,0.04,0.6473643011964479,No Lift,0.0,,,,,387028.22,,1006293,Multi App NA Q2-Q3 2019 North America,Video,YouTube,Biddable,"551,240,339","537,925","$4,832,865.68 ",6380,22437524,Marvin,1005537 | Brand | BR | ESS01 | NA | US | 2019 | Helpfulness
98,,,,,,,YouTube,1006293 - Google Multi-App TRPR - NA - US - EN - 5/6-5/12 ,,,2019.0,Q2,2019-05-05 00:00:00 UTC,2019-05-10 00:00:00 UTC,,US,In-Flight Test,79691049.0,,,DEVICE,DESKTOP,,,,Brand Awareness,,,,,718.0,351.0,367.0,327.0,165.0,162.0,-2.82,-0.05,0.447518337436455,No Lift,0.0,,,,,387028.22,,1006293,Multi App NA Q2-Q3 2019 North America,Video,YouTube,Biddable,"551,240,339","537,925","$4,832,865.68 ",6380,22437524,Marvin,1005537 | Brand | BR | ESS01 | NA | US | 2019 | Helpfulness
99,,,,,,,YouTube,1006293 - Google Multi-App TRPR - NA - US - EN - 5/6-5/12 ,,,2019.0,Q2,2019-05-05 00:00:00 UTC,2019-05-10 00:00:00 UTC,,US,In-Flight Test,79691049.0,,,DEVICE,DESKTOP,,,,Purchase Intent,,,,,715.0,355.0,360.0,188.0,89.0,99.0,0.53,0.01,0.4569573851218329,No Lift,0.0,,,,,387028.22,,1006293,Multi App NA Q2-Q3 2019 North America,Video,YouTube,Biddable,"551,240,339","537,925","$4,832,865.68 ",6380,22437524,Marvin,1005537 | Brand | BR | ESS01 | NA | US | 2019 | Helpfulness
100,,,,,,,YouTube,1006293 - Google Multi-App TRPR - NA - US - EN - 5/6-5/12 ,,,2019.0,Q2,2019-05-05 00:00:00 UTC,2019-05-10 00:00:00 UTC,,US,In-Flight Test,79691049.0,,,DEVICE,MOBILE,,,,Purchase Intent,,,,,715.0,355.0,360.0,241.0,119.0,122.0,0.27,0.0,0.93898580313498,No Lift,0.0,,,,,387028.22,,1006293,Multi App NA Q2-Q3 2019 North America,Video,YouTube,Biddable,"551,240,339","537,925","$4,832,865.68 ",6380,22437524,Marvin,1005537 | Brand | BR | ESS01 | NA | US | 2019 | Helpfulness
101,,,,,,,YouTube,1006293 - Google Multi-App TRPR - NA - US - EN - 5/6-5/12 ,,,2019.0,Q2,2019-05-05 00:00:00 UTC,2019-05-10 00:00:00 UTC,,US,In-Flight Test,79691049.0,,,DEVICE,TABLET,,,,Purchase Intent,,,,,715.0,355.0,360.0,255.0,128.0,127.0,-0.97,-0.02,0.786924311996925,No Lift,0.0,,,,,387028.22,,1006293,Multi App NA Q2-Q3 2019 North America,Video,YouTube,Biddable,"551,240,339","537,925","$4,832,865.68 ",6380,22437524,Marvin,1005537 | Brand | BR | ESS01 | NA | US | 2019 | Helpfulness
102,,,,,,,YouTube,1006172 - Nest - Q2 2019 - GP - US - en - Home Nest,,,2019.0,Q2,2019-05-14 00:00:00 UTC,2019-05-20 00:00:00 UTC,,US,In-Flight Test,86501252.0,,,DEVICE,DESKTOP,,,,Brand Awareness,,,,,739.0,375.0,364.0,429.0,208.0,221.0,5.03,0.11,0.165837862190604,Significant Positive,0.0,,,,,94323.0,,1006172,Google Home NA 2019 Q2 2019 United States - Google Nest Brand,Video,YouTube,Biddable,"612,789,357","728,930","$7,487,115.13 ",6708,22444142,,1006947 | Home | DR | NA | US | Q2-Q3 2019 | V1
103,,,,,,,YouTube,1006172 - Nest - Q2 2019 - GP - US - en - Home Nest,,,2019.0,Q2,2019-05-14 00:00:00 UTC,2019-05-20 00:00:00 UTC,,US,In-Flight Test,86501252.0,,,DEVICE,TABLET,,,,Brand Awareness,,,,,739.0,375.0,364.0,402.0,212.0,190.0,-4.24,-0.1,0.24751289868091603,Significant Negative,0.0,,,,,94323.0,,1006172,Google Home NA 2019 Q2 2019 United States - Google Nest Brand,Video,YouTube,Biddable,"612,789,357","728,930","$7,487,115.13 ",6708,22444142,,1006947 | Home | DR | NA | US | Q2-Q3 2019 | V1
104,,,,,,,YouTube,1006172 - Nest - Q2 2019 - GP - US - en - Home Nest,,,2019.0,Q2,2019-05-14 00:00:00 UTC,2019-05-20 00:00:00 UTC,,US,In-Flight Test,86501252.0,,,DEVICE,MOBILE,,,,Brand Awareness,,,,,739.0,375.0,364.0,400.0,219.0,181.0,-8.63,-0.21,0.0185784407553173,Significant Negative,0.0,,,,,94323.0,,1006172,Google Home NA 2019 Q2 2019 United States - Google Nest Brand,Video,YouTube,Biddable,"612,789,357","728,930","$7,487,115.13 ",6708,22444142,,1006947 | Home | DR | NA | US | Q2-Q3 2019 | V1
105,,,,,,,YouTube,1006172 - Nest - Q2 2019 - GP - US - en - Home Nest,,,2019.0,Q2,2019-05-14 00:00:00 UTC,2019-05-20 00:00:00 UTC,,US,In-Flight Test,86501252.0,,,DEVICE,MOBILE,,,,Consideration,,,,,736.0,377.0,359.0,208.0,114.0,94.0,-4.19,-0.06,0.206697937864362,Significant Negative,0.0,,,,,94323.0,,1006172,Google Home NA 2019 Q2 2019 United States - Google Nest Brand,Video,YouTube,Biddable,"612,789,357","728,930","$7,487,115.13 ",6708,22444142,,1006947 | Home | DR | NA | US | Q2-Q3 2019 | V1
106,,,,,,,YouTube,1006172 - Nest - Q2 2019 - GP - US - en - Home Nest,,,2019.0,Q2,2019-05-14 00:00:00 UTC,2019-05-20 00:00:00 UTC,,US,In-Flight Test,86501252.0,,,DEVICE,DESKTOP,,,,Consideration,,,,,736.0,377.0,359.0,211.0,116.0,95.0,-4.41,-0.06,0.18583809882411498,Significant Negative,0.0,,,,,94323.0,,1006172,Google Home NA 2019 Q2 2019 United States - Google Nest Brand,Video,YouTube,Biddable,"612,789,357","728,930","$7,487,115.13 ",6708,22444142,,1006947 | Home | DR | NA | US | Q2-Q3 2019 | V1
107,,,,,,,YouTube,1006172 - Nest - Q2 2019 - GP - US - en - Home Nest,,,2019.0,Q2,2019-05-14 00:00:00 UTC,2019-05-20 00:00:00 UTC,,US,In-Flight Test,86501252.0,,,DEVICE,TABLET,,,,Consideration,,,,,736.0,377.0,359.0,211.0,116.0,95.0,-4.31,-0.06,0.19522419185979697,Significant Negative,0.0,,,,,94323.0,,1006172,Google Home NA 2019 Q2 2019 United States - Google Nest Brand,Video,YouTube,Biddable,"612,789,357","728,930","$7,487,115.13 ",6708,22444142,,1006947 | Home | DR | NA | US | Q2-Q3 2019 | V1
108,,,,,,,YouTube,1006172 - Nest - Q2 2019 - GP - US - en - Home Nest,,,2019.0,Q2,2019-05-14 00:00:00 UTC,2019-05-20 00:00:00 UTC,,US,In-Flight Test,86501252.0,,,DEVICE,DESKTOP,,,,Purchase Intent,,,,,735.0,374.0,361.0,113.0,55.0,58.0,1.25,0.01,0.6368376045105529,No Lift,0.0,,,,,94323.0,,1006172,Google Home NA 2019 Q2 2019 United States - Google Nest Brand,Video,YouTube,Biddable,"612,789,357","728,930","$7,487,115.13 ",6708,22444142,,1006947 | Home | DR | NA | US | Q2-Q3 2019 | V1
109,,,,,,,YouTube,1006172 - Nest - Q2 2019 - GP - US - en - Home Nest,,,2019.0,Q2,2019-05-14 00:00:00 UTC,2019-05-20 00:00:00 UTC,,US,In-Flight Test,86501252.0,,,DEVICE,TABLET,,,,Purchase Intent,,,,,735.0,374.0,361.0,129.0,64.0,65.0,0.91,0.01,0.7447509189188571,No Lift,0.0,,,,,94323.0,,1006172,Google Home NA 2019 Q2 2019 United States - Google Nest Brand,Video,YouTube,Biddable,"612,789,357","728,930","$7,487,115.13 ",6708,22444142,,1006947 | Home | DR | NA | US | Q2-Q3 2019 | V1
110,,,,,,,YouTube,1006172 - Nest - Q2 2019 - GP - US - en - Home Nest,,,2019.0,Q2,2019-05-14 00:00:00 UTC,2019-05-20 00:00:00 UTC,,US,In-Flight Test,86501252.0,,,DEVICE,MOBILE,,,,Purchase Intent,,,,,735.0,374.0,361.0,128.0,63.0,65.0,1.14,0.01,0.686181734606697,No Lift,0.0,,,,,94323.0,,1006172,Google Home NA 2019 Q2 2019 United States - Google Nest Brand,Video,YouTube,Biddable,"612,789,357","728,930","$7,487,115.13 ",6708,22444142,,1006947 | Home | DR | NA | US | Q2-Q3 2019 | V1
111,,,,,,,YouTube,1006903 - Google Marketing - Q2 2019 - GP - US - Stadia,,,2019.0,Q2,2019-06-05 00:00:00 UTC,2019-06-08 00:00:00 UTC,,US,In-Flight Test,90765887.0,,,DEVICE,TABLET,,,,Brand Awareness,,,,,734.0,365.0,369.0,101.0,48.0,53.0,1.18,0.01,0.640487717026937,No Lift,0.0,,,,,346175.34,,1006903,Google Stadia NA 2019 Q2 2019 North America - Brand,Video,YouTube,Biddable,"519,693,764","371,263","$5,732,481.84 ",6802,22783112,Thomas,1006903 | Stadia | Brand + DR | ESS01 | Global | | FY 2019 | Stadia - NA - Launch Year
112,,,,,,,YouTube,1006903 - Google Marketing - Q2 2019 - GP - US - Stadia,,,2019.0,Q2,2019-06-05 00:00:00 UTC,2019-06-08 00:00:00 UTC,,US,In-Flight Test,90765887.0,,,DEVICE,DESKTOP,,,,Brand Awareness,,,,,734.0,365.0,369.0,128.0,59.0,69.0,2.49,0.03,0.37459445559042404,Significant Positive,0.0,,,,,346175.34,,1006903,Google Stadia NA 2019 Q2 2019 North America - Brand,Video,YouTube,Biddable,"519,693,764","371,263","$5,732,481.84 ",6802,22783112,Thomas,1006903 | Stadia | Brand + DR | ESS01 | Global | | FY 2019 | Stadia - NA - Launch Year
113,,,,,,,YouTube,1006903 - Google Marketing - Q2 2019 - GP - US - Stadia,,,2019.0,Q2,2019-06-05 00:00:00 UTC,2019-06-08 00:00:00 UTC,,US,In-Flight Test,90765887.0,,,DEVICE,SMART_TV,,,,Brand Awareness,,,,,734.0,365.0,369.0,134.0,56.0,78.0,5.7,0.07,0.0456720870661332,Significant Positive,0.0,,,,,346175.34,,1006903,Google Stadia NA 2019 Q2 2019 North America - Brand,Video,YouTube,Biddable,"519,693,764","371,263","$5,732,481.84 ",6802,22783112,Thomas,1006903 | Stadia | Brand + DR | ESS01 | Global | | FY 2019 | Stadia - NA - Launch Year
114,,,,,,,YouTube,1006903 - Google Marketing - Q2 2019 - GP - US - Stadia,,,2019.0,Q2,2019-06-05 00:00:00 UTC,2019-06-08 00:00:00 UTC,,US,In-Flight Test,90765887.0,,,DEVICE,MOBILE,,,,Brand Awareness,,,,,734.0,365.0,369.0,114.0,53.0,61.0,1.99,0.02,0.458307566424952,Significant Positive,0.0,,,,,346175.34,,1006903,Google Stadia NA 2019 Q2 2019 North America - Brand,Video,YouTube,Biddable,"519,693,764","371,263","$5,732,481.84 ",6802,22783112,Thomas,1006903 | Stadia | Brand + DR | ESS01 | Global | | FY 2019 | Stadia - NA - Launch Year
115,,,,,,,YouTube,1006903 - Google Marketing - Q2 2019 - GP - US - Stadia,,,2019.0,Q2,2019-06-05 00:00:00 UTC,2019-06-08 00:00:00 UTC,,US,In-Flight Test,90765887.0,,,DEVICE,SMART_TV,,,,Consideration,,,,,718.0,350.0,368.0,49.0,21.0,28.0,1.41,0.01,0.45494429523498797,No Lift,0.0,,,,,346175.34,,1006903,Google Stadia NA 2019 Q2 2019 North America - Brand,Video,YouTube,Biddable,"519,693,764","371,263","$5,732,481.84 ",6802,22783112,Thomas,1006903 | Stadia | Brand + DR | ESS01 | Global | | FY 2019 | Stadia - NA - Launch Year
116,,,,,,,YouTube,1006903 - Google Marketing - Q2 2019 - GP - US - Stadia,,,2019.0,Q2,2019-06-05 00:00:00 UTC,2019-06-08 00:00:00 UTC,,US,In-Flight Test,90765887.0,,,DEVICE,MOBILE,,,,Consideration,,,,,718.0,350.0,368.0,60.0,27.0,33.0,1.23,0.01,0.554094842203348,Significant Positive,0.0,,,,,346175.34,,1006903,Google Stadia NA 2019 Q2 2019 North America - Brand,Video,YouTube,Biddable,"519,693,764","371,263","$5,732,481.84 ",6802,22783112,Thomas,1006903 | Stadia | Brand + DR | ESS01 | Global | | FY 2019 | Stadia - NA - Launch Year
117,,,,,,,YouTube,1006903 - Google Marketing - Q2 2019 - GP - US - Stadia,,,2019.0,Q2,2019-06-05 00:00:00 UTC,2019-06-08 00:00:00 UTC,,US,In-Flight Test,90765887.0,,,DEVICE,TABLET,,,,Consideration,,,,,718.0,350.0,368.0,74.0,42.0,32.0,-3.31,-0.04,0.14611185720722197,Significant Negative,0.0,,,,,346175.34,,1006903,Google Stadia NA 2019 Q2 2019 North America - Brand,Video,YouTube,Biddable,"519,693,764","371,263","$5,732,481.84 ",6802,22783112,Thomas,1006903 | Stadia | Brand + DR | ESS01 | Global | | FY 2019 | Stadia - NA - Launch Year
118,,,,,,,YouTube,1006903 - Google Marketing - Q2 2019 - GP - US - Stadia,,,2019.0,Q2,2019-06-05 00:00:00 UTC,2019-06-08 00:00:00 UTC,,US,In-Flight Test,90765887.0,,,DEVICE,DESKTOP,,,,Consideration,,,,,718.0,350.0,368.0,59.0,25.0,34.0,2.09,0.02,0.310772279127562,Significant Positive,0.0,,,,,346175.34,,1006903,Google Stadia NA 2019 Q2 2019 North America - Brand,Video,YouTube,Biddable,"519,693,764","371,263","$5,732,481.84 ",6802,22783112,Thomas,1006903 | Stadia | Brand + DR | ESS01 | Global | | FY 2019 | Stadia - NA - Launch Year
119,,,,,,,YouTube,1006903 - Google Marketing - Q2 2019 - GP - US - Stadia,,,2019.0,Q2,2019-06-05 00:00:00 UTC,2019-06-08 00:00:00 UTC,,US,In-Flight Test,90765887.0,,,DEVICE,MOBILE,,,,Purchase Intent,,,,,729.0,358.0,371.0,42.0,19.0,23.0,0.93,0.01,0.5934107459424329,Significant Positive,0.0,,,,,346175.34,,1006903,Google Stadia NA 2019 Q2 2019 North America - Brand,Video,YouTube,Biddable,"519,693,764","371,263","$5,732,481.84 ",6802,22783112,Thomas,1006903 | Stadia | Brand + DR | ESS01 | Global | | FY 2019 | Stadia - NA - Launch Year
120,,,,,,,YouTube,1006903 - Google Marketing - Q2 2019 - GP - US - Stadia,,,2019.0,Q2,2019-06-05 00:00:00 UTC,2019-06-08 00:00:00 UTC,,US,In-Flight Test,90765887.0,,,DEVICE,DESKTOP,,,,Purchase Intent,,,,,729.0,358.0,371.0,34.0,16.0,18.0,0.41,0.0,0.7927857496823929,No Lift,0.0,,,,,346175.34,,1006903,Google Stadia NA 2019 Q2 2019 North America - Brand,Video,YouTube,Biddable,"519,693,764","371,263","$5,732,481.84 ",6802,22783112,Thomas,1006903 | Stadia | Brand + DR | ESS01 | Global | | FY 2019 | Stadia - NA - Launch Year
121,,,,,,,YouTube,1006903 - Google Marketing - Q2 2019 - GP - US - Stadia,,,2019.0,Q2,2019-06-05 00:00:00 UTC,2019-06-08 00:00:00 UTC,,US,In-Flight Test,90765887.0,,,DEVICE,TABLET,,,,Purchase Intent,,,,,729.0,358.0,371.0,68.0,28.0,40.0,2.78,0.03,0.19775758109424,Significant Positive,0.0,,,,,346175.34,,1006903,Google Stadia NA 2019 Q2 2019 North America - Brand,Video,YouTube,Biddable,"519,693,764","371,263","$5,732,481.84 ",6802,22783112,Thomas,1006903 | Stadia | Brand + DR | ESS01 | Global | | FY 2019 | Stadia - NA - Launch Year
122,,,,,,,YouTube,1006903 - Google Marketing - Q2 2019 - GP - US - Stadia,,,2019.0,Q2,2019-06-05 00:00:00 UTC,2019-06-08 00:00:00 UTC,,US,In-Flight Test,90765887.0,,,DEVICE,SMART_TV,,,,Purchase Intent,,,,,729.0,358.0,371.0,41.0,21.0,20.0,-0.42,0.0,0.807137600939733,No Lift,0.0,,,,,346175.34,,1006903,Google Stadia NA 2019 Q2 2019 North America - Brand,Video,YouTube,Biddable,"519,693,764","371,263","$5,732,481.84 ",6802,22783112,Thomas,1006903 | Stadia | Brand + DR | ESS01 | Global | | FY 2019 | Stadia - NA - Launch Year
123,,,,,,,YouTube,1006903 - Google Marketing - Q2 2019 - GP - CA - Stadia - Direct,,,2019.0,Q2,2019-06-06 00:00:00 UTC,2019-06-14 00:00:00 UTC,,CA,In-Flight Test,43244888.0,,,DEVICE,MOBILE,,,,Brand Awareness,,,,,641.0,341.0,300.0,103.0,51.0,52.0,2.34,0.03,0.41958470612053606,Significant Positive,0.0,,,,,142108.89,,1006903,Google Stadia NA 2019 Q2 2019 North America - Brand,Video,YouTube,Biddable,"519,693,764","371,263","$5,732,481.84 ",6802,22783112,Thomas,1006903 | Stadia | Brand + DR | ESS01 | Global | | FY 2019 | Stadia - NA - Launch Year
124,,,,,,,YouTube,1006903 - Google Marketing - Q2 2019 - GP - CA - Stadia - Direct,,,2019.0,Q2,2019-06-06 00:00:00 UTC,2019-06-14 00:00:00 UTC,,CA,In-Flight Test,43244888.0,,,DEVICE,SMART_TV,,,,Brand Awareness,,,,,641.0,341.0,300.0,153.0,71.0,82.0,6.39,0.08,0.0582174530774398,Significant Positive,0.0,,,,,142108.89,,1006903,Google Stadia NA 2019 Q2 2019 North America - Brand,Video,YouTube,Biddable,"519,693,764","371,263","$5,732,481.84 ",6802,22783112,Thomas,1006903 | Stadia | Brand + DR | ESS01 | Global | | FY 2019 | Stadia - NA - Launch Year
125,,,,,,,YouTube,1006903 - Google Marketing - Q2 2019 - GP - CA - Stadia - Direct,,,2019.0,Q2,2019-06-06 00:00:00 UTC,2019-06-14 00:00:00 UTC,,CA,In-Flight Test,43244888.0,,,DEVICE,DESKTOP,,,,Brand Awareness,,,,,641.0,341.0,300.0,87.0,44.0,43.0,1.3,0.01,0.629635069305636,No Lift,0.0,,,,,142108.89,,1006903,Google Stadia NA 2019 Q2 2019 North America - Brand,Video,YouTube,Biddable,"519,693,764","371,263","$5,732,481.84 ",6802,22783112,Thomas,1006903 | Stadia | Brand + DR | ESS01 | Global | | FY 2019 | Stadia - NA - Launch Year
126,,,,,,,YouTube,1006903 - Google Marketing - Q2 2019 - GP - CA - Stadia - Direct,,,2019.0,Q2,2019-06-06 00:00:00 UTC,2019-06-14 00:00:00 UTC,,CA,In-Flight Test,43244888.0,,,DEVICE,TABLET,,,,Brand Awareness,,,,,641.0,341.0,300.0,85.0,45.0,40.0,0.09,0.0,0.972266194003077,No Lift,0.0,,,,,142108.89,,1006903,Google Stadia NA 2019 Q2 2019 North America - Brand,Video,YouTube,Biddable,"519,693,764","371,263","$5,732,481.84 ",6802,22783112,Thomas,1006903 | Stadia | Brand + DR | ESS01 | Global | | FY 2019 | Stadia - NA - Launch Year
127,,,,,,,YouTube,1006903 - Google Marketing - Q2 2019 - GP - CA - Stadia - Direct,,,2019.0,Q2,2019-06-06 00:00:00 UTC,2019-06-14 00:00:00 UTC,,CA,In-Flight Test,43244888.0,,,DEVICE,SMART_TV,,,,Consideration,,,,,713.0,346.0,367.0,79.0,37.0,42.0,0.77,0.01,0.742774229798058,No Lift,0.0,,,,,142108.89,,1006903,Google Stadia NA 2019 Q2 2019 North America - Brand,Video,YouTube,Biddable,"519,693,764","371,263","$5,732,481.84 ",6802,22783112,Thomas,1006903 | Stadia | Brand + DR | ESS01 | Global | | FY 2019 | Stadia - NA - Launch Year
128,,,,,,,YouTube,1006903 - Google Marketing - Q2 2019 - GP - CA - Stadia - Direct,,,2019.0,Q2,2019-06-06 00:00:00 UTC,2019-06-14 00:00:00 UTC,,CA,In-Flight Test,43244888.0,,,DEVICE,DESKTOP,,,,Consideration,,,,,713.0,346.0,367.0,47.0,18.0,29.0,2.7,0.03,0.14975305351561902,Significant Positive,0.0,,,,,142108.89,,1006903,Google Stadia NA 2019 Q2 2019 North America - Brand,Video,YouTube,Biddable,"519,693,764","371,263","$5,732,481.84 ",6802,22783112,Thomas,1006903 | Stadia | Brand + DR | ESS01 | Global | | FY 2019 | Stadia - NA - Launch Year
129,,,,,,,YouTube,1006903 - Google Marketing - Q2 2019 - GP - CA - Stadia - Direct,,,2019.0,Q2,2019-06-06 00:00:00 UTC,2019-06-14 00:00:00 UTC,,CA,In-Flight Test,43244888.0,,,DEVICE,MOBILE,,,,Consideration,,,,,713.0,346.0,367.0,60.0,28.0,32.0,0.76,0.01,0.7135352090270609,No Lift,0.0,,,,,142108.89,,1006903,Google Stadia NA 2019 Q2 2019 North America - Brand,Video,YouTube,Biddable,"519,693,764","371,263","$5,732,481.84 ",6802,22783112,Thomas,1006903 | Stadia | Brand + DR | ESS01 | Global | | FY 2019 | Stadia - NA - Launch Year
130,,,,,,,YouTube,1006903 - Google Marketing - Q2 2019 - GP - CA - Stadia - Direct,,,2019.0,Q2,2019-06-06 00:00:00 UTC,2019-06-14 00:00:00 UTC,,CA,In-Flight Test,43244888.0,,,DEVICE,TABLET,,,,Consideration,,,,,713.0,346.0,367.0,56.0,28.0,28.0,-0.41,0.0,0.8408736296379671,No Lift,0.0,,,,,142108.89,,1006903,Google Stadia NA 2019 Q2 2019 North America - Brand,Video,YouTube,Biddable,"519,693,764","371,263","$5,732,481.84 ",6802,22783112,Thomas,1006903 | Stadia | Brand + DR | ESS01 | Global | | FY 2019 | Stadia - NA - Launch Year
131,,,,,,,YouTube,1006903 - Google Marketing - Q2 2019 - GP - CA - Stadia - Direct,,,2019.0,Q2,2019-06-06 00:00:00 UTC,2019-06-14 00:00:00 UTC,,CA,In-Flight Test,43244888.0,,,DEVICE,DESKTOP,,,,Purchase Intent,,,,,712.0,342.0,370.0,31.0,14.0,17.0,0.57,0.01,0.7135065612414241,No Lift,0.0,,,,,142108.89,,1006903,Google Stadia NA 2019 Q2 2019 North America - Brand,Video,YouTube,Biddable,"519,693,764","371,263","$5,732,481.84 ",6802,22783112,Thomas,1006903 | Stadia | Brand + DR | ESS01 | Global | | FY 2019 | Stadia - NA - Launch Year
132,,,,,,,YouTube,1006903 - Google Marketing - Q2 2019 - GP - CA - Stadia - Direct,,,2019.0,Q2,2019-06-06 00:00:00 UTC,2019-06-14 00:00:00 UTC,,CA,In-Flight Test,43244888.0,,,DEVICE,SMART_TV,,,,Purchase Intent,,,,,712.0,342.0,370.0,42.0,16.0,26.0,2.15,0.02,0.223577823570625,Significant Positive,0.0,,,,,142108.89,,1006903,Google Stadia NA 2019 Q2 2019 North America - Brand,Video,YouTube,Biddable,"519,693,764","371,263","$5,732,481.84 ",6802,22783112,Thomas,1006903 | Stadia | Brand + DR | ESS01 | Global | | FY 2019 | Stadia - NA - Launch Year
133,,,,,,,YouTube,1006903 - Google Marketing - Q2 2019 - GP - CA - Stadia - Direct,,,2019.0,Q2,2019-06-06 00:00:00 UTC,2019-06-14 00:00:00 UTC,,CA,In-Flight Test,43244888.0,,,DEVICE,TABLET,,,,Purchase Intent,,,,,712.0,342.0,370.0,54.0,29.0,25.0,-1.63,-0.02,0.409728863388519,No Lift,0.0,,,,,142108.89,,1006903,Google Stadia NA 2019 Q2 2019 North America - Brand,Video,YouTube,Biddable,"519,693,764","371,263","$5,732,481.84 ",6802,22783112,Thomas,1006903 | Stadia | Brand + DR | ESS01 | Global | | FY 2019 | Stadia - NA - Launch Year
134,,,,,,,YouTube,1006903 - Google Marketing - Q2 2019 - GP - CA - Stadia - Direct,,,2019.0,Q2,2019-06-06 00:00:00 UTC,2019-06-14 00:00:00 UTC,,CA,In-Flight Test,43244888.0,,,DEVICE,MOBILE,,,,Purchase Intent,,,,,712.0,342.0,370.0,53.0,24.0,29.0,0.82,0.01,0.6761451609968909,No Lift,0.0,,,,,142108.89,,1006903,Google Stadia NA 2019 Q2 2019 North America - Brand,Video,YouTube,Biddable,"519,693,764","371,263","$5,732,481.84 ",6802,22783112,Thomas,1006903 | Stadia | Brand + DR | ESS01 | Global | | FY 2019 | Stadia - NA - Launch Year
135,,,,,,,YouTube,,,,,Q1,,,,,,,,,,,,,,,,,,,,,,,,,,,,,,,,,,,,1005537,Google Helpfulness NA 2019 Q1-Q3 North America,Video,YouTube,Biddable,"10,142,504","4,114","$135,077.66 ",6327,22437524,Jeff,1005537 | Brand | BR | ESS01 | NA | US | 2019 | Helpfulness
136,,,,,,,YouTube,,,,,Q2,,,,,,,,,,,,,,,,,,,,,,,,,,,,,,,,,,,,1005537,Google Helpfulness NA 2019 Q1-Q3 North America,Video,YouTube,Biddable,"118,553,251","45,996","$1,361,612.29 ",6327,22437524,Jeff,1005537 | Brand | BR | ESS01 | NA | US | 2019 | Helpfulness
137,,,,,,,YouTube,,,,,Q1,,,,,,,,,,,,,,,,,,,,,,,,,,,,,,,,,,,,1006296,Project Fi NA Q1 2019 United States - Brand,Video,YouTube,Biddable,"353,595,810","295,466","$2,644,193.33 ",6130,22290676,Marvin,1006296 + 1004502 | Google Fi | Brand + DR | ESS01 | NA | United States | Q1 2019 | Re-Brand
