,plan_id,plan_name,campaign_id,campaign,Include,MeasurementStartDate,CostUSD,Impressions,Views,format,country_code,is_sp,question_text,preferred_option,exposed_responses,control_responses,expose_positive_rate,control_positive_rate,CPM,Metric,Absolute_Lift,LiftedUsers,CostPerLiftedUserUSD,month,year
1089,6684,Google Pay Q1 2019 Onwards (Google Wallet - F07) Q2-Q3 2019 India,2075497669,1006637 | G Pay | BR | ESS01 | APAC | IN | en | AND Phone | TrV Stream | RMKT ~ 30s_25-54_Trains_Cell2_Gpay_3week,1.0,2019-07-26,"$139,165.38 ","57,697,490","10,269,404",VIDEO_TRUE_VIEW_IN_STREAM,US,False,,,11793.05595,11941.014290000001,0.547612815,0.546261358,2.41,AWARENESS,0.0014,65906.0,2.1116,7,2019
1090,6684,Google Pay Q1 2019 Onwards (Google Wallet - F07) Q2-Q3 2019 India,2075497669,1006637 | G Pay | BR | ESS01 | APAC | IN | en | AND Phone | TrV Stream | RMKT ~ 30s_25-54_Trains_Cell2_Gpay_3week,1.0,2019-07-26,"$139,165.38 ","57,697,490","10,269,404",VIDEO_TRUE_VIEW_IN_STREAM,US,False,,,11412.985709999999,11447.89802,0.392476386,0.39044701600000004,2.41,PURCHASE_INTENT,0.002,93391.0,1.4901,7,2019
1091,6684,Google Pay Q1 2019 Onwards (Google Wallet - F07) Q2-Q3 2019 India,2075497669,1006637 | G Pay | BR | ESS01 | APAC | IN | en | AND Phone | TrV Stream | RMKT ~ 30s_25-54_Trains_Cell2_Gpay_3week,1.0,2019-07-26,"$139,165.38 ","57,697,490","10,269,404",VIDEO_TRUE_VIEW_IN_STREAM,US,True,,,10813.84167,10877.922620000001,0.383223133,0.360310065,2.41,RECALL,0.0229,1071549.0,0.1299,7,2019
1092,6684,Google Pay Q1 2019 Onwards (Google Wallet - F07) Q2-Q3 2019 India,2075497669,1006637 | G Pay | BR | ESS01 | APAC | IN | en | AND Phone | TrV Stream | RMKT ~ 30s_25-54_Trains_Cell2_Gpay_3week,1.0,2019-07-26,"$139,165.38 ","57,697,490","10,269,404",VIDEO_TRUE_VIEW_IN_STREAM,US,False,,,12725.407940000001,13027.21508,0.474175743,0.48051000200000005,2.41,FAVORABILITY,-0.0063,,,7,2019
1093,6684,Google Pay Q1 2019 Onwards (Google Wallet - F07) Q2-Q3 2019 India,2075497669,1006637 | G Pay | BR | ESS01 | APAC | IN | en | AND Phone | TrV Stream | RMKT ~ 30s_25-54_Trains_Cell2_Gpay_3week,1.0,2019-07-26,"$139,165.38 ","57,697,490","10,269,404",VIDEO_TRUE_VIEW_IN_STREAM,US,False,,,11388.25397,11760.71667,0.451239581,0.448015093,2.41,CONSIDERATION,0.0032,149707.0,0.9296,7,2019
1104,6684,Google Pay Q1 2019 Onwards (Google Wallet - F07) Q2-Q3 2019 India,2017231381,1006637 | G Pay | BR | ESS01 | APAC | IN | en | AND Phone | TrV Stream | RMKT ~ CricketGame_Gpayusers_Q2_2019,1.0,2019-06-24,"$75,923.30 ","32,930,833","8,082,404",VIDEO_TRUE_VIEW_IN_STREAM,US,False,,,12886.80754,12644.429759999999,0.35551566100000004,0.35110058299999997,2.31,RECALL,0.0044,123642.0,0.6141,6,2019
1105,6684,Google Pay Q1 2019 Onwards (Google Wallet - F07) Q2-Q3 2019 India,2017231381,1006637 | G Pay | BR | ESS01 | APAC | IN | en | AND Phone | TrV Stream | RMKT ~ CricketGame_Gpayusers_Q2_2019,1.0,2019-06-24,"$75,923.30 ","32,930,833","8,082,404",VIDEO_TRUE_VIEW_IN_STREAM,US,False,,,14302.9746,14243.23095,0.544737225,0.549758808,2.31,AWARENESS,-0.005,,,6,2019
1106,6684,Google Pay Q1 2019 Onwards (Google Wallet - F07) Q2-Q3 2019 India,2017231381,1006637 | G Pay | BR | ESS01 | APAC | IN | en | AND Phone | TrV Stream | RMKT ~ CricketGame_Gpayusers_Q2_2019,1.0,2019-06-24,"$75,923.30 ","32,930,833","8,082,404",VIDEO_TRUE_VIEW_IN_STREAM,US,False,,,15560.69683,15562.86786,0.486948395,0.48489043200000004,2.31,FAVORABILITY,0.0021,59358.0,1.2791,6,2019
1107,6684,Google Pay Q1 2019 Onwards (Google Wallet - F07) Q2-Q3 2019 India,2017231381,1006637 | G Pay | BR | ESS01 | APAC | IN | en | AND Phone | TrV Stream | RMKT ~ CricketGame_Gpayusers_Q2_2019,1.0,2019-06-24,"$75,923.30 ","32,930,833","8,082,404",VIDEO_TRUE_VIEW_IN_STREAM,US,False,,,13327.24762,13283.82262,0.389490215,0.388170144,2.31,PURCHASE_INTENT,0.0013,36407.0,2.0854,6,2019
1108,6684,Google Pay Q1 2019 Onwards (Google Wallet - F07) Q2-Q3 2019 India,2074594754,1006637 | G Pay | BR | ESS01 | APAC | IN | en | AND Phone | TrV Stream | MT ~ 30s_25-54_Recharge_Cell1_NonGpay_3week,1.0,2019-07-25,"$148,575.34 ","69,021,406","13,053,768",VIDEO_TRUE_VIEW_IN_STREAM,US,False,,,18408.99325,19008.38452,0.305144529,0.314400606,2.15,PURCHASE_INTENT,-0.0093,,,7,2019
1109,6684,Google Pay Q1 2019 Onwards (Google Wallet - F07) Q2-Q3 2019 India,2074594754,1006637 | G Pay | BR | ESS01 | APAC | IN | en | AND Phone | TrV Stream | MT ~ 30s_25-54_Recharge_Cell1_NonGpay_3week,1.0,2019-07-25,"$148,575.34 ","69,021,406","13,053,768",VIDEO_TRUE_VIEW_IN_STREAM,US,True,,,18558.638890000002,18855.2246,0.327678121,0.317652515,2.15,RECALL,0.01,534238.0,0.2781,7,2019
1110,6684,Google Pay Q1 2019 Onwards (Google Wallet - F07) Q2-Q3 2019 India,2074594754,1006637 | G Pay | BR | ESS01 | APAC | IN | en | AND Phone | TrV Stream | MT ~ 30s_25-54_Recharge_Cell1_NonGpay_3week,1.0,2019-07-25,"$148,575.34 ","69,021,406","13,053,768",VIDEO_TRUE_VIEW_IN_STREAM,US,False,,,18672.59841,19056.01865,0.312496998,0.322066684,2.15,CONSIDERATION,-0.0096,,,7,2019
1111,6684,Google Pay Q1 2019 Onwards (Google Wallet - F07) Q2-Q3 2019 India,2074594754,1006637 | G Pay | BR | ESS01 | APAC | IN | en | AND Phone | TrV Stream | MT ~ 30s_25-54_Recharge_Cell1_NonGpay_3week,1.0,2019-07-25,"$148,575.34 ","69,021,406","13,053,768",VIDEO_TRUE_VIEW_IN_STREAM,US,False,,,18998.290869999997,19355.51468,0.322715746,0.322266631,2.15,FAVORABILITY,0.0004,21421.0,6.936,7,2019
1112,6684,Google Pay Q1 2019 Onwards (Google Wallet - F07) Q2-Q3 2019 India,2074594754,1006637 | G Pay | BR | ESS01 | APAC | IN | en | AND Phone | TrV Stream | MT ~ 30s_25-54_Recharge_Cell1_NonGpay_3week,1.0,2019-07-25,"$148,575.34 ","69,021,406","13,053,768",VIDEO_TRUE_VIEW_IN_STREAM,US,False,,,18352.9004,18546.1131,0.375223617,0.37914715200000004,2.15,AWARENESS,-0.0039,,,7,2019
1113,6684,Google Pay Q1 2019 Onwards (Google Wallet - F07) Q2-Q3 2019 India,2017688106,1006637 | G Pay | BR | ESS01 | APAC | IN | en | AND Phone | TrV Stream | RMKT ~ DTH_Gpayusers_Q2_2019,1.0,2019-06-24,"$51,516.41 ","24,776,929","9,835,568",VIDEO_TRUE_VIEW_IN_STREAM,US,True,,,5099.373016,5196.95,0.389623063,0.377161925,2.08,RECALL,0.0125,234636.0,0.2196,6,2019
1114,6684,Google Pay Q1 2019 Onwards (Google Wallet - F07) Q2-Q3 2019 India,2017688106,1006637 | G Pay | BR | ESS01 | APAC | IN | en | AND Phone | TrV Stream | RMKT ~ DTH_Gpayusers_Q2_2019,1.0,2019-06-24,"$51,516.41 ","24,776,929","9,835,568",VIDEO_TRUE_VIEW_IN_STREAM,US,False,,,6499.863889,6389.210714,0.543047391,0.5451988720000001,2.08,FAVORABILITY,-0.0022,,,6,2019
1115,6684,Google Pay Q1 2019 Onwards (Google Wallet - F07) Q2-Q3 2019 India,2017688106,1006637 | G Pay | BR | ESS01 | APAC | IN | en | AND Phone | TrV Stream | RMKT ~ DTH_Gpayusers_Q2_2019,1.0,2019-06-24,"$51,516.41 ","24,776,929","9,835,568",VIDEO_TRUE_VIEW_IN_STREAM,US,True,,,5742.38254,6034.263095,0.6285572660000001,0.615075696,2.08,AWARENESS,0.0135,259738.0,0.1983,6,2019
1116,6684,Google Pay Q1 2019 Onwards (Google Wallet - F07) Q2-Q3 2019 India,2017688106,1006637 | G Pay | BR | ESS01 | APAC | IN | en | AND Phone | TrV Stream | RMKT ~ DTH_Gpayusers_Q2_2019,1.0,2019-06-24,"$51,516.41 ","24,776,929","9,835,568",VIDEO_TRUE_VIEW_IN_STREAM,US,False,,,5410.706349,5519.391667,0.414306878,0.414299885,2.08,PURCHASE_INTENT,0.0,,,6,2019
1117,6684,Google Pay Q1 2019 Onwards (Google Wallet - F07) Q2-Q3 2019 India,2043196773,1006637 | G Pay | BR | ESS01 | APAC | IN | en | AND Phone | TrV Stream | RMKT ~ DTH_Gpayusers_Q2_2019_Part2,1.0,2019-06-24,$553.48 ,"246,634","93,911",VIDEO_TRUE_VIEW_IN_STREAM,US,False,,,169.7357143,168.3833333,0.37705676899999996,0.344452143,2.24,PURCHASE_INTENT,0.0326,6561.0,0.0844,6,2019
1118,6684,Google Pay Q1 2019 Onwards (Google Wallet - F07) Q2-Q3 2019 India,2043196773,1006637 | G Pay | BR | ESS01 | APAC | IN | en | AND Phone | TrV Stream | RMKT ~ DTH_Gpayusers_Q2_2019_Part2,1.0,2019-06-24,$553.48 ,"246,634","93,911",VIDEO_TRUE_VIEW_IN_STREAM,US,False,,,160.18452380000002,161.9761905,0.37248708700000005,0.326899897,2.24,RECALL,0.0456,8918.0,0.0621,6,2019
1119,6684,Google Pay Q1 2019 Onwards (Google Wallet - F07) Q2-Q3 2019 India,2043196773,1006637 | G Pay | BR | ESS01 | APAC | IN | en | AND Phone | TrV Stream | RMKT ~ DTH_Gpayusers_Q2_2019_Part2,1.0,2019-06-24,$553.48 ,"246,634","93,911",VIDEO_TRUE_VIEW_IN_STREAM,US,False,,,181.05,211.62619049999998,0.518641259,0.468638547,2.24,FAVORABILITY,0.05,9835.0,0.0563,6,2019
1120,6684,Google Pay Q1 2019 Onwards (Google Wallet - F07) Q2-Q3 2019 India,2043196773,1006637 | G Pay | BR | ESS01 | APAC | IN | en | AND Phone | TrV Stream | RMKT ~ DTH_Gpayusers_Q2_2019_Part2,1.0,2019-06-24,$553.48 ,"246,634","93,911",VIDEO_TRUE_VIEW_IN_STREAM,US,False,,,179.1452381,194.975,0.599699632,0.5551139039999999,2.24,AWARENESS,0.0446,8876.0,0.0624,6,2019
1182,6684,Google Pay Q1 2019 Onwards (Google Wallet - F07) Q2-Q3 2019 India,2075393934,1006637 | G Pay | BR | ESS01 | APAC | IN | en | AND Phone | TrV Stream | RMKT ~ 15s_25-44_DTH_Gpay_NonSkip_3week,1.0,2019-07-26,"$54,803.09 ","22,042,862","106,020",VIDEO_NON_SKIPPABLE_IN_STREAM,US,False,,,6108.35754,6179.787698,0.459172026,0.458022875,2.49,CONSIDERATION,0.0011,20306.0,2.6989,7,2019
1183,6684,Google Pay Q1 2019 Onwards (Google Wallet - F07) Q2-Q3 2019 India,2075393934,1006637 | G Pay | BR | ESS01 | APAC | IN | en | AND Phone | TrV Stream | RMKT ~ 15s_25-44_DTH_Gpay_NonSkip_3week,1.0,2019-07-26,"$54,803.09 ","22,042,862","106,020",VIDEO_NON_SKIPPABLE_IN_STREAM,US,False,,,6142.43254,6361.545635,0.557941279,0.561501632,2.49,AWARENESS,-0.0036,,,7,2019
1184,6684,Google Pay Q1 2019 Onwards (Google Wallet - F07) Q2-Q3 2019 India,2075393934,1006637 | G Pay | BR | ESS01 | APAC | IN | en | AND Phone | TrV Stream | RMKT ~ 15s_25-44_DTH_Gpay_NonSkip_3week,1.0,2019-07-26,"$54,803.09 ","22,042,862","106,020",VIDEO_NON_SKIPPABLE_IN_STREAM,US,True,,,5757.130952,5780.772618999999,0.401000209,0.36453687100000004,2.49,RECALL,0.0365,670622.0,0.0817,7,2019
1185,6684,Google Pay Q1 2019 Onwards (Google Wallet - F07) Q2-Q3 2019 India,2075393934,1006637 | G Pay | BR | ESS01 | APAC | IN | en | AND Phone | TrV Stream | RMKT ~ 15s_25-44_DTH_Gpay_NonSkip_3week,1.0,2019-07-26,"$54,803.09 ","22,042,862","106,020",VIDEO_NON_SKIPPABLE_IN_STREAM,US,False,,,6190.496825,6155.713889,0.40182802,0.405956165,2.49,PURCHASE_INTENT,-0.0041,,,7,2019
1186,6684,Google Pay Q1 2019 Onwards (Google Wallet - F07) Q2-Q3 2019 India,2075393934,1006637 | G Pay | BR | ESS01 | APAC | IN | en | AND Phone | TrV Stream | RMKT ~ 15s_25-44_DTH_Gpay_NonSkip_3week,1.0,2019-07-26,"$54,803.09 ","22,042,862","106,020",VIDEO_NON_SKIPPABLE_IN_STREAM,US,False,,,6559.887698,6909.375794,0.484027958,0.486047915,2.49,FAVORABILITY,-0.002,,,7,2019
1953,6451,Google Pay Q1 2019 Onwards (Google Wallet - F07) Q1- Q2 2019 India - Feb-May,1934246547,1006637 | G Pay | BR | ESS01 | APAC | IN | en | AND Phone | TrV Stream | RMKT ~ Gpay Users test,1.0,2019-05-27,"$5,134.32 ","2,524,210","832,498",VIDEO_TRUE_VIEW_IN_STREAM,US,False,Which of these apps would you consider downloading?,Google Pay,9445.0,9868.166667,0.399047115,0.39512574100000003,2.03,CONSIDERATION,0.0039,9673.0,0.5308,5,2019
1954,6451,Google Pay Q1 2019 Onwards (Google Wallet - F07) Q1- Q2 2019 India - Feb-May,1934246547,1006637 | G Pay | BR | ESS01 | APAC | IN | en | AND Phone | TrV Stream | RMKT ~ Gpay Users test,1.0,2019-05-27,"$5,134.32 ","2,524,210","832,498",VIDEO_TRUE_VIEW_IN_STREAM,US,False,Which of these apps have you heard of?,Google Pay,9479.833333,9934.583333,0.46968125299999997,0.462919935,2.03,AWARENESS,0.0068,16844.0,0.3048,5,2019
