customer_id,account_name,study_id,study_name,start_date,end_date,campaign_ids,encrypted_video_ids,country,ads_platform,metric_type,slice_type,slice_value,study_outcome,total_responses,control_sample_size,control_value,exposed_sample_size,exposed_value,absolute_lift,headroom_lift,reached_users,cost
Reservation Campaign,Reservation Campaign,56936230,1005604 - Google Search - Q1 2019 - GP - SA - Saudi Arabia,20190103,20190106,2459762592,,SA,YTR,Consideration,ALL,UNKNOWN,N,7535,3738,0.2955349,3797,0.28364497,-0.011889927,-0.016877951,"1,099,145","$24,141.83 "
Reservation Campaign,Reservation Campaign,56936230,1005604 - Google Search - Q1 2019 - GP - SA - Saudi Arabia,20190103,20190106,2459762592,,SA,YTR,Purchase Intent,ALL,UNKNOWN,P,7509,3708,0.26018262,3801,0.27229676,0.012114135,0.016374493,"1,099,145","$24,141.83 "
Reservation Campaign,Reservation Campaign,51521123,Google Preferred_B2C - Android Brand - APAC - Essence _Campaign 1005014_Pixel 3_AU_Q1 2019 _Programmatic,20190106,20190110,2453834118,,AU,YTR,Brand Awareness,ALL,UNKNOWN,SP,7433,3630,0.5731864,3803,0.6026821,0.02949571,0.06910677,"1,437,462","$91,963.87 "
Reservation Campaign,Reservation Campaign,51521123,Google Preferred_B2C - Android Brand - APAC - Essence _Campaign 1005014_Pixel 3_AU_Q1 2019 _Programmatic,20190106,20190110,2453834118,,AU,YTR,Consideration,ALL,UNKNOWN,SP,7451,3629,0.25892904,3822,0.30612245,0.04719342,0.06368273,"1,437,462","$91,963.87 "
Reservation Campaign,Reservation Campaign,57492965,1005922 - Chromebook - Q1 2019 - GP - SE - Brand - 30s,20190110,20190206,2464104661,,SE,YTR,Brand Awareness,ALL,UNKNOWN,SP,6997,3160,0.6624553,3837,0.7013292,0.038873818,0.11516643,"1,266,351","$180,863.55 "
Reservation Campaign,Reservation Campaign,57411183,1005923 - Chromebook - Q1 2019 - GP - NL - Brand - 30s,20190110,20190117,2464544058,,NL,YTR,Brand Awareness,ALL,UNKNOWN,SP,7493,3665,0.74133706,3828,0.7722048,0.030867761,0.119335845,"972,287","$81,055.16 "
Reservation Campaign,Reservation Campaign,57411183,1005923 - Chromebook - Q1 2019 - GP - NL - Brand - 30s,20190110,20190117,2464544058,,NL,YTR,Consideration,ALL,UNKNOWN,SP,7490,3654,0.36748037,3836,0.39468196,0.027201608,0.04300516,"972,287","$81,055.16 "
Reservation Campaign,Reservation Campaign,57492965,1005922 - Chromebook - Q1 2019 - GP - SE - Brand - 30s,20190110,20190206,2464104661,,SE,YTR,Consideration,ALL,UNKNOWN,SP,6775,2976,0.2982513,3799,0.32192683,0.023675526,0.033737898,"1,266,351","$180,863.55 "
Reservation Campaign,Reservation Campaign,57833691,1005692 - Pixel - Q1 2019 - GP - UK - Brand,20190114,20190118,2467705125,,GB,YTR,Brand Awareness,ALL,UNKNOWN,SP,7485,3646,0.61617756,3839,0.6384475,0.022269934,0.05802145,"1,780,359","$168,210.13 "
Reservation Campaign,Reservation Campaign,57833691,1005692 - Pixel - Q1 2019 - GP - UK - Brand,20190114,20190118,2467705125,,GB,YTR,Consideration,ALL,UNKNOWN,SP,7469,3646,0.27107453,3823,0.3089197,0.037845153,0.0519191,"1,780,359","$168,210.13 "
Reservation Campaign,Reservation Campaign,57833691,1005692 - Pixel - Q1 2019 - GP - UK - Brand,20190114,20190118,2467705125,,GB,YTR,Purchase Intent,ALL,UNKNOWN,SP,7491,3640,0.1827612,3851,0.20618021,0.023418998,0.02865625,"1,780,359","$168,210.13 "
Reservation Campaign,Reservation Campaign,57917299,1005969 - YouTube Originals - Q1/2019 - GP - US - en - Hybrid - :15s,20190115,20190121,2468651925,,US,YTR,Brand Awareness,ALL,UNKNOWN,SP,6897,3571,0.21466254,3326,0.32471436,0.11005184,0.14013319,"713,416","$50,174.56 "
Reservation Campaign,Reservation Campaign,57917299,1005969 - YouTube Originals - Q1/2019 - GP - US - en - Hybrid - :15s,20190115,20190121,2468651925,,US,YTR,Consideration,ALL,UNKNOWN,SP,6941,3566,0.14934705,3375,0.2554074,0.106060356,0.124681115,"713,416","$50,174.56 "
Reservation Campaign,Reservation Campaign,57917299,1005969 - YouTube Originals - Q1/2019 - GP - US - en - Hybrid - :15s,20190115,20190121,2468651925,,US,YTR,Purchase Intent,ALL,UNKNOWN,SP,6946,3578,0.12265713,3368,0.195962,0.07330487,0.08355328,"713,416","$50,174.56 "
Reservation Campaign,Reservation Campaign,57971137,1005922 - Chromebook - Q1 2019 - GP - SE - Brand - 6s,20190116,20190212,2468437193,,SE,YTR,Brand Awareness,ALL,UNKNOWN,SP,6801,3001,0.664932,3800,0.7207895,0.05585744,0.16670479,"1,064,834","$54,404.50 "
Reservation Campaign,Reservation Campaign,57972062,1005923 - Chromebook - Q1 2019 - GP - NL - Brand - 6s,20190116,20190123,2468427356,,NL,YTR,Brand Awareness,ALL,UNKNOWN,SP,7492,3624,0.7339185,3868,0.79214066,0.058222163,0.21881326,"595,110","$20,109.25 "
Reservation Campaign,Reservation Campaign,57972062,1005923 - Chromebook - Q1 2019 - GP - NL - Brand - 6s,20190116,20190123,2468427356,,NL,YTR,Consideration,ALL,UNKNOWN,SP,7486,3636,0.3890055,3850,0.43194807,0.042942554,0.07028305,"595,110","$20,109.25 "
Reservation Campaign,Reservation Campaign,57971137,1005922 - Chromebook - Q1 2019 - GP - SE - Brand - 6s,20190116,20190212,2468437193,,SE,YTR,Consideration,ALL,UNKNOWN,SP,6528,2740,0.29950488,3788,0.3159979,0.016493015,0.023544796,"1,064,834","$54,404.50 "
Reservation Campaign,Reservation Campaign,57917213,1005969 - YouTube Originals - Q1/2019 - GP - US - en - Hybrid - :06s,20190129,20190206,2468184406,,US,YTR,Brand Awareness,ALL,UNKNOWN,SP,6812,3481,0.22351529,3331,0.35184628,0.128331,0.16527177,"703,906","$14,157.07 "
Reservation Campaign,Reservation Campaign,57917213,1005969 - YouTube Originals - Q1/2019 - GP - US - en - Hybrid - :06s,20190129,20190206,2468184406,,US,YTR,Consideration,ALL,UNKNOWN,SP,6843,3476,0.16990836,3367,0.2892783,0.11936993,0.14380331,"703,906","$14,157.07 "
Reservation Campaign,Reservation Campaign,57917213,1005969 - YouTube Originals - Q1/2019 - GP - US - en - Hybrid - :06s,20190129,20190206,2468184406,,US,YTR,Purchase Intent,ALL,UNKNOWN,SP,6861,3519,0.13098817,3342,0.22232196,0.09133379,0.10510074,"703,906","$14,157.07 "
Reservation Campaign,Reservation Campaign,58988615,1006245 - Assistant - Q1 2019 - GP - DE - Freeletics,20190130,20190202,2473641582,,DE,YTR,Brand Awareness,ALL,UNKNOWN,SP,7302,3564,0.63786614,3738,0.7268593,0.08899314,0.24574652,"1,208,250","$62,156.14 "
Reservation Campaign,Reservation Campaign,58988615,1006245 - Assistant - Q1 2019 - GP - DE - Freeletics,20190130,20190202,2473641582,,DE,YTR,Consideration,ALL,UNKNOWN,SP,7278,3559,0.37986997,3719,0.46356547,0.08369549,0.13496442,"1,208,250","$62,156.14 "
Reservation Campaign,Reservation Campaign,64704779,1005679 - Google Assistant - Q1 2019 - Super Bowl GP,20190201,20190204,2481646797,,US,YTR,Brand Awareness,ALL,UNKNOWN,SP,7269,3672,0.6428325,3597,0.66388655,0.021054052,0.05894728,"2,270,057","$166,128.14 "
Reservation Campaign,Reservation Campaign,64704779,1005679 - Google Assistant - Q1 2019 - Super Bowl GP,20190201,20190204,2481646797,,US,YTR,Consideration,ALL,UNKNOWN,SP,7207,3654,0.40513918,3553,0.4908528,0.08571362,0.1440902,"2,270,057","$166,128.14 "
Reservation Campaign,Reservation Campaign,64704796,1006052 - Chromebook - Q1 2019 - GP - CA - Parents - Desktop,20190203,20190302,2470429607,,CA,YTR,Ad Recall,ALL,UNKNOWN,SP,6770,2908,0.27284613,3862,0.42154324,0.1486971,0.20449193,"538,579","$76,264.32 "
Reservation Campaign,Reservation Campaign,64714784,1006052 - Chromebook - Q1 2019 - GP - CA - Parents - Android,20190203,20190221,2471092938,,CA,YTR,Ad Recall,ALL,UNKNOWN,SP,7112,3571,0.2890809,3541,0.48856255,0.19948165,0.28059682,"593,292","$62,462.27 "
Reservation Campaign,Reservation Campaign,64714679,1006052 - Chromebook - Q1 2019 - GP - CA - Parents - iOS,20190203,20190222,2471093973,,CA,YTR,Ad Recall,ALL,UNKNOWN,SP,7188,3524,0.32138184,3664,0.42439955,0.10301774,0.15180516,"689,806","$65,773.41 "
Reservation Campaign,Reservation Campaign,64704548,1006052 - Chromebook - Q1 2019 - GP - CA - Students - iOS,20190203,20190224,2470604149,,CA,YTR,Ad Recall,ALL,UNKNOWN,SP,7210,3541,0.32177058,3669,0.4510766,0.129306,0.19065231,"691,713","$70,391.14 "
Reservation Campaign,Reservation Campaign,64704782,1006052 - Chromebook - Q1 2019 - GP - CA - Students - Desktop,20190203,20190302,2470431347,,CA,YTR,Ad Recall,ALL,UNKNOWN,SP,5883,2031,0.27489763,3852,0.45430946,0.17941181,0.24742964,"518,304","$83,332.67 "
Reservation Campaign,Reservation Campaign,64704907,1006052 - Chromebook - Q1 2019 - GP - CA - Students - Android,20190203,20190225,2470603639,,CA,YTR,Ad Recall,ALL,UNKNOWN,SP,7178,3459,0.33890378,3719,0.5560635,0.21715969,0.32848424,"552,382","$75,571.66 "
Reservation Campaign,Reservation Campaign,64714784,1006052 - Chromebook - Q1 2019 - GP - CA - Parents - Android,20190203,20190221,2471092938,,CA,YTR,Brand Awareness,ALL,UNKNOWN,SP,7135,3610,0.5805941,3525,0.63234043,0.051746327,0.12338007,"593,292","$62,462.27 "
Reservation Campaign,Reservation Campaign,64704548,1006052 - Chromebook - Q1 2019 - GP - CA - Students - iOS,20190203,20190224,2470604149,,CA,YTR,Brand Awareness,ALL,UNKNOWN,SP,7232,3550,0.57931423,3682,0.61977184,0.04045763,0.096170664,"691,713","$70,391.14 "
Reservation Campaign,Reservation Campaign,64704782,1006052 - Chromebook - Q1 2019 - GP - CA - Students - Desktop,20190203,20190302,2470431347,,CA,YTR,Brand Awareness,ALL,UNKNOWN,SP,6482,2620,0.5579599,3862,0.60693944,0.048979513,0.11080333,"518,304","$83,332.67 "
Reservation Campaign,Reservation Campaign,64714679,1006052 - Chromebook - Q1 2019 - GP - CA - Parents - iOS,20190203,20190222,2471093973,,CA,YTR,Brand Awareness,ALL,UNKNOWN,P,7223,3562,0.5533612,3661,0.56514615,0.011784956,0.026385874,"689,806","$65,773.41 "
Reservation Campaign,Reservation Campaign,64460555,1006103 - Google - Q1 2019 - Super Bowl MOS GP,20190203,20190209,2480110938,,US,YTR,Brand Awareness,ALL,UNKNOWN,SP,7418,3788,0.5830291,3630,0.59862256,0.015593481,0.03739705,"2,111,548","$93,506.11 "
Reservation Campaign,Reservation Campaign,64704796,1006052 - Chromebook - Q1 2019 - GP - CA - Parents - Desktop,20190203,20190302,2470429607,,CA,YTR,Brand Awareness,ALL,UNKNOWN,SP,7209,3327,0.5356624,3882,0.58655334,0.050890926,0.10959898,"538,579","$76,264.32 "
Reservation Campaign,Reservation Campaign,64704907,1006052 - Chromebook - Q1 2019 - GP - CA - Students - Android,20190203,20190225,2470603639,,CA,YTR,Brand Awareness,ALL,UNKNOWN,SP,7173,3472,0.59211016,3701,0.7076466,0.1155364,0.28325394,"552,382","$75,571.66 "
Reservation Campaign,Reservation Campaign,64714679,1006052 - Chromebook - Q1 2019 - GP - CA - Parents - iOS,20190203,20190222,2471093973,,CA,YTR,Consideration,ALL,UNKNOWN,N,7246,3541,0.28972852,3705,0.28690958,-0.002818948,-0.003968831,"689,806","$65,773.41 "
Reservation Campaign,Reservation Campaign,64704548,1006052 - Chromebook - Q1 2019 - GP - CA - Students - iOS,20190203,20190224,2470604149,,CA,YTR,Consideration,ALL,UNKNOWN,P,7236,3532,0.28656366,3704,0.29643628,0.009872625,0.01383813,"691,713","$70,391.14 "
Reservation Campaign,Reservation Campaign,64714784,1006052 - Chromebook - Q1 2019 - GP - CA - Parents - Android,20190203,20190221,2471092938,,CA,YTR,Consideration,ALL,UNKNOWN,SP,7101,3594,0.27276888,3507,0.38209295,0.10932406,0.15032919,"593,292","$62,462.27 "
Reservation Campaign,Reservation Campaign,64704782,1006052 - Chromebook - Q1 2019 - GP - CA - Students - Desktop,20190203,20190302,2470431347,,CA,YTR,Consideration,ALL,UNKNOWN,SP,6088,2218,0.23572096,3870,0.25374678,0.01802581,0.023585377,"518,304","$83,332.67 "
Reservation Campaign,Reservation Campaign,64704796,1006052 - Chromebook - Q1 2019 - GP - CA - Parents - Desktop,20190203,20190302,2470429607,,CA,YTR,Consideration,ALL,UNKNOWN,SP,6935,3066,0.22077058,3869,0.28172654,0.060955964,0.078225955,"538,579","$76,264.32 "
Reservation Campaign,Reservation Campaign,64704907,1006052 - Chromebook - Q1 2019 - GP - CA - Students - Android,20190203,20190225,2470603639,,CA,YTR,Consideration,ALL,UNKNOWN,SP,7151,3445,0.28017312,3706,0.3672423,0.08706918,0.12095851,"552,382","$75,571.66 "
Reservation Campaign,Reservation Campaign,64460555,1006103 - Google - Q1 2019 - Super Bowl MOS GP,20190203,20190209,2480110938,,US,YTR,Favorability,ALL,UNKNOWN,P,7446,3804,0.6648969,3642,0.67435473,0.009457858,0.028223727,"2,111,548","$93,506.11 "
Reservation Campaign,Reservation Campaign,65437124,1005584 - Pixel - Grammys Q1 2019 GP,20190210,20190216,2484922988,,US,YTR,Brand Awareness,ALL,UNKNOWN,N,7454,3782,0.5971209,3672,0.583061,-0.014059906,-0.03489857,"2,314,855","$100,860.11 "
Reservation Campaign,Reservation Campaign,65437124,1005584 - Pixel - Grammys Q1 2019 GP,20190210,20190216,2484922988,,US,YTR,Consideration,ALL,UNKNOWN,P,7433,3782,0.27362502,3651,0.27773213,0.00410711,0.005654256,"2,314,855","$100,860.11 "
Reservation Campaign,Reservation Campaign,65437124,1005584 - Pixel - Grammys Q1 2019 GP,20190210,20190216,2484922988,,US,YTR,Purchase Intent,ALL,UNKNOWN,SP,7453,3780,0.18542714,3673,0.20446502,0.019037873,0.023371601,"2,314,855","$100,860.11 "
Reservation Campaign,Reservation Campaign,65564586,1006046 - Multiapps - Q1 2019 - GP - DE,20190212,20190215,2489039172,,DE,YTR,Favorability,ALL,UNKNOWN,N,7583,3743,0.58415973,3840,0.575,-0.009159752,-0.022027092,0,"$195,694.89 "
Reservation Campaign,Reservation Campaign,65683110,1005584 - Pixel US Q1 2019 - Red/Evergreen GP,20190217,20190220,2484925619,,US,YTR,Brand Awareness,ALL,UNKNOWN,SN,7553,3808,0.58361846,3745,0.56635517,-0.017263317,-0.041460335,"3,420,030","$109,253.90 "
Reservation Campaign,Reservation Campaign,65683110,1005584 - Pixel US Q1 2019 - Red/Evergreen GP,20190217,20190220,2484925619,,US,YTR,Consideration,ALL,UNKNOWN,SP,7568,3793,0.26943058,3775,0.29456952,0.025138961,0.034410093,"3,420,030","$109,253.90 "
Reservation Campaign,Reservation Campaign,65683110,1005584 - Pixel US Q1 2019 - Red/Evergreen GP,20190217,20190220,2484925619,,US,YTR,Purchase Intent,ALL,UNKNOWN,SP,7538,3738,0.18906207,3800,0.21394737,0.024885295,0.030687053,"3,420,030","$109,253.90 "
Reservation Campaign,Reservation Campaign,65713792,1006296_Google Fi_BR_ESS01_NA_US_en_Hybrid_DBM Video_PG_Q1 2019 ~ Google Preferred,20190219,20190225,2487794356,,US,YTR,Ad Recall,ALL,UNKNOWN,SP,7500,3839,0.107529655,3661,0.25129747,0.1437678,0.16108973,"1,865,205","$180,994.48 "
Reservation Campaign,Reservation Campaign,65713792,1006296_Google Fi_BR_ESS01_NA_US_en_Hybrid_DBM Video_PG_Q1 2019 ~ Google Preferred,20190219,20190225,2487794356,,US,YTR,Brand Awareness,ALL,UNKNOWN,SP,7507,3835,0.17137037,3672,0.28186274,0.11049238,0.1333435,"1,865,205","$180,994.48 "
Reservation Campaign,Reservation Campaign,65780976,1006010 - YouTube Music - Q1 2019 - GP - UK - Brits,20190219,20190222,2493886710,,GB,YTR,Consideration,ALL,UNKNOWN,SP,7538,3703,0.2151492,3835,0.23702738,0.021878188,0.027875602,"1,630,445","$55,079.25 "
Reservation Campaign,Reservation Campaign,65713792,1006296_Google Fi_BR_ESS01_NA_US_en_Hybrid_DBM Video_PG_Q1 2019 ~ Google Preferred,20190219,20190225,2487794356,,US,YTR,Consideration,ALL,UNKNOWN,SP,7520,3836,0.15700868,3684,0.21959826,0.06258958,0.074247,"1,865,205","$180,994.48 "
Reservation Campaign,Reservation Campaign,65780976,1006010 - YouTube Music - Q1 2019 - GP - UK - Brits,20190219,20190222,2493886710,,GB,YTR,Purchase Intent,ALL,UNKNOWN,N,7506,3669,0.1407982,3837,0.1389106,-0.001887582,-0.002196902,"1,630,445","$55,079.25 "
Reservation Campaign,Reservation Campaign,55548407,Google Preferred_1006306 _ Google Preferred_Programmatic_Google Pixe_ 3 JP _ Q 1 2019_Set 1 & 2 Demo18-34,20190227,20190310,2498354596,,JP,YTR,Brand Awareness,ALL,UNKNOWN,SP,3887,1798,0.28033814,2089,0.30349448,0.023156358,0.032176718,"4,580,429","$185,774.02 "
Reservation Campaign,Reservation Campaign,55548407,Google Preferred_1006306 _ Google Preferred_Programmatic_Google Pixe_ 3 JP _ Q 1 2019_Set 1 & 2 Demo18-34,20190227,20190310,2498354596,,JP,YTR,Consideration,ALL,UNKNOWN,P,3544,1742,0.14577,1802,0.14927858,0.00350858,0.004107302,"4,580,429","$185,774.02 "
Reservation Campaign,Reservation Campaign,55549854,Google Preferred_1006306 _ Google Preferred_Programmatic_Google Pixe_ 3 JP _ Q 1 2019_Set 3 Affinity,20190303,20190311,2499163179,,JP,YTR,Brand Awareness,ALL,UNKNOWN,SP,7522,3669,0.25455755,3853,0.3104075,0.05584992,0.07492184,"4,246,710","$152,941.72 "
Reservation Campaign,Reservation Campaign,55549854,Google Preferred_1006306 _ Google Preferred_Programmatic_Google Pixe_ 3 JP _ Q 1 2019_Set 3 Affinity,20190303,20190311,2499163179,,JP,YTR,Consideration,ALL,UNKNOWN,SP,7477,3651,0.13883495,3826,0.15237847,0.013543516,0.015726969,"4,246,710","$152,941.72 "
Reservation Campaign,Reservation Campaign,68871138,1005954 - Google Search - Q1-Q2 2019 - GP - SA- Saudi Arabia,20190313,20190320,2507680276,,SA,YTR,Consideration,ALL,UNKNOWN,N,7493,3568,0.28380936,3925,0.27082804,-0.012981337,-0.018125532,"1,469,155","$46,710.00 "
Reservation Campaign,Reservation Campaign,68794247,1005954 - Google Search - Q1-Q2 2019 - GP - EG - Egypt,20190313,20190326,2508069837,,EG,YTR,Consideration,ALL,UNKNOWN,P,7568,3648,0.24817285,3920,0.25765306,0.009480211,0.012609562,"1,956,761","$29,449.81 "
Reservation Campaign,Reservation Campaign,68794247,1005954 - Google Search - Q1-Q2 2019 - GP - EG - Egypt,20190313,20190326,2508069837,,EG,YTR,Purchase Intent,ALL,UNKNOWN,SP,7589,3685,0.17886275,3904,0.20696722,0.028104467,0.034226272,"1,956,761","$29,449.81 "
Reservation Campaign,Reservation Campaign,68871138,1005954 - Google Search - Q1-Q2 2019 - GP - SA- Saudi Arabia,20190313,20190320,2507680276,,SA,YTR,Purchase Intent,ALL,UNKNOWN,P,7492,3592,0.24064131,3900,0.24692307,0.00628177,0.008272468,"1,469,155","$46,710.00 "
Reservation Campaign,Reservation Campaign,55556045,Google Preferred_Google Marketing_campaign YouTube Music JP - Fischers GP_Programmatic,20190314,20190326,2508524157,,JP,YTR,Brand Awareness,ALL,UNKNOWN,SP,7513,3657,0.44947523,3856,0.51192945,0.06245422,0.11344489,"4,408,643","$114,848.08 "
Reservation Campaign,Reservation Campaign,55556045,Google Preferred_Google Marketing_campaign YouTube Music JP - Fischers GP_Programmatic,20190314,20190326,2508524157,,JP,YTR,Consideration,ALL,UNKNOWN,SP,7506,3658,0.238517,3848,0.28092515,0.042408157,0.055691537,"4,408,643","$114,848.08 "
Reservation Campaign,Reservation Campaign,68901415,1005970 - Chromebook - Q1 2019 - GP - US - TRPR Local DMA Test,20190317,20190326,2505609088,"7UbFdk-wwJY, yAFLp1zVrU4",US,YTR,Consideration,ALL,UNKNOWN,SP,7418,3646,0.33526397,3772,0.36770943,0.032445464,0.048809547,"2,953,930","$123,027.95 "
Reservation Campaign,Reservation Campaign,68901415,1005970 - Chromebook - Q1 2019 - GP - US - TRPR Local DMA Test,20190317,20190326,2505609088,"7UbFdk-wwJY, yAFLp1zVrU4",US,YTR,Purchase Intent,ALL,UNKNOWN,SP,7373,3612,0.23991376,3761,0.29540017,0.0554864,0.07300014,"2,953,930","$123,027.95 "
Reservation Campaign,Reservation Campaign,69878810,1005970 - Chromebook TRPR - Q1 2019 - GP - US,20190324,20190409,2504377175,"CqS_l8eToPc, p8SA6Q9YYVU, u5EjJV8Y1XI",US,YTR,Brand Awareness,ALL,UNKNOWN,SP,7442,3640,0.73313004,3802,0.747233,0.014102936,0.05284572,0,"$1,000,904.25 "
Reservation Campaign,Reservation Campaign,69878810,1005970 - Chromebook TRPR - Q1 2019 - GP - US,20190324,20190409,2504377175,"CqS_l8eToPc, p8SA6Q9YYVU, u5EjJV8Y1XI",US,YTR,Consideration,ALL,UNKNOWN,SP,7467,3621,0.3466713,3846,0.39678106,0.050109766,0.07669917,0,"$1,000,904.25 "
Reservation Campaign,Reservation Campaign,69878810,1005970 - Chromebook TRPR - Q1 2019 - GP - US,20190324,20190409,2504377175,"CqS_l8eToPc, p8SA6Q9YYVU, u5EjJV8Y1XI",US,YTR,Purchase Intent,ALL,UNKNOWN,SP,7534,3733,0.26734516,3801,0.3094038,0.04205864,0.057405803,0,"$1,000,904.25 "
Reservation Campaign,Reservation Campaign,77475803,1006649 - Pixel - BR - ESS01 - NA - US - en - AND Phone - GP Video - GP - Q2 2019 ~ GP - Android Device,20190417,20190420,2524755353,,US,YTR,Ad Recall,ALL,UNKNOWN,SP,7520,3700,0.29810613,3820,0.47200343,0.17389728,0.24775438,0,"$295,771.03 "
Reservation Campaign,Reservation Campaign,77475803,1006649 - Pixel - BR - ESS01 - NA - US - en - AND Phone - GP Video - GP - Q2 2019 ~ GP - Android Device,20190417,20190420,2524755353,,US,YTR,Consideration,ALL,UNKNOWN,SP,7537,3685,0.25803402,3852,0.35567707,0.09764305,0.13160044,0,"$295,771.03 "
Reservation Campaign,Reservation Campaign,77475803,1006649 - Pixel - BR - ESS01 - NA - US - en - AND Phone - GP Video - GP - Q2 2019 ~ GP - Android Device,20190417,20190420,2524755353,,US,YTR,Purchase Intent,ALL,UNKNOWN,SP,7539,3700,0.17525963,3839,0.25997046,0.08471082,0.10271211,0,"$295,771.03 "
Reservation Campaign,Reservation Campaign,78348701,1006649 - Google Pixel TRPR - NA - US - EN - Bonito - Week 1 - All Platforms ,20190421,20190424,2520197687,"85r7S8ROlRE, gMJJsnSj_p4, jerEgrESGbQ, qh-nwpO_PTs",US,YTR,Brand Awareness,ALL,UNKNOWN,SP,7507,3675,0.5654723,3832,0.6088191,0.043346833,0.0997562,0,"$2,563,817.30 "
Reservation Campaign,Reservation Campaign,78348701,1006649 - Google Pixel TRPR - NA - US - EN - Bonito - Week 1 - All Platforms ,20190421,20190424,2520197687,"85r7S8ROlRE, gMJJsnSj_p4, jerEgrESGbQ, qh-nwpO_PTs",US,YTR,Consideration,ALL,UNKNOWN,P,7476,3638,0.25957984,3838,0.27229005,0.012710232,0.017166242,0,"$2,563,817.30 "
Reservation Campaign,Reservation Campaign,78381130,1006052 - Chromebook - Q2 2019 - CA - EN - Android - 15s,20190421,20190504,2528126116,,CA,YTR,Consideration,ALL,UNKNOWN,SP,6961,3538,0.25852698,3423,0.39322877,0.13470179,0.18166782,0,"$45,951.43 "
Reservation Campaign,Reservation Campaign,78348701,1006649 - Google Pixel TRPR - NA - US - EN - Bonito - Week 1 - All Platforms ,20190421,20190424,2520197687,"85r7S8ROlRE, gMJJsnSj_p4, jerEgrESGbQ, qh-nwpO_PTs",US,YTR,Purchase Intent,ALL,UNKNOWN,SP,7489,3668,0.17409126,3821,0.19341193,0.019320665,0.02339322,0,"$2,563,817.30 "
Reservation Campaign,Reservation Campaign,78381130,1006052 - Chromebook - Q2 2019 - CA - EN - Android - 15s,20190421,20190504,2528126116,,CA,YTR,Purchase Intent,ALL,UNKNOWN,SP,7020,3527,0.2009567,3493,0.30720046,0.10624375,0.1329637,0,"$45,951.43 "
Reservation Campaign,Reservation Campaign,83190404,1006294 - Youtube Marketing - Q2 2019 - GP - US - Youtube Originals Cobra Kai S2 - New,20190426,20190430,2534306807,,US,YTR,Brand Awareness,ALL,UNKNOWN,SP,7321,3560,0.4828414,3761,0.5735111,0.090669714,0.17532285,0,"$67,767.41 "
Reservation Campaign,Reservation Campaign,83190404,1006294 - Youtube Marketing - Q2 2019 - GP - US - Youtube Originals Cobra Kai S2 - New,20190426,20190430,2534306807,,US,YTR,Consideration,ALL,UNKNOWN,SP,7343,3558,0.2778882,3785,0.3400317,0.062143497,0.086058,0,"$67,767.41 "
Reservation Campaign,Reservation Campaign,83190404,1006294 - Youtube Marketing - Q2 2019 - GP - US - Youtube Originals Cobra Kai S2 - New,20190426,20190430,2534306807,,US,YTR,Purchase Intent,ALL,UNKNOWN,SP,7374,3589,0.19999582,3785,0.23620111,0.036205295,0.045256384,0,"$67,767.41 "
Reservation Campaign,Reservation Campaign,79691049,1006293 - Google Multi-App TRPR - NA - US - EN - 5/6-5/12 ,20190505,20190510,2529934759,"87QEaMUj7Gc, Bkg1Dp_DMt8, EzzRlILp4kw, VIObehQ1nuw",US,YTR,Ad Recall,ALL,UNKNOWN,SP,7178,3525,0.26616606,3653,0.29784375,0.03167771,0.043167412,0,"$387,028.22 "
Reservation Campaign,Reservation Campaign,79691049,1006293 - Google Multi-App TRPR - NA - US - EN - 5/6-5/12 ,20190505,20190510,2529934759,"87QEaMUj7Gc, Bkg1Dp_DMt8, EzzRlILp4kw, VIObehQ1nuw",US,YTR,Brand Awareness,ALL,UNKNOWN,P,7188,3515,0.5214604,3673,0.5279009,0.006440481,0.013458617,0,"$387,028.22 "
Reservation Campaign,Reservation Campaign,79691049,1006293 - Google Multi-App TRPR - NA - US - EN - 5/6-5/12 ,20190505,20190510,2529934759,"87QEaMUj7Gc, Bkg1Dp_DMt8, EzzRlILp4kw, VIObehQ1nuw",US,YTR,Purchase Intent,ALL,UNKNOWN,P,7249,3559,0.32887754,3690,0.3308999,0.002022358,0.003013397,0,"$387,028.22 "
Reservation Campaign,Reservation Campaign,79433917,1006649 - Google Pixel - NA - US - EN - Bonito - Blue Affinity - 5/7-6/2,20190506,20190514,2529804607,,US,YTR,Brand Awareness,ALL,UNKNOWN,SP,7406,3622,0.528844,3784,0.5523221,0.023478074,0.049830787,0,"$49,174.02 "
Reservation Campaign,Reservation Campaign,79620433,1006649 - Pixel - BR - ESS01 - NA - US - en - AND Phone - GP Video - GP - Q2 2019 ~ GP - Android Device - 5/7-6/2,20190506,20190511,2532885789,,US,YTR,Brand Awareness,ALL,UNKNOWN,SP,7369,3611,0.5645821,3758,0.62028575,0.055703666,0.1279315,0,"$40,858.74 "
Reservation Campaign,Reservation Campaign,79433917,1006649 - Google Pixel - NA - US - EN - Bonito - Blue Affinity - 5/7-6/2,20190506,20190514,2529804607,,US,YTR,Consideration,ALL,UNKNOWN,N,7330,3555,0.25199845,3775,0.24716674,-0.00483171,-0.006459492,0,"$49,174.02 "
Reservation Campaign,Reservation Campaign,79620433,1006649 - Pixel - BR - ESS01 - NA - US - en - AND Phone - GP Video - GP - Q2 2019 ~ GP - Android Device - 5/7-6/2,20190506,20190511,2532885789,,US,YTR,Consideration,ALL,UNKNOWN,SP,7418,3686,0.26548693,3732,0.3622776,0.09679068,0.1317753,0,"$40,858.74 "
Reservation Campaign,Reservation Campaign,79620433,1006649 - Pixel - BR - ESS01 - NA - US - en - AND Phone - GP Video - GP - Q2 2019 ~ GP - Android Device - 5/7-6/2,20190506,20190511,2532885789,,US,YTR,Purchase Intent,ALL,UNKNOWN,SP,7369,3587,0.18149418,3782,0.26707113,0.085576944,0.10455264,0,"$40,858.74 "
Reservation Campaign,Reservation Campaign,79433917,1006649 - Google Pixel - NA - US - EN - Bonito - Blue Affinity - 5/7-6/2,20190506,20190514,2529804607,,US,YTR,Purchase Intent,ALL,UNKNOWN,SN,7335,3592,0.18309787,3743,0.16538085,-0.017717019,-0.021688055,0,"$49,174.02 "
Reservation Campaign,Reservation Campaign,79731219,1006293 - Google Multi-App TRPR - NA - US - EN - 5/13-5/19,20190512,20190517,2529905887,"87QEaMUj7Gc, Bkg1Dp_DMt8, EzzRlILp4kw, VIObehQ1nuw",US,YTR,Ad Recall,ALL,UNKNOWN,SP,7192,3540,0.27320665,3652,0.29190034,0.0186937,0.025720792,0,"$402,767.97 "
Reservation Campaign,Reservation Campaign,79731219,1006293 - Google Multi-App TRPR - NA - US - EN - 5/13-5/19,20190512,20190517,2529905887,"87QEaMUj7Gc, Bkg1Dp_DMt8, EzzRlILp4kw, VIObehQ1nuw",US,YTR,Brand Awareness,ALL,UNKNOWN,SP,7204,3529,0.5163385,3675,0.5333343,0.016995769,0.035139803,0,"$402,767.97 "
Reservation Campaign,Reservation Campaign,79731219,1006293 - Google Multi-App TRPR - NA - US - EN - 5/13-5/19,20190512,20190517,2529905887,"87QEaMUj7Gc, Bkg1Dp_DMt8, EzzRlILp4kw, VIObehQ1nuw",US,YTR,Purchase Intent,ALL,UNKNOWN,P,7235,3547,0.31454027,3688,0.31617707,0.001636816,0.002387909,0,"$402,767.97 "
Reservation Campaign,Reservation Campaign,86288823,1005970 - Chromebook - Q2 2019 - GP - US - EN - Desktop/CTV,20190513,20190520,2543268866,,US,YTR,Consideration,ALL,UNKNOWN,SP,7306,3722,0.2964512,3584,0.3443169,0.047865678,0.06803463,0,"$212,478.56 "
Reservation Campaign,Reservation Campaign,86218366,1005970 - Chromebook - Q2 2019 - GP - US - EN - Android,20190513,20190515,2543805277,,US,YTR,Consideration,ALL,UNKNOWN,SP,7140,3578,0.34405398,3562,0.4359996,0.09194564,0.14017257,0,"$325,728.20 "
Reservation Campaign,Reservation Campaign,86288823,1005970 - Chromebook - Q2 2019 - GP - US - EN - Desktop/CTV,20190513,20190520,2543268866,,US,YTR,Purchase Intent,ALL,UNKNOWN,SP,7293,3702,0.2395211,3591,0.2631722,0.02365111,0.031100284,0,"$212,478.56 "
Reservation Campaign,Reservation Campaign,86218366,1005970 - Chromebook - Q2 2019 - GP - US - EN - Android,20190513,20190515,2543805277,,US,YTR,Purchase Intent,ALL,UNKNOWN,SP,7217,3617,0.25116947,3600,0.36029178,0.1091223,0.14572363,0,"$325,728.20 "
Reservation Campaign,Reservation Campaign,86501252,1006172 - Nest - Q2 2019 - GP - US - en - Home Nest,20190514,20190520,2543646929,,US,YTR,Brand Awareness,ALL,UNKNOWN,SN,7397,3752,0.5789015,3645,0.51165104,-0.067250475,-0.1597025,0,"$94,323.00 "
Reservation Campaign,Reservation Campaign,86501252,1006172 - Nest - Q2 2019 - GP - US - en - Home Nest,20190514,20190520,2543646929,,US,YTR,Consideration,ALL,UNKNOWN,SN,7375,3776,0.30374503,3599,0.26147345,-0.042271607,-0.060712826,0,"$94,323.00 "
Reservation Campaign,Reservation Campaign,86501252,1006172 - Nest - Q2 2019 - GP - US - en - Home Nest,20190514,20190520,2543646929,,US,YTR,Purchase Intent,ALL,UNKNOWN,P,7360,3745,0.16691653,3615,0.17815214,0.011235613,0.01348678,0,"$94,323.00 "
Reservation Campaign,Reservation Campaign,89443639,1006649 - Pixel - Q2 2019 ~ GP - US - Youtube TV,20190529,20190603,2547410762,,US,YTR,Brand Awareness,ALL,UNKNOWN,SP,7377,3589,0.56664675,3788,0.5979345,0.03128773,0.072199136,0,"$272,832.90 "
Reservation Campaign,Reservation Campaign,89443639,1006649 - Pixel - Q2 2019 ~ GP - US - Youtube TV,20190529,20190603,2547410762,,US,YTR,Consideration,ALL,UNKNOWN,SP,7433,3590,0.29401627,3843,0.30888814,0.014871873,0.02106546,0,"$272,832.90 "
Reservation Campaign,Reservation Campaign,89443639,1006649 - Pixel - Q2 2019 ~ GP - US - Youtube TV,20190529,20190603,2547410762,,US,YTR,Purchase Intent,ALL,UNKNOWN,SP,7367,3628,0.20708868,3739,0.23188554,0.024796851,0.03127317,0,"$272,832.90 "
Reservation Campaign,Reservation Campaign,89835260,1006649 - Pixel Bonito US Q2 2019 - TRPR Week 2 - GP - 6/3-6/9 ,20190602,20190605,2549731844,"5lPeYgG72kM, GENGlVE-gGg, GaO2oajp8SI, c-zkUxkm9lw, ltzxivhyXkE",US,YTR,Brand Awareness,ALL,UNKNOWN,SP,7327,3600,0.5911176,3727,0.6353566,0.04423902,0.108194984,0,"$1,056,140.30 "
Reservation Campaign,Reservation Campaign,89835259,1006649 - Pixel Bonito US Q2 2019 - Standard Reserve - TRPR Week 2 - 6/3-6/9,20190602,20190606,2550298543,"5lPeYgG72kM, GaO2oajp8SI, c-zkUxkm9lw, ltzxivhyXkE",US,YTR,Brand Awareness,ALL,UNKNOWN,SP,7303,3583,0.5526252,3720,0.57822174,0.025596568,0.05721504,0,"$1,681,538.00 "
Reservation Campaign,Reservation Campaign,89835259,1006649 - Pixel Bonito US Q2 2019 - Standard Reserve - TRPR Week 2 - 6/3-6/9,20190602,20190606,2550298543,"5lPeYgG72kM, GaO2oajp8SI, c-zkUxkm9lw, ltzxivhyXkE",US,YTR,Consideration,ALL,UNKNOWN,SP,7325,3586,0.2499293,3739,0.26825896,0.018329674,0.024437262,0,"$1,681,538.00 "
Reservation Campaign,Reservation Campaign,89835260,1006649 - Pixel Bonito US Q2 2019 - TRPR Week 2 - GP - 6/3-6/9 ,20190602,20190605,2549731844,"5lPeYgG72kM, GENGlVE-gGg, GaO2oajp8SI, c-zkUxkm9lw, ltzxivhyXkE",US,YTR,Consideration,ALL,UNKNOWN,SP,7391,3662,0.27670145,3729,0.30142897,0.024727533,0.03418717,0,"$1,056,140.30 "
Reservation Campaign,Reservation Campaign,89835260,1006649 - Pixel Bonito US Q2 2019 - TRPR Week 2 - GP - 6/3-6/9 ,20190602,20190605,2549731844,"5lPeYgG72kM, GENGlVE-gGg, GaO2oajp8SI, c-zkUxkm9lw, ltzxivhyXkE",US,YTR,Purchase Intent,ALL,UNKNOWN,P,7319,3583,0.21172109,3736,0.21253671,0.000815607,0.001034668,0,"$1,056,140.30 "
Reservation Campaign,Reservation Campaign,89835259,1006649 - Pixel Bonito US Q2 2019 - Standard Reserve - TRPR Week 2 - 6/3-6/9,20190602,20190606,2550298543,"5lPeYgG72kM, GaO2oajp8SI, c-zkUxkm9lw, ltzxivhyXkE",US,YTR,Purchase Intent,ALL,UNKNOWN,P,7301,3554,0.19261166,3747,0.19403328,0.001421607,0.001760748,0,"$1,681,538.00 "
Reservation Campaign,Reservation Campaign,90765887,1006903 - Google Marketing - Q2 2019 - GP - US - Stadia,20190605,20190608,2547986776,,US,YTR,Brand Awareness,ALL,UNKNOWN,SP,7347,3653,0.14851509,3694,0.17136574,0.022850653,0.026836239,0,"$346,175.34 "
Reservation Campaign,Reservation Campaign,90765887,1006903 - Google Marketing - Q2 2019 - GP - US - Stadia,20190605,20190608,2547986776,,US,YTR,Consideration,ALL,UNKNOWN,SP,7238,3550,0.07999894,3688,0.08921372,0.009214779,0.010016053,0,"$346,175.34 "
Reservation Campaign,Reservation Campaign,90765887,1006903 - Google Marketing - Q2 2019 - GP - US - Stadia,20190605,20190608,2547986776,,US,YTR,Purchase Intent,ALL,UNKNOWN,SP,7306,3589,0.05533664,3717,0.06484262,0.009505984,0.010062828,0,"$346,175.34 "
Reservation Campaign,Reservation Campaign,43244888,1006903 - Google Marketing - Q2 2019 - GP - CA - Stadia - Direct,20190606,20190614,2552358407,,CA,YTR,Brand Awareness,ALL,UNKNOWN,SP,7119,3419,0.1459094,3700,0.16595447,0.020045077,0.023469498,0,"$142,063.73 "
Reservation Campaign,Reservation Campaign,43244888,1006903 - Google Marketing - Q2 2019 - GP - CA - Stadia - Direct,20190606,20190614,2552358407,,CA,YTR,Consideration,ALL,UNKNOWN,SP,7140,3461,0.07559602,3679,0.08563069,0.01003467,0.010855286,0,"$142,063.73 "
Reservation Campaign,Reservation Campaign,43244888,1006903 - Google Marketing - Q2 2019 - GP - CA - Stadia - Direct,20190606,20190614,2552358407,,CA,YTR,Purchase Intent,ALL,UNKNOWN,P,7129,3421,0.063867144,3708,0.06823867,0.004371523,0.004669768,0,"$142,063.73 "
Reservation Campaign,Reservation Campaign,96368770,1006903 - Google Marketing - GP - US - Stadia - DV360 Google Preferred,20190630,20190704,2562971909,,US,YTR,Ad Recall,ALL,UNKNOWN,SP,7576,3641,0.11860543,3935,0.1799335,0.061328072,0.06958073,0,"$225,350.60 "
Reservation Campaign,Reservation Campaign,96368735,1006903 - Google Marketing - GP - US - Stadia - YT TV ,20190630,20190709,2557067010,,US,YTR,Ad Recall,ALL,UNKNOWN,SP,7507,3647,0.11608224,3860,0.16347957,0.047397323,0.05362187,0,"$41,222.09 "
Reservation Campaign,Reservation Campaign,96282533,1006903 - Google Marketing - GP - CA - Stadia - DV360 Google Preferred,20190630,20190715,2563488220,,CA,YTR,Brand Awareness,ALL,UNKNOWN,SP,7510,3597,0.17893241,3913,0.22234917,0.043416753,0.052878417,0,"$17,396.45 "
Reservation Campaign,Reservation Campaign,96282533,1006903 - Google Marketing - GP - CA - Stadia - DV360 Google Preferred,20190630,20190715,2563488220,,CA,YTR,Consideration,ALL,UNKNOWN,P,7493,3572,0.08627975,3921,0.094119646,0.00783989,0.008580186,0,"$17,396.45 "
Reservation Campaign,Reservation Campaign,96368770,1006903 - Google Marketing - GP - US - Stadia - DV360 Google Preferred,20190630,20190704,2562971909,,US,YTR,Consideration,ALL,UNKNOWN,SP,7579,3689,0.0757284,3890,0.09486769,0.019139288,0.020707428,0,"$225,350.60 "
Reservation Campaign,Reservation Campaign,96368735,1006903 - Google Marketing - GP - US - Stadia - YT TV ,20190630,20190709,2557067010,,US,YTR,Consideration,ALL,UNKNOWN,SP,7533,3670,0.066056855,3863,0.09578726,0.029730404,0.031833205,0,"$41,222.09 "
Reservation Campaign,Reservation Campaign,55653570,Google Preferred_Programmatic_GSA JP Discovery Q3 2019 - GP Deal 1,20190630,20190716,2558641334,,JP,YTR,Consideration,ALL,UNKNOWN,P,7511,3683,0.15966278,3828,0.16380623,0.004143436,0.004930683,0,"$112,874.00 "
Reservation Campaign,Reservation Campaign,55653570,Google Preferred_Programmatic_GSA JP Discovery Q3 2019 - GP Deal 1,20190630,20190716,2558641334,,JP,YTR,Favorability,ALL,UNKNOWN,SP,7504,3669,0.17487213,3835,0.1890633,0.01419116,0.01719874,0,"$112,874.00 "
Reservation Campaign,Reservation Campaign,96368735,1006903 - Google Marketing - GP - US - Stadia - YT TV ,20190630,20190709,2557067010,,US,YTR,Purchase Intent,ALL,UNKNOWN,P,7545,3694,0.061015107,3851,0.066739395,0.005724288,0.006096251,0,"$41,222.09 "
Reservation Campaign,Reservation Campaign,96368770,1006903 - Google Marketing - GP - US - Stadia - DV360 Google Preferred,20190630,20190704,2562971909,,US,YTR,Purchase Intent,ALL,UNKNOWN,SP,7564,3695,0.061775878,3869,0.07418478,0.012408899,0.013225944,0,"$225,350.60 "
Reservation Campaign,Reservation Campaign,96282533,1006903 - Google Marketing - GP - CA - Stadia - DV360 Google Preferred,20190630,20190715,2563488220,,CA,YTR,Purchase Intent,ALL,UNKNOWN,N,7511,3610,0.0721056,3901,0.069989465,-0.002116134,-0.002280576,0,"$17,396.45 "
Reservation Campaign,Reservation Campaign,97649775,1005970 - Chromebook US Q3 2019 - TRPR - GP - NV ,20190707,20190726,2555664866,"dzqz0_-9pfE, yqfHkO_Lins",US,YTR,Consideration,ALL,UNKNOWN,P,4582,3034,0.3669259,1548,0.37210885,0.005182953,0.008186962,0,"$17,933.67 "
Reservation Campaign,Reservation Campaign,97649749,1005970 - Chromebook US Q3 2019 - TRPR - GP - PA,20190707,20190723,2556543090,"dzqz0_-9pfE, yqfHkO_Lins",US,YTR,Consideration,ALL,UNKNOWN,P,7297,3813,0.37483335,3484,0.37945947,0.004626122,0.007399822,0,"$37,937.06 "
Reservation Campaign,Reservation Campaign,97588093,1005970 - Chromebook US Q3 2019 - TRPR - GP - IN,20190707,20190720,2555660774,"dzqz0_-9pfE, yqfHkO_Lins",US,YTR,Consideration,ALL,UNKNOWN,SP,7401,3801,0.3679001,3600,0.43195495,0.06405484,0.101336576,0,"$36,505.10 "
Reservation Campaign,Reservation Campaign,97649773,1005970 - Chromebook US Q3 2019 - TRPR - GP - TN,20190707,20190718,2555660570,"dzqz0_-9pfE, yqfHkO_Lins",US,YTR,Consideration,ALL,UNKNOWN,SP,7442,3799,0.3673981,3643,0.42959225,0.062194124,0.09831479,0,"$30,524.63 "
Reservation Campaign,Reservation Campaign,97649774,1005970 - Chromebook US Q3 2019 - TRPR - GP - OH,20190707,20190718,2555661530,"dzqz0_-9pfE, yqfHkO_Lins",US,YTR,Consideration,ALL,UNKNOWN,SP,7388,3793,0.37223402,3595,0.43783754,0.06560354,0.10450318,0,"$40,533.33 "
Reservation Campaign,Reservation Campaign,97649750,1005970 - Chromebook US Q3 2019 - TRPR - GP - OR,20190707,20190716,2556220537,"dzqz0_-9pfE, yqfHkO_Lins",US,YTR,Consideration,ALL,UNKNOWN,SP,7359,3793,0.3590013,3566,0.3760572,0.017055903,0.026608327,0,"$43,250.07 "
Reservation Campaign,Reservation Campaign,97649775,1005970 - Chromebook US Q3 2019 - TRPR - GP - NV ,20190707,20190726,2555664866,"dzqz0_-9pfE, yqfHkO_Lins",US,YTR,Purchase Intent,ALL,UNKNOWN,N,4530,2939,0.30755362,1591,0.29542303,-0.01213059,-0.017518453,0,"$17,933.67 "
Reservation Campaign,Reservation Campaign,97588093,1005970 - Chromebook US Q3 2019 - TRPR - GP - IN,20190707,20190720,2555660774,"dzqz0_-9pfE, yqfHkO_Lins",US,YTR,Purchase Intent,ALL,UNKNOWN,SP,7423,3809,0.29359576,3614,0.3184901,0.02489433,0.035240915,0,"$36,505.10 "
Reservation Campaign,Reservation Campaign,97649750,1005970 - Chromebook US Q3 2019 - TRPR - GP - OR,20190707,20190716,2556220537,"dzqz0_-9pfE, yqfHkO_Lins",US,YTR,Purchase Intent,ALL,UNKNOWN,N,7438,3802,0.28686538,3636,0.27916577,-0.007699627,-0.010796878,0,"$43,250.07 "
Reservation Campaign,Reservation Campaign,97649749,1005970 - Chromebook US Q3 2019 - TRPR - GP - PA,20190707,20190723,2556543090,"dzqz0_-9pfE, yqfHkO_Lins",US,YTR,Purchase Intent,ALL,UNKNOWN,P,7201,3799,0.30275625,3402,0.31364954,0.010893276,0.015623339,0,"$37,937.06 "
Reservation Campaign,Reservation Campaign,97649774,1005970 - Chromebook US Q3 2019 - TRPR - GP - OH,20190707,20190718,2555661530,"dzqz0_-9pfE, yqfHkO_Lins",US,YTR,Purchase Intent,ALL,UNKNOWN,P,7432,3814,0.30437127,3618,0.3142796,0.009908332,0.014243706,0,"$40,533.33 "
Reservation Campaign,Reservation Campaign,97649773,1005970 - Chromebook US Q3 2019 - TRPR - GP - TN,20190707,20190718,2555660570,"dzqz0_-9pfE, yqfHkO_Lins",US,YTR,Purchase Intent,ALL,UNKNOWN,SP,7443,3803,0.29490957,3640,0.31127203,0.016362462,0.02320619,0,"$30,524.63 "
Reservation Campaign,Reservation Campaign,116402566,1006165 - Google Assistant - Q3 2019 - GP - US - Android,20190714,20190724,2569100873,,US,YTR,Brand Awareness,ALL,UNKNOWN,SP,4540,2528,0.6256065,2012,0.66200775,0.036401227,0.09722718,0,"$26,296.59 "
Reservation Campaign,Reservation Campaign,116402566,1006165 - Google Assistant - Q3 2019 - GP - US - Android,20190714,20190724,2569100873,,US,YTR,Consideration,ALL,UNKNOWN,SP,3994,2191,0.3167798,1803,0.3865909,0.06981111,0.10217952,0,"$26,296.59 "
Reservation Campaign,Reservation Campaign,116402566,1006165 - Google Assistant - Q3 2019 - GP - US - Android,20190714,20190724,2569100873,,US,YTR,Purchase Intent,ALL,UNKNOWN,SP,4665,2571,0.32033432,2094,0.4312421,0.1109078,0.16317993,0,"$26,296.59 "
Reservation Campaign,Reservation Campaign,132368294,1006903 - Google Marketing - GP - US - Stadia - DV360 Google Preferred - New BLS,20190801,20190804,2579710937,,US,YTR,Brand Awareness,ALL,UNKNOWN,SP,7564,3675,0.1642217,3889,0.22705948,0.06283777,0.07518474,0,"$270,627.28 "
Reservation Campaign,Reservation Campaign,132368334,1006903 - Google Marketing - GP - US - Stadia - YT TV - New BLS ,20190801,20190809,2580032633,,US,YTR,Brand Awareness,ALL,UNKNOWN,SP,7527,3691,0.17071496,3836,0.23409992,0.063384965,0.07643326,0,"$39,526.54 "
Reservation Campaign,Reservation Campaign,132368294,1006903 - Google Marketing - GP - US - Stadia - DV360 Google Preferred - New BLS,20190801,20190804,2579710937,,US,YTR,Consideration,ALL,UNKNOWN,SP,7589,3739,0.078464165,3850,0.11221331,0.033749152,0.03662272,0,"$270,627.28 "
Reservation Campaign,Reservation Campaign,132368334,1006903 - Google Marketing - GP - US - Stadia - YT TV - New BLS ,20190801,20190809,2580032633,,US,YTR,Consideration,ALL,UNKNOWN,SP,7511,3672,0.082894415,3839,0.10238003,0.019485613,0.02124686,0,"$39,526.54 "
Reservation Campaign,Reservation Campaign,132368294,1006903 - Google Marketing - GP - US - Stadia - DV360 Google Preferred - New BLS,20190801,20190804,2579710937,,US,YTR,Purchase Intent,ALL,UNKNOWN,SP,7516,3665,0.064295374,3851,0.08725726,0.022961883,0.02453967,0,"$270,627.28 "
Reservation Campaign,Reservation Campaign,132368334,1006903 - Google Marketing - GP - US - Stadia - YT TV - New BLS ,20190801,20190809,2580032633,,US,YTR,Purchase Intent,ALL,UNKNOWN,SP,7518,3668,0.064161904,3850,0.08312339,0.018961493,0.02026151,0,"$39,526.54 "
